SR_CODE,EQP_NM,HNDHL_DP,STTUS_GRAD,LC_DC,INSTL_DE,LNG,LAT,ALT
R,HH야탑-0263-1,1.7,A,성남시 분당구 야탑3동 265지번 건영빌라 920동 앞 녹지,20100331,127.1415063,37.4090833,51.62
R,HH정자-0009-1,0.4,A,성남시 분당구 정자동 109-2지번 한솔마을 청구APT 내 청구코아 상가 밑 보증보도,20180806,127.1211721,37.3640168,72.977
R,HH정자-0645-1,0.5,A,성남시 분당구 정자동 106-3지번 한솔마을 LGAPT 207동 앞 보증보도,20040930,127.1212086,37.3661974,65.176
S,HH정자-0646-1,0.6,A,성남시 분당구 정자동 108지번 한솔마을 LGAPT 207동 옆 보증보도,20140303,127.1214005,37.3661264,65.35
R,HH여수-0463-1,0.5,A,성남시 중원구 여수동 218번지 성남시청 정문 맞은편 다가구 주택 앞 도로,20100324,127.1260639,37.4187238,26.07
R,HH금곡-0246-2,2.2,A,성남시 분당구 금곡동 132지번 청솔마을 동아10단지아파트 1002동 뒤 녹지(단지 밖),20170810,127.1163436,37.3527148,46.566
R,HH구미-0276-1,0.5,A,성남시 분당구 구미동 29-2번지 성음교회 옆 보도,20010430,127.1108041,37.349472,53.73
R,HH야탑-0265-2,1.0,A,성남시 분당구 야탑동 264-1번지 포레스트하우스 뒤편 모퉁이 보도(은학의집 인근),20140805,127.1433968,37.4096998,58.05
R,HH야탑-0452-1,0.9,A,성남시 분당구 야탑동 486번지 종합운동장 매표소 앞 광장,20100324,127.1226446,37.4096662,28.085
S,HH이매-0016-1,2.2,B,성남시 분당구 이매동 122번지 이매촌 금강아파트105동 뒤 녹지(테니스장 옆),20060331,127.1240454,37.3910784,34.91
S,HH야탑-0187-4,0.6,A,성남시 분당구 야탑동 330번지 코오롱APT 관리사무실 앞 도로,20080331,127.12703,37.4152383,30.28
S,HH여수-0462-2,0.7,A,성남시 중원구 여수동 200번지 성남시청 정문옆 국기계양대 택시정류소 도로,20100324,127.1263141,37.4188427,26.1
S,HH야탑-0188-1,1.0,A,성남시 분당구 야탑1동 333번지 야탑 초등학교 뒤,20080331,127.1258321,37.4166472,30.08
S,HH서현-0626-1,0.6,A,성남시 분당구 서현동 319번지 효자촌 양영 초등학교 뒤 창고 옆 보도,20080331,127.1403133,37.3745663,51.19
R,HH야탑-0313-1,1.4,A,성남시 분당구 야탑동 215번지 매화2단지APT215동분리수거함앞,20060331,127.1348589,37.4139242,37.64
S,HH정자-0083-1,1.0,B,성남시 분당구 정자동 88번지 느티마을 안촌유치원 뒷문 옆 녹지,19951231,127.1119273,37.3684535,42.8933
S,HH정자-0604-1,0.5,A,성남시 분당구 정자동 88번지 느티마을 3단지 안촌유치원 내 녹지,20100331,127.1118666,37.3683352,43.15
S,HH정자-0077-1,1.0,A,성남시 분당구 정자동 91-2 느티마을 3단지~4단지 사이 보증 보도 화단,20180806,127.1124415,37.3679116,41.584
R,HH수내-0326-2,1.2,A,성남시 분당구 수내동 123-2지번 푸른마을 수내중학교 정문 옆 보증보도,20140805,127.1263956,37.3697536,59.8
S,HH정자-0013-1,1.7,A,성남시 분당구 정자동 111지번 한솔마을 LGAPT 208동 뒤 도로,20180806,127.1203447,37.3654204,67.129
S,HH정자-0005-1,2.0,A,성남시 분당구 정자동 110지번 한솔마을 청구APT 내 꿈나무유치원 옆 녹지,20180806,127.1212647,37.3650281,69.124
R,HH야탑-0226-1,0.8,A,성남시 분당구 야탑2동 540-1지번 야탑역 4거리 농협 앞 녹지 조경안쪽(돌마초교 인근),20100331,127.1290953,37.4096211,30.62
R,HH야탑-0233-1,0.9,A,성남시 분당구 야탑동 514-4지번 프리아 오피스텔 입구 좌측 보도(돌마초교 인근),20020430,127.130713,37.4096514,32.41
S,HH야탑-0455-2,1.5,A,성남시 분당구 야탑동 514-4지번 프리아 오피스텔 좌측 놀이터앞 우측 보도,19931231,127.1308258,37.4096263,32.41
R,HH서현-0061-1,1.0,A,성남시 분당구 서현동 308번지 서현2동 그린타운 LG아파트 내 623동 뒤 인도,20081031,127.1355644,37.3718141,55.4512
R,HH정자-0185-2,1.4,A,성남시 분당구 정자동 211번지 이마트 출구 옆 보도,20060331,127.1192898,37.3584031,67.986
R,HH정자-0186-1,1.2,B,성남시 분당구 정자동 211번지 이마트 옆 녹지,19951231,127.1193719,37.3584945,70.85
R,HH구미-0351-1,1.2,A,성남시 분당구 구미동 112번지 613동 옆 녹지,20100331,127.1133569,37.3452167,54.28
S,HH분당-0024-1,0.8,A,성남시 분당구 분당동 138번지 월드메르디앙빌라 옆 횡단보도,20150805,127.1439295,37.370323,62.325
S,HH야탑-0209-1,1.5,B,성남시 분당구 야탑1동 367-4번지 세신빌딩(국민은행) 옆 보증보도(BYC 라인),19931231,127.1290225,37.4103605,30.45
R,HH야탑-0213-1,1.3,A,성남시 분당구 야탑1동 366-7지번 한주빌딩 옆 보도,20100331,127.1303126,37.4104106,35.62
R,HH야탑-0210-1,1.2,A,성남시 분당구 야탑1동 387-5지번 에쿠우스호텔 입구,20060331,127.1299886,37.410426,34.29
S,HH야탑-0396-1,1.3,A,성남시 분당구 야탑동 367-6지번 노블리치오피스텔 B동 앞 인도,20040331,127.1302142,37.4103158,34.52
S,HH야탑-0395-1,1.3,B,성남시 분당구 야탑동 367-6지번 노블리치 오피스텔A동 주차장 입구 도로,20040331,127.1298176,37.4103382,33.63
R,HH수내-0354-1,1.6,A,성남시 분당구 수내동 54 파크타운 내정중학교 후문 옆 도로,20100331,127.1197101,37.371143,46.1142
R,HH정자-0003-1,1.0,A,성남시 분당구 정자동 110지번 한솔마을 청구APT 102동 옆 도로,19951231,127.1224177,37.36397,78.75
R,HH금곡-0215-1,1.0,A,성남시 분당구 금곡동 176번지 솔빛유치원 텃밭,20140805,127.1077257,37.3530734,53.46
S,HH구미-0349-1,0.5,A,성남시 분당구 구미동 120 하얀마을복지회관 옆 도로,20160510,127.1120663,37.3445173,54.059
S,HH구미-0355-1,0.8,A,성남시 분당구 구미동 121번지 관리사무소 앞 보도(기계실 입구),20100331,127.113658,37.3442133,54.706
S,HH여수-0491-1,1.2,A,성남시 중원구 여수동 601번지 2단지 APT 401동편 보도,20121025,127.134861,37.4188279,37.099
S,HH금곡-0254-4,1.5,A,성남시 분당구 금곡동 141번지 정문차단기 옆,20081031,127.113347,37.3512518,51.22
R,HH금곡-0258-1,1.0,A,성남시 분당구 금곡동 154번지 미금역 우방코아 와 미금프라자 사이,19951231,127.1102335,37.3503249,53.84
S,HH금곡-0257-1,1.0,A,성남시 분당구 금곡동 157번지 미금역 2번출구 금산잼월드 앞 보도,20150805,127.1096815,37.3502292,53.365
S,HH구미-0342-1,0.7,A,성남시 분당구 구미동 144-1번지 제2조합상가 앞 보도,19970731,127.1111653,37.3457395,56.091
R,HH금곡-0200-1,0.9,A,성남시 분당구 금곡동 180번지 화인유천2단지 아파트 202동 옆 주영교회 현관,19951231,127.1063696,37.3548163,49.02
S,HH구미-0395-1,1.0,B,성남시 분당구 구미동 185-3지번 오리역 하나프라자빌딩 주차장 입구 앞 도로,19951231,127.1095944,37.3387586,53.327
S,HH성남-0516-1,1.0,A,성남시 중원구 성남동 4774번지 모란시장엔드캡자리,20170810,127.1281283,37.4295372,25.812
R,HH야탑-0131-1,1.6,A,성남시 분당구 야탑2동 535번지 탑마을대우아파트206동아이미소어린이집내,20100331,127.1208693,37.4067974,32.6511
S,HH야탑-0132-4,0.4,A,성남시 분당구 야탑2동 535번지 탑마을대우아파트206동앞아이미소어린이집,19931231,127.1209281,37.4068211,32.64
S,HH금곡-0194-1,1.0,B,성남시 분당구 금곡동 181번지 상가 앞 데크아래,19951231,127.1070601,37.3565298,44.7072
S,HH금곡-0197-2,0.6,A,성남시 분당구 금곡동 19번지 108동 앞 보도,20020430,127.1059318,37.3554653,46.567
R,HH분당-0030-1,0.9,A,성남시 분당구 분당동 90-1번지 태현공원 앞 한일빌딩 홈플러스 앞 도로,20150805,127.1436584,37.370294,62.368
S,HH분당-0027-1,1.4,A,성남시 분당구 분당동 114번지 장안중학교 내 인도,20100331,127.1464388,37.3716591,72.3946
S,HH수내-0320-1,0.8,A,성남시 분당구 수내동 77지번 푸른마을 쌍용APT 610동 옆 녹지,20160804,127.124642,37.3667272,67.427
S,HH야탑-0317-1,0.2,A,성남시 분당구 야탑동 201번지 매화마을주공1단지A관리사무소후문우측녹지,20060331,127.1353696,37.4156324,35.18
R,HH야탑-0319-1,0.6,A,성남시 분당구 야탑동 201번지 매화마을주공1단지A101동옆녹지,20100331,127.1342995,37.4161973,34.68
S,HH야탑-0316-1,1.3,A,성남시 분당구 야탑동 201번지 매화주공1단지106동옆상가뒤보도,20060331,127.1342855,37.415459,34.34
R,HH야탑-0326-1,2.0,B,성남시 분당구 야탑동 205번지 매화마을 주공3단지APT 301동 앞 4차선 도로,20140805,127.1380539,37.415191,35.48
R,HH수내-0621-6,0.6,B,성남시 분당구 수내동 82지번 푸른마을 분당소방서 수내119안전센터 뒤 보도,19931231,127.1226419,37.3674483,59.0
R,HH수내-0356-1,0.2,A,성남시 분당구 수내동 51 파크타운 내정초등학교 옆 보도,20100331,127.1221319,37.3735728,44.401
R,HH금곡-0198-1,1.6,A,성남시 분당구 금곡동 181번지 한별유치원 옆 녹지,20100331,127.1067404,37.3551636,48.93
S,HH이매-0008-1,1.3,A,성남시 분당구 이매동 117번지 이매촌 동신아파트 309동 옆 공원 앞 보도,20081031,127.1256158,37.3901517,34.94
S,HH이매-0009-1,0.4,A,성남시 분당구 이매동 123번지 이매촌 청구아파트 세븐일레븐편의점앞 횡단보도내,20170810,127.1261384,37.3908208,34.002
S,HH수내-0365-1,1.5,A,성남시 분당구 수내동 51 파크타운 대림APT 101동 옆 녹지,20100331,127.1222837,37.3745811,45.16
S,HH금곡-0220-1,0.7,A,성남시 분당구 금곡동 177번지 청솔마을 서광영남아파트 입구 머릿돌 앞 보도,20120331,127.108022,37.3514327,104.785
R,HH야탑-0275-1,0.1,A,성남시 분당구 야탑동 272-5지번 야탑상가 입구 앞 보증보도(3동사무소 인근),20040331,127.1386675,37.4114079,48.95
S,HH야탑-0411-1,0.5,A,성남시 분당구 야탑1동 366-3번지 서일빌딩 주차장 입구 도로(BYC 라인),20050614,127.1295573,37.4110544,30.83
R,HH정자-0053-1,1.3,A,성남시 분당구 정자동 112지번 한솔마을주공APT 5단지 테니스장 옆 녹지,20180806,127.1186648,37.3645734,67.613
S,HH야탑-0399-1,0.6,A,성남시 분당구 야탑동 264-3지번 삼정바움하우스 정문 우측 보도(은학의집 인근),20040331,127.1419175,37.4087908,47.93
R,HH야탑-0402-1,0.4,A,성남시 분당구 야탑동 188번지 SK뷰 아파트 입구 우측보도,20040331,127.1451396,37.4128214,47.93
R,HH도촌-0507-1,0.7,A,성남시 중원구 도촌동 578번지 정가오피스텔 앞 도로(놀부본사 인근),20170810,127.1510908,37.4154381,50.597
S,HH정자-0178-1,0.3,A,성남시 분당구 정자동 255-5지번 정든마을 우성APT 6단지 신양유치원 앞 보증보도,20100331,127.1212583,37.3605393,79.01
R,HH정자-0175-1,0.8,B,성남시 분당구 정자동 198지번 정든마을 우성APT 6단지 신양유치원 내 옆 녹지,19951231,127.1212898,37.3615008,78.94
R,HH야탑-0272-1,0.1,A,성남시 분당구 야탑동 265지번 동신빌라 903동 옆 도로,20100331,127.1391462,37.410013,46.95
S,HH야탑-0134-2,0.9,A,성남시 분당구 야탑2동 536번지 선경 APT 내 늘사랑 유치원 앞,20100331,127.1232104,37.4071275,30.1429
R,HH야탑-0135-1,0.7,A,성남시 분당구 야탑2동 536번지 탑마을선경아파트105동옆늘사랑유치원뒤,20100331,127.1233773,37.4073596,31.15
S,HH구미-0465-2,0.4,A,성남시 분당구 구미동 213번지 놀이터 밖 보도,19951231,127.1189261,37.3368972,64.811
S,HH도촌-0467-1,0.6,A,성남시 중원구 도촌동 700번지 섬마을 휴먼시아1단지APT 105동 4호라인 녹지,20110315,127.1472882,37.4143921,44.855
S,HH야탑-0254-1,2.0,A,성남시 분당구 야탑동 166번지 주공1단지APT107동앞쉼터우측보도,20100331,127.1394111,37.4087665,43.32
S,HH수내-0355-1,1.9,A,성남시 분당구 수내동 51 파크타운 대림APT 104동 놀이터 옆 담밑 녹지,20100331,127.1234988,37.3734962,45.0
R,HH분당-0682-2,0.5,A,성남시 분당구 분당동 65-6지번 주택단지 내 진로빌라 맞은편 도로,20150805,127.1344218,37.3697693,59.126
S,HH야탑-0101-1,2.0,A,성남시 분당구 야탑2동 511번지 타워빌A3단지입구경비실뒤 녹지,20100331,127.1270712,37.4092443,31.09
R,HH금곡-0261-1,0.3,A,성남시 분당구 금곡동 150번지 미금파크빌딩 앞 보도,20000331,127.1118117,37.3506746,51.942
S,HH이매-0013-1,1.4,A,성남시 분당구 이매동 122번지 이매촌 금강아파트101동 주차장앞 화단,20081031,127.1237463,37.3894551,34.7988
R,HH금곡-0217-1,0.9,A,성남시 분당구 금곡동 177번지 영남아파트 102동 옆 녹지,20100331,127.1075827,37.3521373,52.1918
R,HH수내-0572-1,1.2,A,성남시 분당구 수내동 4-2지번 수내역 두산위브센티움1동 입구 앞 보도,20040530,127.1164231,37.3809578,36.37
S,HH수내-0422-1,0.7,A,성남시 분당구 수내동 4-1지번 수내역 성옥빌딩 옆 보도,19970731,127.1163588,37.3814142,35.92
S,HH수내-0488-1,0.5,A,"성남시 분당구 수내동 13-4 수내역 랜드로버,재규어(자동차매장) 앞 보증보도",20160510,127.1152797,37.3792559,35.621
S,HH야탑-0302-1,1.8,A,성남시 분당구 야탑동 211번지 매화마을주공4단지아파트관리사무소우측녹지,20060331,127.1416801,37.41359,43.48
S,HH야탑-0271-3,1.1,B,성남시 분당구 야탑동 265번지 265 동신빌라 908동 옆 녹지,19951231,127.1392506,37.4099189,47.63
S,HH야탑-0272-1,0.1,A,성남시 분당구 야탑동 265지번 동신빌라 903동 옆 도로,20100331,127.139142,37.410014,46.95
S,HH이매-0007-1,1.1,B,성남시 분당구 이매동 117번지 이매촌 동신아파트 303동 옆 벽면 화단,20060331,127.1276467,37.3899168,37.24
S,HH이매-0006-1,0.5,A,성남시 분당구 이매동 117번지 이매촌 동신아파트 308동 옆 그네 앞,20081031,127.1265936,37.3898315,37.09
S,HH이매-0018-3,0.1,B,성남시 분당구 이매동 120-6번지 새남서울프라자 우리은행앞,19931231,127.1261002,37.3909953,35.01
R,HH수내-0366-1,0.7,A,성남시 분당구 수내동 51 파크타운 대림APT 107동 옆 녹지,20100331,127.1206458,37.3736326,44.52
S,HH정자-0131-1,0.5,A,성남시 분당구 정자동 205번지 옆 주차장 내,20060331,127.1115163,37.3596562,50.429
R,HH정자-0132-2,1.1,A,성남시 분당구 정자동 235번지 주택전시관,20140805,127.1117542,37.3588441,56.631
R,HH정자-0147-1,0.7,B,성남시 분당구 정자동 14-1지번 정자역 동양파라곤아파트 103동~104동 옆 보도,20040531,127.117244,37.3581059,74.14
R,HH정자-0148-1,1.5,B,성남시 분당구 정자동 207지번 계원예고 뒤 녹지 인입,20120331,127.1161136,37.3585574,70.824
S,HH서현-0239-2,1.0,A,성남시 분당구 서현동 255-2번지 서현역 분당재생병원 본관 뒤 녹지,20140805,127.1222065,37.3882657,34.64
R,HH야탑-0323-1,0.6,A,성남시 분당구 이매동 203번지 야탑소방서 우측 주차장 담옆,19931231,127.1361081,37.4163999,35.43
R,HH야탑-0320-1,1.3,A,성남시 분당구 야탑동 201번지 매화마을주공1단지A103동뒤조경석위,20100331,127.1353672,37.4162478,35.75
S,HH야탑-0501-1,1.5,A,성남시 분당구 야탑3동 175-5번지 은성B/D앞 보도(차량등록소 인근 빌라촌),20140805,127.146465,37.4069021,54.61
R,HH야탑-0363-1,1.2,A,성남시 분당구 야탑3동 176번지 목련마을 성환빌라 201동 옆 보증보도,20180806,127.1474976,37.4075872,58.874
S,HH야탑-0351-1,1.3,A,성남시 분당구 야탑3동 176번지 목련마을 성환빌라 207동 3라인 앞 녹지,20100331,127.1467075,37.4080544,60.72
R,HH수내-0423-1,0.6,B,성남시 분당구 수내동 9-3지번 수내역 도담빌딩 주차장 입구 앞 도로,19970731,127.1155833,37.3800523,36.58
S,HH수내-0421-1,0.4,B,성남시 분당구 수내동 9-1지번 수내역 SKT 입구 옆 보도,19980930,127.1164058,37.3807164,36.4615
S,HH수내-0416-1,0.3,B,성남시 분당구 수내동 4-4지번 수내역 경동빌딩 앞 보도,19980930,127.1172403,37.3806685,36.89
R,HH정자-0041-1,0.5,A,성남시 분당구 정자동 117지번 한솔마을 주공APT 5단지 관리사무소 뒤 보도,20180806,127.1171359,37.365349,64.825
R,HH야탑-0321-1,2.0,A,성남시 분당구 야탑동 201번지 매화마을주공1단지A103동뒤녹지,20060331,127.1354857,37.4162611,36.5639
S,HH수내-0362-2,1.6,A,성남시 분당구 수내동 55지번 파크타운 롯데APT 130동 옆 녹지,20080331,127.119573,37.3714259,46.31
S,HH이매-0003-2,0.5,A,성남시 분당구 이매동 124번지 이매촌 한신아파트 204동 옆 녹지,20170810,127.1253001,37.3880072,35.466
R,HH구미-0292-1,1.0,A,성남시 분당구 구미동 63번지 402동 옆 놀이터,20100331,127.1121706,37.346032,53.58
R,HH구미-0295-1,0.7,A,성남시 분당구 구미동 68번지 건물 뒤 주차장,20020430,127.1154698,37.3475846,51.505
S,HH야탑-0264-1,1.0,B,성남시 분당구 야탑3동 264-2번지 성남세관청 내 좌측 녹지(은학의집 인근),19931231,127.1428151,37.4092064,53.57
S,HH성남-0497-2,0.4,A,성남시 중원구 성남동 4764번지 성남모란시장 입구 성남대로 도로 5차선,20121025,127.1292476,37.4295874,27.864
R,HH야탑-0274-1,0.8,A,성남시 분당구 야탑동 267지번 대창빌라 804동 옆 보도,20100331,127.1394156,37.4106268,51.88
R,HH야탑-0269-1,0.2,A,성남시 분당구 야탑동 265지번 건영빌라 915동 앞 도로,20100331,127.140626,37.4097684,54.89
S,HH야탑-0433-1,0.5,A,성남시 분당구 야탑동 265지번 건영빌라 915동 상가앞 보도,20080331,127.1406126,37.4100479,54.16
R,HH성남-0519-1,1.0,A,성남시 중원구 성남동 4545번지 모란시장 성남여수LH 1단지APT 관리사무실 뒤 보도,20170810,127.1258666,37.4312933,25.254
R,HH성남-0518-1,1.3,A,성남시 중원구 성남동 4545번지 모란시장 성남여수LH 1단지APT 104동 뒤 보도,20170810,127.1253049,37.4306134,24.497
R,HH구미-0335-1,0.6,B,성남시 분당구 구미동 147번지 한전박스 앞 보도,19951231,127.1097756,37.3447063,59.369
S,HH구미-0354-1,1.0,A,성남시 분당구 구미동 112번지 601동 옆 녹지,20100331,127.1142932,37.3456407,54.2
R,HH야탑-0179-1,0.7,A,성남시 분당구 야탑1동 330번지 장미마을 동부코오롱APT 120동 옆 인도,20100331,127.1238628,37.4144557,24.0
S,HH야탑-0145-1,0.5,A,성남시 분당구 야탑1동 349번지 분당 보건소 옆 도로,20190510,127.1244524,37.4113403,27.698
S,HH서현-0191-4,0.7,B,성남시 분당구 서현동 265-5번지 서현역 국민은행 앞 보도,19951130,127.1221112,37.383257,34.556
R,HH야탑-0416-1,0.5,A,성남시 분당구 야탑동 219-1번지 아델파크 오피스텔 좌측 앞 보도,20050614,127.1434823,37.4127342,47.22
S,HH구미-0281-1,1.0,B,성남시 분당구 구미동 33 구미교회 주차장 옆 화단매립,19951231,127.1117886,37.3491241,52.444
S,HH구미-0280-1,0.1,B,성남시 분당구 구미동 29-2번지 성음교회 옆 통행로,19951231,127.1111281,37.3491375,53.635
R,HH구미-0274-1,1.2,A,성남시 분당구 구미동 23-1번지 분당프라자 현대프라자 사이 보도,20020430,127.1098722,37.3496267,54.025
R,HH수내-0368-1,0.2,A,성남시 분당구 수내동 58-3~4 파크타운 서기빌딩~원전빌딩 사이 골목,19980930,127.1199549,37.3733029,41.349
S,HH수내-0367-6,0.8,B,성남시 분당구 수내동 58-4지번 파크타운 서기빌딩 앞 보도,19931231,127.1201203,37.3732556,41.48
R,HH수내-0381-6,1.3,B,성남시 분당구 수내동 36지번 양지마을 청구APT 209동 옆 상가 뒤,19931231,127.1200342,37.3753506,40.52
R,HH구미-0344-1,0.7,B,성남시 분당구 구미동 144-3번지 큰나무정형외과 앞 보도,19980930,127.1115874,37.3457264,54.059
S,HH구미-0343-1,0.8,A,성남시 분당구 구미동 144-2 하얀마을 구구빌딩 앞 보도,19980930,127.1113597,37.3457313,56.379
S,HH정자-0176-2,0.3,A,성남시 분당구 정자동 255-5지번 정든마을 우성APT 6단지 신양유치원 앞 보증보도,20100331,127.1212899,37.3611276,78.15
R,HH정자-0170-1,1.4,A,성남시 분당구 정자동 141 정든마을 동아APT 102동 앞 놀이터 내,20100331,127.1198035,37.3600492,72.131
R,HH야탑-0411-1,0.5,A,성남시 분당구 야탑1동 366-3번지 서일빌딩 주차장 입구 도로(BYC 라인),20050614,127.1295568,37.4110496,30.83
S,HH야탑-0413-1,0.8,A,성남시 분당구 야탑동 366-4번지 글라스타워 스타벅스 앞 도로(BYC 라인),20050614,127.129561,37.4107723,31.4287
R,HH구미-0294-1,1.3,A,성남시 분당구 구미동 66번지 302동 앞 화단,20100331,127.114853,37.3488341,51.165
S,HH구미-0306-1,0.4,A,성남시 분당구 구미동 75번지 106동 뒤 녹지,19951231,127.1182415,37.3520685,51.5706
R,HH구미-0305-1,1.2,A,성남시 분당구 구미동 77번지 106동 옆 보증보도,20081031,127.1175237,37.3515669,48.106
R,HH구미-0308-1,1.3,A,성남시 분당구 구미동 82번지 101동 앞 녹지,20020430,127.1184893,37.3502104,48.821
R,HH구미-0307-1,1.8,A,성남시 분당구 금곡동 80번지 가동 옆 화단 내,20080331,127.1183735,37.3507428,49.65
S,HH야탑-0279-1,0.6,A,성남시 분당구 야탑동 300지번 한국유치원내 녹지(3동사무소 인근),19980930,127.1364711,37.4112884,56.22
S,HH구미-0350-1,1.0,A,성남시 분당구 구미동 112번지 관리사무소 옆 녹지,20100331,127.1136445,37.3451217,54.36
S,HH야탑-0475-1,0.5,A,성남시 분당구 야탑3동 223지번 은학의 집 앞 도로,20110315,127.1423531,37.4103062,61.015
R,HH이매-0106-1,1.5,A,성남시 분당구 이매동 132번지 아름마을 건영 한성 아파트 206동 앞,20081031,127.1218231,37.4029745,31.58
S,HH구미-0304-2,2.0,A,성남시 분당구 구미동 77번지 106동 옆 녹지,20081031,127.1175865,37.3513917,51.23
S,HH수내-0393-1,2.0,A,성남시 분당구 수내동 56 파크타운 대림APT 139동 옆 녹지,20100331,127.1210383,37.3729257,43.11
S,HH야탑-0259-1,1.6,A,성남시 분당구 야탑동 166번지 목련마을 주공1단지APT 104동 앞 주차장,20060331,127.1415692,37.4079265,46.36
R,HH구미-0522-1,0.5,B,성남시 분당구 구미동 293지번 무지개마을 청구빌라 803동 옆 도로,19980930,127.1260988,37.3447883,102.28
S,HH야탑-0285-3,0.5,A,성남시 분당구 야탑동 217번지 매화마을청구빌라605동놀이터옆보도,20100331,127.1404836,37.4119184,51.1858
R,HH야탑-0296-1,2.2,A,성남시 분당구 야탑동 217번지 매화마을청구빌라603동길건너중탑사거리보도,20100331,127.1384621,37.412947,45.56
R,HH야탑-0324-2,1.1,A,성남시 분당구 야탑동 201번지 매화마을주공1단지A105동담밖보도(예광교회건너),20100331,127.1368959,37.4157332,36.69
R,HH수내-0627-6,2.0,B,성남시 분당구 수내동 124-2지번 푸른마을 수내초등학교 옆 녹지,19931231,127.1241061,37.368095,63.7
S,HH정자-0191-2,0.8,A,성남시 분당구 정자동 181번지 408동 뒤 녹지,20100331,127.1075579,37.3568073,46.32
S,HH이매-0014-1,1.2,A,성남시 분당구 이매동 122번지 이매촌 금강아파트106동 옆 하은유치원 놀이터내,20081031,127.1247501,37.3904728,34.95
S,HH야탑-0266-2,0.0,A,성남시 분당구 야탑동 264-1지번 포레스트하우스 대지 경계안쪽 보도 밑(매립)(은학의집 인근),19931231,127.1423638,37.4096385,57.45
S,HH여수-0503-1,0.6,A,성남시 중원구 여수동 182번지 성남시청앞금담빌딩뒤보도,20140930,127.1277417,37.4184514,28.505
R,HH여수-0458-2,0.9,A,성남시 중원구 여수동 200번지 성남시청 정문 건너편 도로(성남시청 인근),20100324,127.1278003,37.4187373,27.642
R,HH구미-0380-2,0.4,A,성남시 분당구 구미동 172번지 담장 밖 보도,19951231,127.1047767,37.3398184,58.302
R,HH정자-0630-1,0.6,B,성남시 분당구 정자동 96-2 정자역 아이파크 2단지 입구 옆 도로,20040331,127.1052769,37.3702934,42.38
S,HH분당-0043-1,1.0,A,성남시 분당구 분당동 95번지 건영연립 202동 옆 녹지,20100331,127.1456935,37.3723278,66.94
R,HH구미-0277-2,1.0,B,성남시 분당구 구미동 25-1번지 엘레강스프라자 B동 옆,19970731,127.1111183,37.3495495,53.333
R,HH정자-0098-1,0.7,A,성남시 분당구 정자동 98-3지번 정자역 노비오스호텔 주차장 앞 도로,20000331,127.1069518,37.3669033,43.27
R,HH수내-0394-1,0.8,A,성남시 분당구 수내동 24지번 양지마을 한양APT 관리사무소(분당고 옆) 옆 보도,20140805,127.1148857,37.3752971,38.97
S,HH여수-0461-2,0.6,A,성남시 중원구 여수동 196번지 TLI아트센타앞도로(성남시청인근),20100324,127.1271825,37.4180391,27.049
S,HH야탑-0183-1,1.0,A,성남시 분당구 야탑1동 330번지 동부코오롱APT 135동과136동사이,20080331,127.123701,37.4159771,29.64
S,HH구미-0617-1,0.1,A,성남시 분당구 구미동 271번지 오르막 차도,20071231,127.1281484,37.3417993,109.921
R,HH야탑-0202-2,0.8,A,성남시 분당구 야탑동 360-4번지 궁전프라자 주차장 입구,20140805,127.1294763,37.413173,30.44
R,HH야탑-0479-1,0.6,B,성남시 분당구 야탑1동 361-4번지 탑B/D 앞 도로(BYC 인근),20100324,127.1295565,37.4126392,30.066
R,HH여수-0457-2,1.1,A,성남시 중원구 여수동 200번지 성남시청 건너편 성남대로 여수지구 육교밑,20100324,127.1291242,37.4190524,30.275
R,HH여수-0503-1,0.6,A,성남시 중원구 여수동 182번지 성남시청앞금담빌딩뒤보도,20140930,127.1277379,37.4184486,28.483
S,HH구미-0341-1,0.7,A,성남시 분당구 구미동 145-4번지 대우종합상가 옆 보도,19970731,127.1108489,37.3457065,57.361
R,HH도촌-0468-1,2.0,A,성남시 중원구 도촌동 700번지 섬마을 휴먼시아1단지APT 113동 뒤 운동기구 앞 녹지,20110315,127.1470203,37.4128491,43.769
S,HH금곡-0208-1,1.3,A,성남시 분당구 금곡동 180번지 204동 뒤 녹지,20100331,127.108031,37.3544735,49.26
R,HH금곡-0212-1,1.0,B,성남시 분당구 금곡동 200번지 앞 보도,19951231,127.1059075,37.3527766,49.518
R,HH야탑-0205-1,1.2,A,성남시 분당구 야탑1동 366-1번지 관보빌딩 후문 앞 택시승강장,20180806,127.1295191,37.4114886,28.959
S,HH야탑-0207-1,0.7,A,성남시 분당구 야탑1동 363번지 야탑1동주민센터 옆 보도,20000331,127.1304378,37.411791,38.12
S,HH야탑-0412-1,0.3,A,성남시 분당구 야탑동 360-1번지 시그마3 뒤 주차장 입구 좌측 도로,20050614,127.129711,37.4132723,32.55
R,HH야탑-0395-1,1.3,B,성남시 분당구 야탑동 367-6지번 노블리치 오피스텔A동 주차장 입구 도로,20040331,127.1298244,37.4103378,33.63
S,HH야탑-0206-1,1.4,A,성남시 분당구 야탑1동 366-1번지 관보빌딩 정문 앞 보도,20180806,127.130056,37.4117838,32.783
S,HH야탑-0419-1,0.5,A,성남시 분당구 야탑1동 367-1번지 신한빌딩옆(분식점 앞) 보도,20060331,127.1292053,37.4112821,30.46
R,HH도촌-0446-1,0.8,A,성남시 중원구 도촌동 701번지 섬마을 휴먼시아2단지APT 내 상가 건너 보도,20071231,127.1504898,37.4137623,57.58
S,HH도촌-0465-2,0.1,A,성남시 중원구 도촌동 700번지 섬마을 휴먼시아1단지APT 입구 우측 보도,20110315,127.1495009,37.4134994,55.961
R,HH여수-0459-2,0.8,A,성남시 중원구 여수동 181번지 성남시청 우측 진입로 건너편 도로(성남시청 인근),20100324,127.1271921,37.418543,26.445
R,HH수내-0485-1,0.6,A,성남시 분당구 수내동 126-2지번 푸른마을 신성APT 307동 뒤 보도,20140805,127.1261566,37.3681693,62.49
S,HH분당-0053-2,0.6,A,성남시 분당구 분당동 67번지 장안유치원 옆 공원녹지,20150805,127.1406586,37.3705229,57.607
S,HH서현-0641-1,0.7,A,성남시 분당구 서현동 257번지 서현역 우체국 내 녹지,20100331,127.1232889,37.3870985,33.179
S,HH야탑-0091-1,1.0,A,성남시 분당구 야탑동 530번지 탑마을 쌍용 APT 502동 놀이터미끄럼틀옆,20060331,127.1283105,37.4067989,32.69
R,HH야탑-0092-1,1.3,A,성남시 분당구 야탑1동 486번지 메트로상가 옆 보도,19980930,127.1294897,37.4124113,31.5
S,HH정자-0153-2,0.9,A,성남시 분당구 정자동 193지번 정든마을 불정초교 맞은편 정든지하보도 위 보증보도,20160510,127.1185409,37.3611317,70.713
R,HH야탑-0271-3,1.1,B,성남시 분당구 야탑동 265번지 265 동신빌라 908동 옆 녹지,19951231,127.1392508,37.409921,47.63
S,HH정자-0603-1,2.0,A,성남시 분당구 정자동 178-6번지 학교 내 화단,20050614,127.1058495,37.3574661,45.326
S,HH서현-0170-1,0.8,A,성남시 분당구 서현동 91번지 서현1동 한양아파트 314동 앞 녹지,20100331,127.1245195,37.3808554,48.57
R,HH구미-0370-1,1.4,A,성남시 분당구 구미동 110-2번지 안디옥교회 뒤,20081031,127.1181498,37.3462044,51.88
S,HH구미-0373-1,1.5,A,성남시 분당구 구미동 102번지 501동 옆 녹지,19980930,127.119775,37.3461064,51.003
R,HH금곡-0195-2,1.5,A,성남시 분당구 금곡동 181번지 302동 옆 보도,20100331,127.1062461,37.3559368,49.51
R,HH구미-0347-2,0.7,A,성남시 분당구 구미동 112번지 하얀마을 주공6단지아파트 611동 테니스장 옆 인도,20140805,127.1121224,37.3450097,54.3815
R,HH구미-0540-1,0.1,A,성남시 분당구 구미동 299-1번지 구미중학교 입구,20030530,127.1243599,37.3455709,99.679
R,HH야탑-0259-1,1.6,A,성남시 분당구 야탑동 166번지 목련마을 주공1단지APT 104동 앞 주차장,20060331,127.1415686,37.4079211,46.35
S,HH야탑-0293-1,0.6,A,성남시 분당구 야탑동 217번지 매화마을청구 빌라604동옆녹지,20100331,127.1397507,37.4126983,47.99
R,HH야탑-0288-1,0.8,B,성남시 분당구 야탑3동 219-3번지 야구학교 앞 보도(은학의집 인근),20060331,127.143411,37.4116629,56.47
R,HH야탑-0396-1,1.3,A,성남시 분당구 야탑동 367-6지번 노블리치오피스텔 B동 앞 인도,20040331,127.1302197,37.4103153,34.52
S,HH서현-0173-1,1.4,A,성남시 분당구 서현동 91번지 서현1동 한양아파트 306동 보도 건너 녹지,20081031,127.1263668,37.3800583,50.91
R,HH서현-0175-1,2.5,B,성남시 분당구 서현동 91번지 한양아파트 318동 옆 녹지,20081031,127.1277237,37.3808117,51.49
S,HH수내-0571-1,0.9,A,성남시 분당구 수내동 130-3 주택단지 내 꿈과사랑의교회 옆 도로,20040531,127.1249516,37.3648147,76.81
R,HH수내-0649-1,0.5,B,성남시 분당구 수내동 126-2지번 푸른마을 수내3동주민센터 앞 2차선 도로,19951130,127.1258472,37.3666667,68.2
R,HH야탑-0345-1,0.7,A,성남시 분당구 야탑3동 173번지 목련마을 대원빌라 103동 좌측 코너 앞,20100331,127.1453387,37.4078554,55.73
S,HH서현-0169-1,0.4,A,성남시 분당구 서현동 91번지 서현1동 한양아파트 한양유치원 내 녹지,19931231,127.1252058,37.381506,47.3244
S,HH서현-0172-1,1.7,A,성남시 분당구 서현동 91번지 서현1동 한양아파트 321동 옆 보도,20081031,127.1262082,37.3809636,49.05
R,HH야탑-0278-1,0.7,A,성남시 분당구 야탑동 274-1지번 대원빌딩 옆 보증보도(3동사무소 인근),20020430,127.1380884,37.4114459,49.4559
S,HH여수-0459-2,0.8,A,성남시 중원구 여수동 181번지 성남시청 우측 진입로 건너편 도로(성남시청 인근),20100324,127.1271856,37.4185479,26.407
R,HH야탑-0097-1,0.7,A,성남시 분당구 야탑2동 511번지 303동옆녹지(기계실환기구앞),20120331,127.1282799,37.4089805,31.66
R,HH야탑-0417-1,0.2,A,성남시 분당구 야탑동 190번지 동원듀크A 버스정류장 좌측 보도,20050614,127.1439732,37.4134324,45.03
S,HH구미-0328-2,0.5,A,성남시 분당구 구미동 18 신영시그마2 입구 앞 녹지,19951231,127.1062773,37.3435595,58.989
R,HH분당-0049-2,0.5,A,성남시 분당구 분당동 70번지 건영아파트 112동 옆 분수대 앞 보도,20150805,127.1409394,37.3702738,58.644
R,HH수내-0321-1,0.6,A,성남시 분당구 수내동 77지번 푸른마을 수내초등학교 철봉 밖 보도,19951130,127.1241082,37.3671354,66.4339
R,HH정자-0034-1,1.1,A,성남시 분당구 정자동 111지번 한솔마을 LGAPT 211동 옆 도로,20180806,127.1208213,37.3640142,71.97
S,HH수내-0357-1,1.0,A,성남시 분당구 수내동 57 파크타운 내정초등학교 내 건물뒤 보도,20100331,127.1218026,37.3732474,45.7505
R,HH금곡-0222-1,1.0,A,성남시 분당구 금곡동 123지번 분당경영고등학교(구. 정보산업고) 와 청솔주공 607동 보증보도,20081031,127.109661,37.3549586,45.142
S,HH금곡-0224-1,1.1,A,성남시 분당구 금곡동 123지번 분당경영고등학교(구. 정보산업고) 후문,20081031,127.1095184,37.3561391,45.125
R,HH금곡-0227-3,2.0,A,성남시 분당구 금곡동 124지번 청솔중학교 후문(인입밸브),19951231,127.1108715,37.3561119,44.654
S,HH금곡-0226-1,1.4,A,성남시 분당구 금곡동 126지번 청솔마을 주공6단지아파트 606동 앞 주차장,20081031,127.1106858,37.3546919,46.581
S,HH금곡-0216-1,1.2,A,성남시 분당구 금곡동 176번지 111동 뒤 녹지,20100331,127.1077095,37.3528136,53.51
S,HH수내-0405-1,1.8,A,성남시 분당구 수내동 34 양지마을 금호APT 112동 앞 화단 내,20060331,127.1188577,37.3778389,40.87
S,HH수내-0491-1,0.5,A,성남시 분당구 수내동 40-5 수내역농협~알파문고 사이 도로,20160510,127.1134532,37.3774199,36.73
S,HH야탑-0330-2,1.2,B,성남시 분당구 야탑동 205번지 매화마을 주공3단지APT 307동 앞 도로,20100331,127.1401151,37.4146776,37.557
S,HH정자-0181-1,0.5,A,성남시 분당구 정자동 219-1지번 정든마을 분당중앙고등학교 정문 옆 쎄덱 빌딩 옆 보도,20160804,127.1231936,37.3599715,79.509
R,HH분당-0687-1,0.5,A,성남시 분당구 분당동 65-6지번 주택단지 현대맨숀 옆 사거리 보도,20160510,127.1368185,37.3694721,59.547
S,HH정자-0168-1,0.2,A,성남시 분당구 정자동 201 정든마을 정자3동주민센터 옆 녹지,20100331,127.1197214,37.3611128,71.959
S,HH정자-0169-1,0.5,A,성남시 분당구 정자동 201 정든마을 정자3동주민센터 뒤 보도,20180806,127.1196608,37.3607926,72.498
R,HH분당-0620-1,0.9,A,성남시 분당구 분당동 35지번 샛별마을 동성APT 208동 옆 녹지,20100331,127.1327467,37.3717724,53.83
S,HH구미-0413-1,1.3,A,성남시 분당구 구미동 202번지 204동 놀이터 옆 보도,20080331,127.1135389,37.3377542,55.68
R,HH야탑-0198-1,0.7,A,성남시 분당구 야탑1동 334번지 장미마을 현대 APT 834동 뒤 도로,20060331,127.1326942,37.4141574,36.05
R,HH정자-0010-1,0.8,A,성남시 분당구 정자동 107지번 한솔마을 한일APT 307동 앞 녹지,20100331,127.1207961,37.3675321,61.83
R,HH야탑-0348-1,1.0,B,성남시 분당구 야탑3동 173번지 목련마을 대원빌라 304동 좌측 도로2차선,19931231,127.1468005,37.4067927,54.968
R,HH서현-2051-2,0.7,A,성남시 분당구 서현동 250-6번지 서현역 본치과 병원 앞 보도,20180607,127.1241047,37.3863705,33.82
R,HH서현-0205-1,0.6,A,성남시 분당구 서현동 248-5번지 서현역 코코프라자 앞 도로,20180607,127.1237243,37.3859694,33.581
R,HH분당-0018-1,2.0,A,성남시 분당구 분당동 139번지 두앙노빌리티 뒤 녹지,20010430,127.1449023,37.3693251,73.56
S,HH야탑-0422-1,1.5,A,성남시 분당구 야탑동 220-1번지 야탑 로잔티움 파크 앞 보도,20060331,127.1424144,37.411187,54.52
S,HH야탑-0340-1,1.5,A,성남시 분당구 야탑동 156번지 목련마을 영남APT 관리사무소 뒤 기계실 환기구 뒤,20100331,127.1464344,37.4055526,56.19
R,HH야탑-0339-1,1.5,A,성남시 분당구 야탑동 158번지 목련마을 대진빌라 802동 앞,20100331,127.145077,37.4052621,61.48
S,HH정자-0139-3,0.3,B,성남시 분당구 정자동 126-1 상록마을 영동프라자 부동산 옆 보도,19951231,127.1134314,37.3630231,58.93
S,HH정자-0140-3,1.2,B,성남시 분당구 정자동 130-1 상록마을 성남프라자 입구 앞 보도,19951231,127.1133943,37.3628021,59.29
S,HH정자-0137-3,0.3,B,성남시 분당구 정자동 130-2 상록마을 대명빌딩 농협 앞 보도,19951231,127.113376,37.3626263,58.84
S,HH정자-0542-1,0.4,A,성남시 분당구 정자동 189-8 상록마을 영동프라자 앞 도로,20180806,127.1133964,37.3629822,57.49
S,HH수내-0374-1,1.2,A,성남시 분당구 수내동 55지번 파크타운 롯데APT 137동 옆 쉼터,20100331,127.1177262,37.3709871,42.7506
R,HH야탑-0382-2,0.8,B,성남시 분당구 야탑3동 135-5번지 차량등록소 우측 횡단보도 옆 도로 1차선(차량등록소 인근),20100331,127.1547775,37.4069192,74.8763
S,HH수내-0381-6,1.3,B,성남시 분당구 수내동 36지번 양지마을 청구APT 209동 옆 상가 뒤,19931231,127.1200386,37.3753522,40.52
S,HH금곡-0548-1,0.6,B,성남시 분당구 금곡동 158 미금역세권 미도프라자 주차장 입구,20030530,127.1098123,37.3509925,52.049
R,HH구미-0318-1,1.2,A,성남시 분당구 구미동 88번지 202동 앞 보도,20181031,127.1170622,37.347701,52.06
R,HH도촌-0440-1,1.0,A,성남시 중원구 도촌동 707번지 도촌동 8단지 입구 보차도,20071231,127.1609289,37.4120521,81.4278
R,HH도촌-0485-1,0.9,A,성남시 중원구 도촌동 706번지 섬마을7단지A705동뒤보도,20121025,127.1605748,37.4125761,76.242
S,HH야탑-0403-1,0.1,A,성남시 분당구 야탑동 222번지 CHA차의과대학연구소 정문 맞은편 보도,20040331,127.1432962,37.4096647,58.51
S,HH야탑-0346-1,0.3,A,성남시 분당구 야탑3동 175-1번지 목련프라자 뒤 주차장입구앞 도로,19980930,127.1460273,37.4073782,53.23
R,HH야탑-0472-1,0.5,A,성남시 분당구 야탑3동 220-1지번 로잔티움파크 정문 맞은편 도로(은학의집 인근),20110315,127.1423238,37.4112653,56.297
S,HH야탑-0286-1,0.6,A,성남시 분당구 야탑3동 218번지 벽산빌라510동입구우측보도,20100331,127.141597,37.4116903,53.11
R,HH구미-0331-1,0.4,A,성남시 분당구 구미동 146 하얀마을 서울그린빌 2동 옆 횡단보도(미금사거리),20180607,127.1092827,37.3457482,61.66
R,HH구미-0326-1,0.8,A,성남시 분당구 구미동 88번지 208동 옆 녹지,20181031,127.1181386,37.347211,52.27
S,HH구미-0325-1,1.8,A,성남시 분당구 구미동 92번지 뒤편 보도,20100331,127.1192372,37.3474558,50.187
R,HH야탑-0422-1,1.5,A,성남시 분당구 야탑동 220-1번지 야탑 로잔티움 파크 앞 보도,20060331,127.1424144,37.4111834,54.52
R,HH야탑-0305-1,0.9,B,성남시 분당구 야탑동 215번지 매화마을 주공2단지APT 201동 좌측 녹지,20060331,127.1374007,37.413643,43.43
S,HH구미-0585-1,0.5,A,성남시 분당구 구미동 187-3번지 세종그랑시아1 앞 보도,20040531,127.1103801,37.338845,54.223
R,HH서현-0171-1,2.2,A,성남시 분당구 서현동 91번지 서현1동 한양아파트 311동 앞 녹지,20081031,127.1252476,37.3804193,50.07
R,HH야탑-0187-4,0.6,A,성남시 분당구 야탑동 330번지 코오롱APT 관리사무실 앞 도로,20080331,127.1270289,37.415233,30.28
R,HH여수-0462-2,0.7,A,성남시 중원구 여수동 200번지 성남시청 정문옆 국기계양대 택시정류소 도로,20100324,127.1263075,37.4188491,26.1
S,HH야탑-0300-1,1.8,B,성남시 분당구 야탑동 211번지 매화마을 주공4단지APT 407동 앞 좌측 주차장,20060331,127.1430755,37.4132356,43.78
S,HH야탑-0299-1,0.2,A,성남시 분당구 야탑동 211번지 매화마을주공4단지아파트정문좌측상가녹지,20060331,127.1423372,37.4131109,45.83
S,HH야탑-0301-1,1.8,A,성남시 분당구 야탑동 211번지 매화마을주공4단지아파트관리사무소주차장,20060331,127.1418546,37.4134173,44.14
R,HH분당-0029-2,0.7,A,성남시 분당구 분당동 70번지 장안건영타운 107동 옆 횡단보도,20150805,127.1445521,37.3709457,61.243
S,HH수내-0621-6,0.6,B,성남시 분당구 수내동 82지번 푸른마을 분당소방서 수내119안전센터 뒤 보도,19931231,127.1226443,37.3674406,59.0
S,HH이매-0004-1,1.0,A,성남시 분당구 이매동 124번지 이매촌 한신아파트 202동 옆 관리사무소,20081031,127.1255442,37.3889864,37.0218
S,HH이매-0005-1,1.0,A,성남시 분당구 이매동 124번지 이매촌 한신아파트 202동 옆 놀이터 진입계단 앞 화단,20080331,127.1247082,37.3885986,35.39
S,HH구미-0490-1,0.0,A,성남시 분당구 구미동 240번지 902동 옆 보도,20060331,127.1245414,37.3408128,80.322
S,HH구미-0493-3,0.9,B,성남시 분당구 구미동 244번지 입구 보도측구,19951231,127.1252259,37.3406314,85.031
R,HH구미-0375-1,1.7,A,성남시 분당구 구미동 111번지 307동 뒤 녹지,20120331,127.1185227,37.3440931,54.64
S,HH구미-0588-1,0.6,B,성남시 분당구 구미동 275지번 베스티아 주차장 입구 도로,19970731,127.1264072,37.34311,91.35
S,HH구미-0587-1,0.8,A,성남시 분당구 구미동 300 서울대병원 장례식장 입구 도로(주차 차단기 전),20040531,127.1246404,37.3472361,88.7
S,HH여수-0495-1,2.0,A,성남시 중원구 여수동 601번지 여수연꽃마을어울림4단지 APT 407동 옆 광장,20121025,127.1345415,37.4182274,35.882
S,HH여수-0490-1,1.7,A,성남시 중원구 여수동 600번지 여수센트럴타운3단지 APT 323동 뒤 놀이터,20121025,127.1333141,37.4183413,35.923
S,HH서현-0111-1,0.7,A,성남시 분당구 서현동 96번지 시범단지 우성아파트 218동 옆 놀이터 모래 밑,20100331,127.1343225,37.3787,52.73
R,HH야탑-0188-1,1.0,A,성남시 분당구 야탑1동 333번지 야탑 초등학교 뒤,20080331,127.1258271,37.4166469,30.08
S,HH야탑-0189-1,1.2,A,성남시 분당구 야탑동 330번지 동부코오롱APT 102동 옆,20080331,127.1273884,37.4164831,30.45
S,HH야탑-0355-1,1.0,B,성남시 분당구 야탑3동 179번지 목련마을 두원빌라 503동 우측 녹지,19951231,127.1478561,37.4084723,66.71
R,HH여수-0498-1,0.7,A,성남시 중원구 여수동 196번지 TLI아트쎈타 뒤 주차장 입구,20121025,127.1279177,37.4180386,28.23
S,HH여수-0489-1,2.1,A,성남시 중원구 여수동 600번지 여수센트럴타운3단지 APT 321~322동사이 정자 녹지,20121025,127.1326106,37.418399,35.835
R,HH야탑-0367-1,0.7,A,성남시 분당구 야탑1동 151번지 입구 옆 상가 주차장,20081031,127.1506561,37.4047431,71.54
R,HH야탑-0366-2,0.7,B,성남시 분당구 야탑동 151번지 분당테크노파크 D동 진입 도로,19931231,127.1502925,37.4048539,70.78
S,HH서현-0113-1,1.2,A,성남시 분당구 서현동 92-1번지 분당초등학교 옆 한전박스 측구보도,20160804,127.1288153,37.3785921,50.686
R,HH수내-0307-1,0.6,A,성남시 분당구 수내동 88-2지번 주택단지 내 삼평프라자 뒤 주차장 입구,19970731,127.1268609,37.3662265,70.31
S,HH서현-0206-1,1.2,A,성남시 분당구 서현동 92번지 서현1동 시범단지 현대아파트 405동 앞 도로,20100331,127.1272857,37.3781785,54.28
R,HH야탑-0341-1,1.7,A,성남시 분당구 야탑동 156번지 목련마을 영남APT 502동 옆 보증보도,20100331,127.1462336,37.4060223,56.21
S,HH서현-0112-1,0.7,A,성남시 분당구 서현동 96번지 시범단지 우성아파트 216동 옆 녹지,20100331,127.1349155,37.3793225,55.37
R,HH야탑-0403-1,0.1,A,성남시 분당구 야탑동 222번지 CHA차의과대학연구소 정문 맞은편 보도,20040331,127.1432911,37.4096616,58.51
S,HH야탑-0267-1,1.7,A,성남시 분당구 야탑동 223번지 은학의집 내 녹지,20000331,127.1424439,37.4101128,61.36
S,HH수내-0401-2,0.8,B,성남시 분당구 수내동 38-2지번 양지마을 궁전프라자 앞 도로,19931231,127.1160787,37.3771507,40.68
S,HH서현-0078-1,1.0,A,성남시 분당구 서현동 321번지 효자촌 삼성교회 주차장 앞 도로,20160804,127.1391676,37.3754726,52.976
S,HH정자-0156-1,0.6,B,성남시 분당구 정자동 254-4지번 정든마을 신화APT 예쁜유치원 옆 보증보도,19951231,127.116809,37.3622246,67.94
R,HH금곡-0209-1,1.0,B,성남시 분당구 금곡동 200번지 앞 보도,19951231,127.1059126,37.3532769,48.829
R,HH야탑-0343-1,0.2,A,성남시 분당구 이매동 203번지 야탑소방서 옆 도로,20190510,127.1357736,37.4164644,34.138
R,HH서현-0144-1,1.2,A,성남시 분당구 서현동 87번지 시범단지 삼성아파트 107동뒤 녹지,20100331,127.1312046,37.383252,47.56
S,HH수내-0415-1,0.7,A,성남시 분당구 수내동 6-9 수내역 현대수내프라자 입구 옆 보도,19951130,127.1152985,37.3784028,37.53
S,HH야탑-0349-1,1.0,A,성남시 분당구 야탑3동 173번지 목련마을 대원빌라 304동 앞 지하주차장 입구,20100331,127.1475997,37.4068448,58.2
S,HH성남-0521-1,0.3,A,성남시 중원구 성남동 4932번지 모란드림시티 옆 도로,20200305,127.1281432,37.4287078,26.066
S,HH야탑-0095-1,1.3,A,성남시 분당구 야탑2동 511번지 타워빌A311동뒤녹지(기계실뒤쪽),20120331,127.1256757,37.4083086,31.21
S,HH금곡-0614-2,1.2,B,성남시 분당구 금곡동 210 코오롱트리폴리스 C동 옆 도로,20060331,127.1054732,37.3513452,50.965
S,HH야탑-0347-2,1.0,B,성남시 분당구 야탑동 360-4번지 시그마3 뒤 궁전프라자 옆 도로,20010430,127.1295179,37.413259,32.3125
R,HH정자-0122-1,2.2,A,성남시 분당구 정자동 124지번 상록마을 라이프APT 103동 옆 녹지,20180806,127.1122118,37.3623388,51.102
S,HH서현-0144-1,1.2,A,성남시 분당구 서현동 87번지 시범단지 삼성아파트 107동뒤 녹지,20100331,127.1312189,37.3832577,47.56
S,HH야탑-0476-1,0.2,A,성남시 분당구 야탑동 221번지 고령종합체험관 입구 앞 보도(은학의집 인근),20110315,127.1423956,37.4106389,60.831
R,HH야탑-0475-1,0.5,A,성남시 분당구 야탑3동 223지번 은학의 집 앞 도로,20110315,127.1423525,37.4103005,60.844
S,HH정자-0560-1,1.4,A,성남시 분당구 정자동 97-4지번 정자역 두산위브제니스타워~플라리스빌딩 사이 보증보도 휀스 밑,20030530,127.1075699,37.3700774,41.01
R,HH야탑-0238-1,1.7,A,성남시 분당구 야탑2동 517번지 탑마을벽산아파트603동좌측녹지,20060331,127.1332522,37.4086982,38.49
S,HH수내-0304-3,0.7,B,성남시 분당구 수내동 88-5지번 주택단지 내 장터프라자 주차장 옆 보도,19951130,127.1274112,37.3666504,69.18
R,HH금곡-0196-2,0.4,A,성남시 분당구 금곡동 181번지 303동 옆 녹지,20100331,127.1072066,37.356045,48.53
S,HH야탑-0242-2,0.8,A,성남시 분당구 야탑2동 526번지 탑마을경남A입구도로,20140805,127.1313225,37.4064222,32.807
R,HH서현-6551-2,0.5,A,성남시 분당구 서현동 245-2번지 서현역 인근 보람코아 주차장 앞,20140805,127.1257008,37.3862634,34.018
R,HH구미-0586-1,0.4,A,성남시 분당구 구미동 185-7번지 측구 옆 도로,20040531,127.1102079,37.3385355,53.79
S,HH수내-0684-1,0.7,A,성남시 분당구 수내동 13-4 수내역 수내동어린이집 앞 보증보도,20140930,127.1148729,37.3789713,36.819
S,HH구미-0412-1,1.1,A,성남시 분당구 구미동 202번지 201동 옆 녹지,20080331,127.1143844,37.3373171,57.26
R,HH구미-0423-1,0.9,A,성남시 분당구 구미동 211번지 한울유치원 인입,20100331,127.1163073,37.3346848,67.12
R,HH구미-0427-1,0.5,A,성남시 분당구 구미동 211번지 상가 앞 보도,19951231,127.1172668,37.3355142,66.61
S,HH구미-0426-2,0.6,A,성남시 분당구 구미동 211번지 입구 상가 옆 도로,20060331,127.1174134,37.3356622,65.254
R,HH이매-0107-1,2.0,A,성남시 분당구 이매동 132번지 아름마을 건영아파트 111동 앞 녹지(기계실뒤),20081031,127.1208159,37.4037313,33.8244
S,HH야탑-0304-2,1.0,A,성남시 분당구 야탑동 215번지 매화마을주공2단지201동뒤건너편보도,20100331,127.1372055,37.4131479,45.32
R,HH야탑-0306-1,0.9,A,성남시 분당구 야탑동 215번지 매화주공2단지아파트202동우측보도,20100331,127.1364976,37.4137155,43.38
S,HH서현-0132-1,0.4,A,성남시 분당구 서현동 96번지 서현1동 시범단지 우성아파트 229동 옆 주차장,20100331,127.1312145,37.3801812,52.0829
R,HH야탑-0512-2,1.2,A,성남시 분당구 야탑동 355-5번지 바른세상병원내카페옆보증보도,20170810,127.1266156,37.4101269,27.358
R,HH구미-0405-1,1.0,A,성남시 분당구 구미동 192번지 주차장입구 도로,20000331,127.1096788,37.3358291,54.577
S,HH야탑-0511-2,1.0,A,성남시 분당구 야탑1동 354-1번지 여성차병원 내 카페 옆 보증보도,20180806,127.1265587,37.4112707,28.732
S,HH야탑-0268-1,0.0,A,성남시 분당구 야탑동 222지번 CHA차의과대학연구소 옆 녹지(매립),20100331,127.1433814,37.4100207,62.12
S,HH야탑-0421-1,0.5,A,성남시 분당구 야탑동 519지번 진흥 A 옆 보도(W-PARK),20060331,127.1361193,37.4096317,40.38
R,HH야탑-0244-1,1.8,A,성남시 분당구 야탑2동 518번지 주공8단지A802동앞놀이터내,20060331,127.1347409,37.4092239,39.44
R,HH야탑-0251-1,0.8,A,성남시 분당구 야탑동 520번지 하탑중학교옆야탑7교보도,20100331,127.137776,37.4079017,40.3389
R,HH야탑-0254-1,2.0,A,성남시 분당구 야탑동 166번지 주공1단지APT107동앞쉼터우측보도,20100331,127.1394168,37.4087682,43.34
R,HH야탑-0252-1,0.3,A,성남시 분당구 야탑동 166번지 목련마을주공1단지APT108동옆상가보도,20100331,127.1384425,37.4088894,41.66
S,HH구미-0466-1,1.0,B,성남시 분당구 구미동 241번지 정문 앞 보도,19951231,127.1187371,37.340455,56.419
R,HH이매-0002-1,1.2,A,성남시 분당구 이매동 124번지 이매촌 한신아파트 205동 뒤 녹지,20081031,127.1256758,37.3880493,37.07
S,HH금곡-0241-1,1.0,A,성남시 분당구 금곡동 131지번 청솔초등학교 뒤 주차장(인입),20080331,127.1138106,37.3543511,46.744
S,HH수내-0667-1,1.0,B,성남시 분당구 수내동 7-9지번 수내역 블루파크 입구 옆 보증보도,19980930,127.1159946,37.3797697,36.9904
S,HH분당-0044-1,1.0,A,성남시 분당구 분당동 95번지 건영연립 207동 옆 녹지,20100331,127.1454704,37.3727199,64.54
S,HH수내-0418-1,0.7,B,성남시 분당구 수내동 7-9지번 수내역 동남빌딩 앞 화단,19970731,127.1155672,37.3794077,37.12
S,HH정자-0120-1,1.7,A,성남시 분당구 정자동 124 상록마을 라이프APT 101동 앞 녹지,20180806,127.1122249,37.3633142,50.69
R,HH야탑-0146-2,0.6,A,성남시 분당구 야탑1동 351번지 차병원 뒤쪽 주차장 입구옆 버스정류소 앞 도로,20190510,127.1245703,37.4103756,28.007
S,HH야탑-0147-2,0.6,A,성남시 분당구 야탑1동 351번지 차병원 뒤쪽 주차장 입구 옆 도로,20190510,127.1246212,37.4102551,28.044
R,HH수내-0428-1,0.3,A,성남시 분당구 수내동 16-1 수내역 롯데백화점 뒤 국민은행 뒤 녹지,20190510,127.1143643,37.37725,34.797
S,HH분당-0682-2,0.5,A,성남시 분당구 분당동 65-6지번 주택단지 내 진로빌라 맞은편 도로,20150805,127.1344234,37.3697747,59.102
S,HH이매-0011-1,1.7,A,성남시 분당구 이매동 181번지 이매촌 한신아파트 창의학교앞 보도,20060331,127.1251057,37.3897902,31.81
R,HH이매-0015-1,0.8,B,성남시 분당구 이매동 121번지 이매촌 동부코오롱아파트 503동 관리사무소 옆 보증보도,20060331,127.1243399,37.3910662,34.45
R,HH야탑-0091-1,1.0,A,성남시 분당구 야탑동 530번지 탑마을 쌍용 APT 502동 놀이터미끄럼틀옆,20060331,127.1283105,37.4068028,32.69
R,HH수내-0486-1,0.5,A,"성남시 분당구 수내동 40-5 수내역 랜드로버,재규어(자동차매장) 옆 도로",20160510,127.1151525,37.3794427,35.26
S,HH수내-0487-1,0.5,A,성남시 분당구 수내동 7-9 수내역 광진빌딩 앞 보증보도,20160510,127.1155024,37.3792797,35.444
S,HH정자-0158-1,0.9,B,성남시 분당구 정자동 191지번 정든마을 한진APT 6단지 상가 뒤 녹지,19951231,127.1152513,37.3624925,65.8
S,HH정자-0157-1,1.1,B,성남시 분당구 정자동 191지번 정자동 정든마을 우성APT 4단지 상가 뒤 도로정든마을 한진APT 605동~공원 사이 도로,19951231,127.1164257,37.3621302,67.2
S,HH수내-0479-1,0.7,A,성남시 분당구 수내동 16-5번지 수내역 오너스타워 빌딩 참치전문점 앞 보도,20030530,127.1132185,37.3769068,38.27
S,HH정자-0114-4,0.6,A,성남시 분당구 정자동 186-3지번 정자역 아데나루체~엠코헤리츠 사이 보증보도,19951231,127.1066899,37.3616938,43.93
S,HH야탑-0256-1,1.0,A,성남시 분당구 야탑동 166번지 목련마을 주공1단지APT 101동옆 상가뒤인도,20100331,127.1407034,37.4078411,43.627
R,HH수내-0574-1,0.9,A,성남시 분당구 수내동 5-1지번 수내역 WMC(세계복음협회)빌딩 입구 앞 도로,20040530,127.1173331,37.3802119,36.55
R,HH수내-0575-2,0.5,A,성남시 분당구 수내동 5-4지번 수내역 한원빌딩 옆 보증보도,20020430,127.1176456,37.3798493,36.92
S,HH분당-0261-3,0.2,B,성남시 분당구 분당동 53지번 주택단지 내 쌍용빌라 쓰레기장 내,19951130,127.135807,37.3703818,58.2487
R,HH수내-0359-1,1.5,A,성남시 분당구 수내동 69-2 파크타운 수내2동주민센터 옆 골목 화단,20190510,127.1205705,37.3723637,41.818
R,HH수내-0363-1,1.0,A,성남시 분당구 수내동 55지번 파크타운 누리봄유치원 입구 옆,20140805,127.1193812,37.371372,46.31
R,HH야탑-0360-1,1.0,A,성남시 분당구 야탑동 185번지 목련마을 화성빌리지 703동 뒤 도로,20060331,127.1498912,37.4081237,79.37
R,HH정자-0611-1,0.3,B,성남시 분당구 정자동 185-1번지 정자역 고래룸유흥주점 주차장 앞 도로,20060614,127.1069139,37.3648811,40.57
S,HH야탑-0428-2,1.6,B,성남시 분당구 야탑동 357-1번지 야탑동 킴스클럽앞 횡단보도,20170810,127.127665,37.4099235,27.325
S,HH구미-0518-1,0.5,A,성남시 분당구 구미동 291번지 아델리아빌 앞 도로,20140805,127.1266969,37.3442967,97.649
S,HH구미-0513-1,0.5,A,성남시 분당구 구미동 283번지 앞 도로,20180806,127.1250878,37.343733,90.962
R,HH야탑-0513-2,1.2,A,성남시 분당구 야탑동 355-5번지 바른세상병원내카페옆보증보도,20170810,127.1266136,37.4099958,27.401
S,HH분당-0039-1,0.8,B,성남시 분당구 분당동 74번지 신안시네하우스 201동 경비실 앞 화단,19980930,127.1392326,37.3683819,73.3285
R,HH분당-0037-1,2.6,B,성남시 분당구 분당동 76번지 신동아빌라 옆 작은 환풍기 벽 건너 1M 경사로,19970731,127.1408134,37.3683955,76.9026
S,HH서현-0003-1,1.6,A,성남시 분당구 서현동 92번지 서현1동 시범단지 현대아파트 422동 옆,19931231,127.1317531,37.3778666,52.49
S,HH정자-0627-1,0.3,A,성남시 분당구 정자동 96-1지번 정자역 백궁지엔느~동양파라곤 사이도로 중앙선,20030530,127.1059509,37.3706195,41.56
R,HH정자-0632-1,0.5,A,성남시 분당구 정자동 8-4지번 정자역 태남프라자 주차장 입구 앞 보도,20040530,127.1060274,37.371335,41.2594
S,HH정자-0633-1,0.5,A,성남시 분당구 정자동 8-3지번 정자역 월드프라자 주차장 입구 앞 보도,20040530,127.1060349,37.3714505,41.2
R,HH이매-0057-1,2.0,A,성남시 분당구 이매동 136번지 매송초교정문 안쪽 화단,20180804,127.1223276,37.401295,30.424
R,HH구미-0486-1,1.2,A,성남시 분당구 분당동 242번지 라이프아파트 상가,20100331,127.1233405,37.3419608,76.13
R,HH구미-0503-1,1.2,A,성남시 분당구 구미동 266-1번지 주차장 옆 보도 오르막,20150805,127.1268576,37.3410443,98.679
R,HH구미-0507-1,0.3,B,성남시 분당구 구미동 247지번 무지개마을 동서프라임빌 B동 옆 화단,19970731,127.1272913,37.3421144,99.31
S,HH구미-0505-1,0.3,A,성남시 분당구 구미동 265지번 한신타운하우스1 경비실 앞 화단,19970731,127.1271197,37.340565,103.59
S,HH구미-0478-1,1.5,B,성남시 분당구 구미동 222번지 아파트 진입로,19951231,127.1204587,37.3383485,66.35
R,HH구미-0526-1,1.3,A,성남시 분당구 구미동 285번지 빌라 내 녹지,19980930,127.1248365,37.3450002,106.6004
R,HH야탑-0377-1,3.2,A,성남시 분당구 야탑동 147번지 목련마을 SK아파트 601동 뒤 놀이터 사이길,19931231,127.1545338,37.4057749,75.47
R,HH금곡-0547-1,1.3,A,성남시 분당구 금곡동 172번지 청솔마을 서광영남아파트 입구 머릿돌 앞 보도,20030530,127.1064285,37.3513415,51.248
R,HH구미-0474-2,1.2,A,"성남시 분당구 구미동 222번지 건영,삼성10단지 APT 1002동 뒤 녹지",20100331,127.1215436,37.3394273,65.82
S,HH수내-0399-2,1.3,A,성남시 분당구 수내동 38-2지번 양지마을 한양APT 단지 입구 옆 보도,20140805,127.1155587,37.3766468,38.54
S,HH수내-0402-1,2.2,A,성남시 분당구 수내동 38 양지마을 금호상가 쓰레기장 내,20100331,127.1171568,37.3764044,40.46
S,HH수내-0400-1,1.8,A,성남시 분당구 수내동 38-2 양지마을 청구상가 옆 도로,20100331,127.1164839,37.3770566,40.49
S,HH구미-0361-1,0.8,B,성남시 분당구 구미동 117번지 벽산빌라 3동 옆 보도,19951231,127.115936,37.3430082,52.27
R,HH정자-0153-2,0.9,A,성남시 분당구 정자동 193지번 정든마을 불정초교 맞은편 정든지하보도 위 보증보도,20160510,127.1185468,37.3611265,70.807
S,HH구미-0330-1,0.7,A,성남시 분당구 구미동 148번지 버스정류장 뒤,19951231,127.1092248,37.3446956,60.3
R,HH구미-0329-4,2.5,A,성남시 분당구 구미동 150 삼익파크빌 A동 성남대로 건너 동막천 야산,19951231,127.1086638,37.3435055,58.108
R,HH구미-0377-1,1.5,A,성남시 분당구 구미동 111번지 405동 옆,20081031,127.1174716,37.3442268,54.38
R,HH정자-0092-4,1.1,B,성남시 분당구 정자동 97-3지번 정자역 동양파라곤 입구 앞 보증보도,19951231,127.1065487,37.3700311,41.93
S,HH정자-0631-1,0.2,A,성남시 분당구 정자동 97-1지번 정자역 폴라리스빌딩2 앞 도로,20040530,127.1071236,37.3709849,40.68
R,HH구미-0288-1,1.2,A,성남시 분당구 구미동 66번지 306동 앞 보도,20100331,127.1131407,37.3488405,53.15
R,HH야탑-0361-1,0.1,A,성남시 분당구 야탑동 155번지 야탑3동새마을회관우축보도,20020430,127.1484776,37.4059296,54.7
R,HH야탑-0431-1,0.8,A,성남시 분당구 야탑3동 150번지 테크노파크A동앞버스정류장보도,20080331,127.1515343,37.4049727,72.7992
R,HH야탑-0368-2,1.0,A,성남시 분당구 야탑3동 150번지 분당테크노파크A동진입로우측녹지,20100331,127.1512863,37.404977,72.69
S,HH구미-0455-2,0.8,A,성남시 분당구 구미동 220번지 403동 옆 보증보도,20080331,127.1175787,37.3392388,52.47
S,HH구미-0448-1,0.9,A,성남시 분당구 구미동 201번지 307동 옆 보도,19951231,127.1156578,37.3393974,54.67
R,HH구미-0447-1,1.1,A,성남시 분당구 구미동 201번지 310동 주차장녹지,20100331,127.1155286,37.3391602,54.58
R,HH금곡-0244-1,1.4,A,성남시 분당구 금곡동 132번지 관리사무소 뒤 보도,20181031,127.1151757,37.3530588,48.5
S,HH금곡-0247-1,1.9,A,성남시 분당구 금곡동 132지번 청솔마을 동아10단지아파트 1004동 옆 담장 밖 녹지,20180806,127.1146016,37.3532104,46.594
R,HH정자-0451-1,0.9,A,성남시 분당구 정자동 79-3지번 느티마을 주택단지 내 마테오성당 앞 보증보도,19970731,127.1103142,37.3717836,40.3643
R,HH정자-0024-1,1.1,A,성남시 분당구 정자동 101지번 한솔마을 주공APT 708동 앞 복지관 뒤 보도,20100331,127.1159206,37.369364,48.62
S,HH정자-0597-1,0.5,B,성남시 분당구 정자동 97-1지번 정자역 분당클리닉 입구 앞 도로,20040531,127.1071433,37.3705778,40.73
S,HH정자-0596-1,0.7,B,성남시 분당구 정자동 15-3지번 정자역 플라리스빌딩 앞 보도,20040531,127.1071752,37.370202,41.16
R,HH구미-0473-1,1.5,A,성남시 분당구 구미동 225번지 601동 앞 녹지,20100331,127.1211188,37.3399707,66.29
S,HH구미-0468-3,1.0,A,성남시 분당구 구미동 211번지 501동 옆 상가도로,19951231,127.1199797,37.3393018,60.92
S,HH야탑-0319-1,0.6,A,성남시 분당구 야탑동 201번지 매화마을주공1단지A101동옆녹지,20100331,127.1343104,37.4161986,34.68
R,HH구미-0492-1,0.8,A,성남시 분당구 구미동 243번지 803동 뒤 녹지,19951231,127.1248488,37.3410206,84.01
R,HH금곡-0535-1,0.9,A,성남시 분당구 금곡동 133번지 902동 앞 주차장 내,20081031,127.1151372,37.3520069,50.5
S,HH구미-0532-1,1.0,A,성남시 분당구 구미동 243번지 802동 앞 녹지,20180607,127.1251045,37.3423771,85.379
S,HH야탑-0327-1,0.9,A,성남시 분당구 야탑동 205번지 매화주공3단지아파트옆뽀뽀뽀유치원옆지하교회입구,19951031,127.1385816,37.4150033,38.44
R,HH야탑-0328-1,0.3,A,성남시 분당구 야탑동 205번지 매화주공3단지아파트306동옆뽀뽀뽀어린이집앞보도,20100331,127.138698,37.4149426,38.5
R,HH이매-0008-1,1.3,A,성남시 분당구 이매동 117번지 이매촌 동신아파트 309동 옆 공원 앞 보도,20081031,127.1256199,37.3901551,34.94
R,HH금곡-0202-1,1.3,A,성남시 분당구 금곡동 180지번 청솔마을 화인유천2단지 아파트 상가 옆 보도,19951231,127.1062039,37.3538396,50.27
R,HH정자-0181-1,0.5,A,성남시 분당구 정자동 219-1지번 정든마을 분당중앙고등학교 정문 옆 쎄덱 빌딩 옆 보도,20160804,127.1231856,37.3599675,79.504
S,HH정자-0179-1,2.0,A,성남시 분당구 정자동 199지번 정든마을 동아APT 204동 옆 녹지,20060331,127.1217312,37.3597224,78.69
S,HH야탑-0367-1,0.7,A,성남시 분당구 야탑1동 151번지 입구 옆 상가 주차장,20081031,127.1506561,37.4047467,71.54
R,HH여수-0510-1,1.0,A,성남시 중원구 여수동 602번지 여수산들마을2단지 APT 204동 옆 녹지,20121025,127.1374557,37.419168,43.881
R,HH야탑-0281-1,0.3,A,성남시 분당구 야탑동 275-4지번 성원프라자입구 좌측 보도(3동사무소 인근),19931231,127.1382395,37.4116549,48.89
S,HH야탑-0358-1,0.2,A,성남시 분당구 야탑동 183번지 목련마을 미원빌라 삼거리 코너,20060331,127.1486952,37.4076484,65.16
S,HH야탑-0356-1,1.0,A,성남시 분당구 야탑동 183번지 목련마을미원빌라603동뒤녹지,20100331,127.1480807,37.4082153,66.45
R,HH구미-0281-1,1.0,B,성남시 분당구 구미동 33 구미교회 주차장 옆 화단매립,19951231,127.1117934,37.3491265,52.44
R,HH구미-0280-1,0.1,B,성남시 분당구 구미동 29-2번지 성음교회 옆 통행로,19951231,127.1111308,37.3491414,53.63
R,HH야탑-0101-1,2.0,A,성남시 분당구 야탑2동 511번지 타워빌A3단지입구경비실뒤 녹지,20100331,127.1270715,37.409237,31.09
S,HH구미-0482-1,0.6,A,구미동 월드메르디앙 인입,20200427,127.1224887,37.3389957,73.919
R,HH정자-0144-1,0.4,A,성남시 분당구 정자동 189-8 상록마을 금곡프라자 앞 도로,20180806,127.1142809,37.3627416,60.826
S,HH정자-0060-1,2.0,A,성남시 분당구 정자동 122지번 상록마을 우성APT 319동 뒤 녹지,20100331,127.111566,37.3652976,47.44
R,HH여수-0491-1,1.2,A,성남시 중원구 여수동 601번지 2단지 APT 401동편 보도,20121025,127.1348568,37.4188329,37.124
R,HH이매-0111-1,1.2,A,성남시 분당구 이매동 132번지 아름마을 태영아파트 305동 뒤 녹지,20081031,127.121487,37.4043627,31.87
R,HH야탑-0355-1,1.0,B,성남시 분당구 야탑3동 179번지 목련마을 두원빌라 503동 우측 녹지,19951231,127.1478582,37.4084755,66.71
S,HH야탑-0352-1,1.1,B,성남시 분당구 야탑3동 180번지 목련마을 드래곤빌라 경비실 앞 화단,19931231,127.1466719,37.4090604,66.62
S,HH정자-0116-1,1.6,A,성남시 분당구 정자동 189-5지번 상록마을 라이프APT 103동~202동 사이 보증보도,20180806,127.1122749,37.3625343,51.121
R,HH정자-0120-1,1.7,A,성남시 분당구 정자동 124 상록마을 라이프APT 101동 앞 녹지,20180806,127.1122198,37.3633078,50.66
R,HH정자-0136-1,1.0,B,성남시 분당구 정자동 130-3 상록마을 한라프라자 입구 옆 보도,19951231,127.113392,37.3622787,58.92
S,HH정자-0135-1,0.5,B,성남시 분당구 정자동 130-6 상록마을 샘물교회~현빌딩 사이 보증보도,19951231,127.1134013,37.3620265,59.73
S,HH이매-0049-1,0.8,A,성남시 분당구 이매동 141번지 아름마을 풍림아파트 514동옆,20081031,127.1216121,37.3981975,33.64
S,HH이매-0048-6,0.6,B,성남시 분당구 이매동 141번지 이매유치원옆 화단,19931231,127.1224543,37.3976622,33.2
R,HH구미-0395-1,1.0,B,성남시 분당구 구미동 185-3지번 오리역 하나프라자빌딩 주차장 입구 앞 도로,19951231,127.1095895,37.3387587,53.314
S,HH정자-0067-1,1.8,A,성남시 분당구 정자동 123 상록마을 정자중학교 내 뒤 보도,20100331,127.1104727,37.3660337,42.12
S,HH정자-0037-1,0.7,B,성남시 분당구 정자동 118지번 정자2동 주민센타 옆 녹지 경계석,19951231,127.1153204,37.3661023,55.1
R,HH정자-0036-1,1.2,B,성남시 분당구 정자동 118지번 정자동 정자2동 주민센타 입구 앞 보도,19951231,127.1151563,37.3660107,54.58
R,HH분당-0296-2,0.7,A,성남시 분당구 분당동 38지번 샛별마을우방APT 311동 뒤 주차장,20150805,127.1282836,37.3716868,54.44
R,HH서현-0694-1,1.1,A,성남시 분당구 서현동 312-3번지 효자촌 미래타운 범한프라자 뒤 도로,20180806,127.1391493,37.3718854,51.849
S,HH이매-0050-1,1.9,A,성남시 분당구 이매동 141번지 풍림A 진입로 우측,20140805,127.1234488,37.3980318,28.81
R,HH분당-0257-6,0.9,B,성남시 분당구 분당동 39지번 샛별마을 삼부APT 407동 옆 대로변 보도,19931231,127.1295273,37.369987,60.09
S,HH분당-0295-6,0.8,B,성남시 분당구 분당동 39지번 샛별마을 삼부APT 입구 상가 앞 도로,19931231,127.1283564,37.3700465,63.88
S,HH수내-0341-1,1.0,A,성남시 분당구 수내동 52지번 파크타운 서안APT 114동 뒤 녹지,20100331,127.1243762,37.3715763,53.3
R,HH수내-0349-1,0.8,A,"성남시 분당구 수내동 53지번 파크타운 서안APT 140,141동 주차장 입구 앞 도로",20100331,127.1224524,37.3717968,52.4091
S,HH수내-0346-1,2.0,A,성남시 분당구 수내동 52지번 파크타운 서안APT 111동 옆 녹지,20100331,127.1224658,37.3719477,53.59
S,HH구미-0277-2,1.0,B,성남시 분당구 구미동 25-1번지 엘레강스프라자 B동 옆,19970731,127.1111241,37.3495491,53.32
R,HH수내-0334-1,0.9,A,성남시 분당구 수내동 76지번 푸른마을 쌍용APT 505동 옆 녹지,20180806,127.1235883,37.3689392,59.213
R,HH서현-0075-1,0.1,A,성남시 분당구 서현동 319번지 효자촌 양영 초등학교 내,20100331,127.1393024,37.3750825,51.13
R,HH정자-0654-2,0.5,A,성남시 분당구 정자동 26지번 정자역 4번출구 구두수선소 옆 보도,20140805,127.1078739,37.3665356,42.28
R,HH분당-0249-1,0.2,A,성남시 분당구 분당동 60-2번지 (주택단지 내 보람빌라 뒤 녹지),20010430,127.1374322,37.3688686,67.94
S,HH분당-0266-1,1.5,A,성남시 분당구 분당동 46지번 주택단지 내 한성빌라 내 담장 사이 녹지,19970731,127.1342163,37.3718493,52.97
S,HH야탑-0382-2,0.8,B,성남시 분당구 야탑3동 135-5번지 차량등록소 우측 횡단보도 옆 도로 1차선(차량등록소 인근),20100331,127.1547823,37.4069159,74.882
R,HH구미-0580-1,1.0,A,성남시 분당구 구미동 8-2번지 미도프라자 옆 보도,20020430,127.1079769,37.3496038,56.089
R,HH구미-0589-1,0.5,A,성남시 분당구 구미동 103번지 보증보도 사잇길,20040531,127.1184532,37.3459646,50.707
R,HH구미-0605-1,1.2,A,성남시 분당구 구미동 300 분당서울대병원 장례식장 정문 도로,20050614,127.1256112,37.3480986,93.55
R,HH정자-0140-3,1.2,B,성남시 분당구 정자동 130-1 상록마을 성남프라자 입구 앞 보도,19951231,127.1133913,37.362802,59.29
R,HH정자-0137-3,0.3,B,성남시 분당구 정자동 130-2 상록마을 대명빌딩 농협 앞 보도,19951231,127.113375,37.3626231,58.84
S,HH수내-0406-1,2.0,A,성남시 분당구 수내동 34 양지마을 금호APT 109동 옆 녹지,20060331,127.1179092,37.3776664,40.81
R,HH수내-0403-1,1.0,A,성남시 분당구 수내동 35 초림초등학교 내 뒤쪽 보도,20060331,127.1176336,37.376983,40.6726
S,HH구미-0564-1,0.4,A,성남시 분당구 구미동 22번지 301동 경비실 앞,20180806,127.1097387,37.3479941,58.652
R,HH구미-0433-1,0.6,B,성남시 분당구 구미동 212번지 정문 진입도로,19951231,127.1186457,37.3362581,66.301
S,HH분당-0257-6,0.9,B,성남시 분당구 분당동 39지번 샛별마을 삼부APT 407동 옆 대로변 보도,19931231,127.1295296,37.369985,60.09
R,HH분당-0295-6,0.8,B,성남시 분당구 분당동 39지번 샛별마을 삼부APT 입구 상가 앞 도로,19931231,127.1283588,37.3700448,63.88
S,HH서현-0167-1,1.4,A,성남시 분당구 서현동 91번지 서현1동 한양아파트 330동 옆 보도,20081031,127.1230399,37.3826383,42.88
R,HH구미-0340-1,0.7,A,성남시 분당구 구미동 145-1번지 앞 보도,19970731,127.1103926,37.345698,58.79
S,HH분당-0047-1,1.8,A,성남시 분당구 분당동 70번지 건영아파트 105동 앞 인도,20081031,127.1424171,37.3715863,59.09
S,HH서현-0148-1,2.2,A,성남시 분당구 서현동 87번지 시범단지 한신아파트 112동 왼편,20100331,127.1286084,37.3840855,50.13
R,HH구미-0311-1,0.9,A,성남시 분당구 구미동 81번지 202동 옆 녹지,19970731,127.1190845,37.3505627,52.04
S,HH정자-0661-1,0.7,A,성남시 분당구 정자동 186-6지번 정자역 엠코헤리츠 4단지 주차장 입구 옆 도로,20160510,127.1070422,37.3620064,43.52
S,HH구미-0480-1,1.3,A,성남시 분당구 구미동 226-7번지 건물 앞 도로측구,19951231,127.1222621,37.3401608,66.388
S,HH정자-0594-1,0.6,B,성남시 분당구 정자동 98-3 정자역 제나프라자 주차장 앞 도로,20050614,127.1075153,37.3676206,43.0686
S,HH정자-0642-1,0.4,A,성남시 분당구 정자동 189-8지번 상록마을 영동프라자 앞 도로,20180806,127.1074474,37.3676814,42.99
R,HH야탑-4361-1,0.7,A,성남시 분당구 야탑3동 150번지 테크노파크A동우축도로옆보도,19931231,127.1518312,37.404959,73.2391
S,HH야탑-0430-1,0.5,A,성남시 분당구 야탑동 150번지 테크노파크A동차량진입구우축보도,20080331,127.150818,37.4049875,71.7658
R,HH서현-0129-1,0.5,A,성남시 분당구 서현동 250-4번지 서현역 금호리빙스텔 주차장 입구 보도,20180607,127.1239175,37.3862141,33.716
R,HH서현-0136-2,0.8,A,성남시 분당구 서현동 96번지 서현1동 시범단지 우성아파트 202동 옆 인도,20100331,127.1309969,37.3816831,49.2271
R,HH수내-0318-1,1.0,A,성남시 분당구 수내동 73지번 푸른마을 신성APT 307동 옆 보도,20100331,127.1265455,37.3682528,65.29
R,HH야탑-0291-1,0.5,A,성남시 분당구 야탑동 217지번 매화마을 청구빌라 604동 옆,20100331,127.1406305,37.4128302,46.01
R,HH야탑-0298-1,1.5,A,성남시 분당구 야탑동 211번지 매화마을주공4단지아파트401동뒤보도,20100331,127.1413798,37.4130204,46.43
R,HH야탑-0500-2,0.7,A,성남시 분당구 야탑동 291-1지번 아델파크 오피스텔 앞 보도(은학의집 인근),20140805,127.1428912,37.412746,45.35
S,HH구미-0427-1,0.5,A,성남시 분당구 구미동 211번지 상가 앞 보도,19951231,127.1172661,37.3355114,66.61
R,HH정자-0040-1,0.5,A,성남시 분당구 정자동 116-2지번 한솔마을 주공APT 6단지 테니스장 옆 보증보도,20180806,127.1167925,37.3658267,60.598
S,HH서현-0121-1,1.3,A,성남시 분당구 서현동 96번지 시범단지 우성아파트 221동 옆 인도,20100331,127.1324467,37.3791055,52.62
S,HH구미-0616-1,0.3,A,성남시 분당구 구미동 248번지 주차장입구 앞 도로,20071231,127.1272879,37.3416392,100.685
S,HH정자-0588-2,0.8,A,성남시 분당구 정자동 6-2 정자초교 내 입구 옆 담밑 화단,20040531,127.105793,37.3742578,41.7159
R,HH금곡-0229-1,1.1,B,성남시 분당구 구미동 126번지 청솔종합복지관 어린이집 현관 옆,19951231,127.1105527,37.3537838,49.37
R,HH정자-0166-1,1.6,A,성남시 분당구 정자동 192지번 정든마을 신화APT 505동 뒤 도로,20100331,127.1177013,37.3618386,70.69
S,HH구미-0464-1,0.9,A,성남시 분당구 구미동 215 무지개마을 구미초등학교 정문 행정실 앞 화단,20100331,127.1184818,37.3376519,59.325
S,HH이매-0034-1,0.5,A,성남시 분당구 이매동 143번지 아름마을 효성아파트 706동옆 관리사무소,20081031,127.1223608,37.3941034,32.62
R,HH이매-0033-1,1.4,A,성남시 분당구 이매동 143번지 아름마을 효성아파트 705동옆,20081031,127.1214563,37.3940279,33.16
S,HH이매-0033-1,1.4,A,성남시 분당구 이매동 143번지 아름마을 효성아파트 705동옆,20081031,127.1214561,37.3940321,33.16
R,HH정자-0533-2,1.7,A,성남시 분당구 정자동 92-4지번 정자아이파크~삼성로얄팰리스 사이 보증보도,20170810,127.1109885,37.376149,35.993
R,HH금곡-0574-1,1.0,A,성남시 분당구 금곡동 201지번 분당종합사회복지관 옆 코오롱더프라우 앞 보도,20020430,127.1051354,37.3533082,48.678
S,HH정자-0149-1,0.7,A,성남시 분당구 정자동 193 정든마을 한진APT 8단지 내 분당유치원 내 놀이터,20060331,127.1171931,37.3597709,71.63
R,HH서현-0105-1,1.3,A,성남시 분당구 서현동 301번지 서현2동 효자촌 삼환아파트 511동 옆 인도,20100331,127.1353665,37.3739771,52.32
R,HH서현-0108-1,1.0,A,성남시 분당구 서현동 299번지 서현2동 효자촌 현대아파트 105동 뒤 녹지,20120331,127.1324181,37.3748857,49.22
S,HH구미-0433-1,0.6,B,성남시 분당구 구미동 212번지 정문 진입도로,19951231,127.1186419,37.3362559,66.314
S,HH야탑-0211-1,1.6,A,성남시 분당구 야탑1동 366-5번지 시그마호텔 옆 인도(BYC 라인),20040331,127.1296101,37.4104349,33.22
R,HH수내-0391-1,2.0,A,성남시 분당구 수내동 39-1지번 양지마을 한양APT 520동 앞 녹지,20140805,127.1158178,37.3735424,37.69
R,HH분당-0278-1,0.9,A,성남시 분당구 분당동 44-2지번 주택단지 내 한일인텔빌라 내 102동 옆 녹지,19970731,127.132605,37.3708315,56.73
S,HH분당-0282-1,1.0,A,성남시 분당구 분당동 35지번 샛별마을 동성APT 205동 옆 녹지,20100331,127.1319259,37.3714825,53.9717
R,HH구미-0508-1,2.3,A,성남시 분당구 구미동 277번지 대림빌라 옆 녹지,19980930,127.1267354,37.342648,93.89
R,HH구미-0510-1,0.7,B,"성남시 분당구 구미동 278-1번지 빌라드와이, 제일8단지 사이 진입도로",20180607,127.1247773,37.3427513,83.748
R,HH여수-0488-1,1.5,A,성남시 중원구 여수동 600번지 여수센트럴타운3단지 APT 319동 맞은편 상가 코너 보도,20121025,127.1307154,37.418862,32.227
S,HH이매-0028-1,0.7,A,성남시 분당구 이매동 116번지 이매촌 성지아파트 관리사무소옆 화단,20081031,127.1265852,37.39417,35.98
S,HH이매-0042-1,0.7,A,성남시 분당구 이매동 141번지 풍림아파트 501동옆 지하계단,20081031,127.1222422,37.3959791,33.79
S,HH이매-0041-1,1.3,A,성남시 분당구 이매동 142번지 아름마을 선경아파트603동 기계실옆,20081031,127.1218472,37.395752,34.21
S,HH수내-0325-1,0.6,A,성남시 분당구 수내동 76지번 푸른마을 쌍용APT 507동 앞 보도,20180806,127.1225002,37.3676622,60.752
S,HH서현-0147-1,0.6,A,성남시 분당구 서현동 87-1번지 시범단지 내 서현초등학교 뒤 주차장 내,20160510,127.1291878,37.3825584,47.495
S,HH정자-0634-1,0.4,A,성남시 분당구 정자동 96-1지번 정자역 정자역AK와이즈플레이스 옆 도로,20160510,127.105032,37.368476,41.314
R,HH구미-0393-1,0.4,A,성남시 분당구 구미동 187-5번지 105동 뒤 보도,20020430,127.1113128,37.3396935,54.196
R,HH구미-0397-1,0.3,B,성남시 분당구 구미동 186-1지번 오리역 팬텀프라자 주차장입구 도로,19980930,127.1099989,37.3386003,53.657
R,HH구미-0409-1,1.3,A,성남시 분당구 구미동 202번지 208동 경비실 뒤 녹지,20080331,127.1152222,37.3364438,60.41
R,HH야탑-0372-1,0.6,A,성남시 분당구 야탑동 148지번 분당테크노파크 B동 B주차장 녹지,20100331,127.1526955,37.4053076,70.74
S,HH야탑-0247-1,1.2,A,성남시 분당구 야탑2동 518번지 탑마을주공8단지A806동옆도로,20100331,127.1355477,37.4086368,38.4
R,HH야탑-0502-1,0.6,A,성남시 분당구 야탑동 513-3번지 라비앙빌딩후문입구녹지(돌마초교인근),20100331,127.129115,37.4091067,30.86
R,HH정자-0133-1,0.2,B,성남시 분당구 정자동 131-3 상록마을 샘물교회 입구 옆 보도,19951231,127.1135256,37.3617664,59.247
R,HH정자-0139-3,0.3,B,성남시 분당구 정자동 126-1 상록마을 영동프라자 부동산 옆 보도,19951231,127.1134318,37.3630202,58.93
S,HH야탑-0384-1,2.0,B,성남시 분당구 야탑3동 135-5번지 차량등록소 우측 보증보도 입구초(차량등록소 인근),20100331,127.1545778,37.4070065,76.12
S,HH야탑-0179-1,0.7,A,성남시 분당구 야탑1동 330번지 장미마을 동부코오롱APT 120동 옆 인도,20100331,127.123866,37.4144559,24.0
R,HH야탑-0249-2,1.9,A,성남시 분당구 야탑2동 518번지 탑마을주공8단지APT807동건너야탑천녹지,20100331,127.1349669,37.4078231,35.5563
S,HH야탑-0253-1,1.3,B,성남시 분당구 야탑동 166번지 목련마을 주공1단지APT 109동 110동 사이 주차장,20100331,127.1389911,37.408538,40.75
R,HH야탑-0250-1,0.5,A,성남시 분당구 야탑2동 520번지 하탑중학교내 뒤보도,20100331,127.1369525,37.4091873,40.54
S,HH서현-0134-1,1.1,A,성남시 분당구 서현동 96번지 서현1동 시범단지 우성아파트 211동 옆 녹지,20100331,127.1328962,37.3817869,49.61
S,HH야탑-0357-1,0.9,A,성남시 분당구 야탑동 177번지 목련마을 미원빌라 삼거리 도로,20060331,127.1487242,37.4075594,65.14
R,HH야탑-0358-1,0.2,A,성남시 분당구 야탑동 183번지 목련마을 미원빌라 삼거리 코너,20060331,127.1487019,37.4076484,65.16
R,HH야탑-0356-1,1.0,A,성남시 분당구 야탑동 183번지 목련마을미원빌라603동뒤녹지,20100331,127.1480827,37.4082177,66.45
R,HH이매-0011-1,1.7,A,성남시 분당구 이매동 181번지 이매촌 한신아파트 창의학교앞 보도,20060331,127.1251073,37.3897921,31.823
R,HH이매-0010-2,0.8,A,성남시 분당구 이매동 121번지 이매촌 동부코오롱아파트 106동 뒤 녹지(테니스장 옆),20170810,127.1252164,37.390257,33.373
R,HH이매-0034-1,0.5,A,성남시 분당구 이매동 143번지 아름마을 효성아파트 706동옆 관리사무소,20081031,127.1223629,37.394099,32.62
S,HH정자-0062-1,0.2,A,성남시 분당구 정자동 122지번 상록마을 우성APT 322동 뒤 녹지,20100331,127.110284,37.3643759,46.39
S,HH서현-0086-1,1.5,A,성남시 분당구 서현동 292번지 임광아파트 308동 옆 보도,20100331,127.1371325,37.376828,57.93
S,HH구미-0479-1,1.0,A,"성남시 분당구 구미동 222번지 무지개마을 건영,삼성10단지 APT 1008동 앞 주차장",20100331,127.1204028,37.3382121,66.01
R,HH수내-0581-1,1.3,A,성남시 분당구 수내동 16-4번지 수내역 삼라마이다스빌 앞 보도,20040531,127.1134869,37.3770916,38.18
R,HH야탑-0353-1,0.3,A,성남시 분당구 야탑3동 181번지 목련마을 삼정빌라 나동 앞,20081031,127.1472544,37.4092951,69.79
R,HH금곡-0675-1,0.6,A,썬프라자 주차장 입구,20201228,127.1107543,37.3505824,52.682
R,HH분당-0039-1,0.8,B,성남시 분당구 분당동 74번지 신안시네하우스 201동 경비실 앞 화단,19980930,127.1392346,37.3683859,73.3465
S,HH수내-0413-1,0.4,A,성남시 분당구 수내동 6-7 수내역 흥국생명 빌딩 앞 보도,19970731,127.115975,37.3788848,37.15
S,HH정자-0568-1,0.4,A,성남시 분당구 정자동 96-1지번 정자역 젤존타워2 앞 도로,20040531,127.1060422,37.3646626,40.57
R,HH분당-0026-1,1.4,A,성남시 분당구 분당동 114번지 장안중학교 앞 보도,20150805,127.1458159,37.3715941,65.205
R,HH야탑-0243-1,2.0,A,성남시 분당구 야탑2동 526번지 탑마을경남A711동지하주차장램프옆녹지,20060331,127.131934,37.4068885,35.25
R,HH야탑-0231-1,0.7,B,성남시 분당구 야탑2동 96-7지번 돌마초교내 후문 입구 앞,20100331,127.1300808,37.4093305,32.41
R,HH야탑-0230-1,1.0,B,성남시 분당구 야탑2동 96-7지번 돌마초교내 뒤편 주차장,19980930,127.1298311,37.4094061,32.43
R,HH야탑-0229-1,2.0,B,성남시 분당구 야탑2동 96-7지번 돌마초교내 좌측 경계휀스 녹지,19980930,127.129604,37.4094972,32.45
S,HH분당-0004-1,0.7,A,성남시 분당구 분당동 132번지 요한성당 앞 도로,20180607,127.1478066,37.3686435,91.45
R,HH서현-0121-1,1.3,A,성남시 분당구 서현동 96번지 시범단지 우성아파트 221동 옆 인도,20100331,127.1324444,37.3791075,52.62
R,HH야탑-0383-2,0.2,B,성남시 분당구 야탑3동 135-5번지 차량등록소 우측 보증보도 앞 도로 2차선(차량등록소 인근),20100331,127.1547055,37.4068987,74.85
R,HH서현-0685-1,0.9,A,성남시 분당구 서현동 247-5번지 서현역 광림빌딩 주차장 입구 앞 도로,20140805,127.1248493,37.3854235,34.182
S,HH서현-0689-1,1.0,A,성남시 분당구 분당동 88번지 서현지엔느 앞 도로,20180607,127.1251343,37.3836497,40.304
R,HH야탑-0162-3,0.0,A,성남시 분당구 야탑1동 351번지 차병원 암센터 내 주차장(매립),19931231,127.1253447,37.4106636,30.41
R,HH구미-0368-1,0.8,A,성남시 분당구 구미동 110번지 주공5단지아파트 관리사무소 옆,20081031,127.1172297,37.346005,52.05
R,HH구미-0314-1,1.0,A,성남시 분당구 구미동 82번지 106동 옆 녹지,20010430,127.1198611,37.3494472,51.924
S,HH구미-0313-1,1.0,A,성남시 분당구 구미동 82번지 106동 옆 녹지,20010430,127.1197745,37.3495852,53.03
S,HH구미-0316-1,0.9,A,성남시 분당구 구미동 88번지 까치마을 주공2단지아파트 상가 앞 보도,20081031,127.117267,37.3468423,51.51
S,HH야탑-0371-1,0.8,A,성남시 분당구 야탑3동 151번지 테크노파크E동건물앞,20100331,127.1520459,37.4042551,85.69
R,HH야탑-0369-1,0.8,A,성남시 분당구 야탑3동 151번지 테크노파크D동상가부동산앞인도,20100331,127.151656,37.4047622,73.04
S,HH정자-0136-1,1.0,B,성남시 분당구 정자동 130-3 상록마을 한라프라자 입구 옆 보도,19951231,127.1133987,37.3622788,58.92
R,HH정자-0135-1,0.5,B,성남시 분당구 정자동 130-6 상록마을 샘물교회~현빌딩 사이 보증보도,19951231,127.1134013,37.3620215,59.73
R,HH야탑-0242-2,0.8,A,성남시 분당구 야탑2동 526번지 탑마을경남A입구도로,20140805,127.1313291,37.4064271,32.915
S,HH야탑-0408-1,1.0,A,성남시 분당구 야탑동 513-3번지 라바앙오피스텔뒤녹지(돌마초교인근),20090506,127.1290735,37.4089036,31.35
S,HH여수-0458-2,0.9,A,성남시 중원구 여수동 200번지 성남시청 정문 건너편 도로(성남시청 인근),20100324,127.1278011,37.4187427,27.642
S,HH여수-0493-1,1.3,A,성남시 중원구 여수동 601번지 여수연꽃마을어울림4단지 APT 403동옆 도로 2차선,20121025,127.1363671,37.4183243,38.911
R,HH야탑-0132-4,0.4,A,성남시 분당구 야탑2동 535번지 탑마을대우아파트206동앞아이미소어린이집,19931231,127.1209254,37.406822,32.64
R,HH금곡-0575-1,1.0,B,성남시 분당구 금곡동 208번지 주차장입구 도로,20020430,127.1054036,37.351523,51.407
R,HH정자-0450-1,0.3,A,성남시 분당구 정자동 77지번 느티마을 주택단지 내 백현중학교 내 뒤 보도,20100331,127.1105402,37.3715103,41.15
S,HH정자-0118-1,1.0,A,성남시 분당구 정자동 124지번 상록마을 라이프APT 108동 옆 놀이터 앞 도로,20100331,127.1101337,37.3624757,42.52
R,HH여수-0451-1,0.9,A,성남시 중원구 여수동 200번지 성남시청 (성남시청 인근),20200305,127.1282308,37.4186603,29.898
S,HH서현-0163-1,0.8,A,성남시 분당구 서현동 91번지 서현1동 한양아파트 325동 앞 보증보도,20180806,127.1251985,37.3827108,41.941
S,HH야탑-0313-1,1.4,A,성남시 분당구 야탑동 215번지 매화2단지APT215동분리수거함앞,20060331,127.1348578,37.4139196,37.64
S,HH야탑-0420-1,0.6,A,성남시 분당구 야탑동 518번지 탑마울주공8단지 APT806동야탑천건너편녹지,20060331,127.1359603,37.4079351,37.699
S,HH야탑-0248-1,0.3,A,성남시 분당구 야탑2동 518번지 탑마을주공8단지A806동옆주차장,20100331,127.1357318,37.40818,36.31
R,HH야탑-0239-1,0.3,A,성남시 분당구 야탑2동 517번지 탑마을벽산아파트605동옆녹지,20010430,127.1335212,37.4081096,37.87
S,HH야탑-0245-1,1.3,A,성남시 분당구 야탑2동 518번지 주공8단지A801동옆주차장,20100331,127.1342694,37.4088687,38.56
S,HH야탑-0269-1,0.2,A,성남시 분당구 야탑동 265지번 건영빌라 915동 앞 도로,20100331,127.1406248,37.4097663,54.89
R,HH야탑-0433-1,0.5,A,성남시 분당구 야탑동 265지번 건영빌라 915동 상가앞 보도,20080331,127.1406098,37.4100525,54.13
S,HH야탑-0196-1,1.0,A,성남시 분당구 야탑동 334번지 장미마을 현대 APT 828동 상가 주차장,20100331,127.1335776,37.4154525,33.96
R,HH구미-0283-1,0.8,A,성남시 분당구 구미동 53-1번지 애견카페 앞 보도,20100331,127.1100473,37.347484,58.099
R,HH구미-0285-1,1.0,B,성남시 분당구 구미동 48번지 유치원 정문 앞,19951231,127.1113019,37.3475224,54.055
R,HH정자-0455-2,0.7,A,성남시 분당구 정자동 29지번 느티마을 경남/선경빌라 105동 밖 녹지,20060331,127.1099727,37.3731969,39.85
R,HH분당-0297-1,0.5,A,성남시 분당구 분당동 39지번 샛별마을 샛별유치원 입구 보도,20100331,127.1277341,37.3704153,60.41
R,HH야탑-0453-1,1.0,A,성남시 분당구 야탑동 486번지 종합운동장 볼링장 옆 보도,20100324,127.1194195,37.4085423,32.039
R,HH서현-0168-1,1.5,A,성남시 분당구 서현동 91번지 서현1동 한양아파트 327동 옆 녹지,20081031,127.1227975,37.3816394,42.05
R,HH정자-0603-1,2.0,A,성남시 분당구 정자동 178-6번지 학교 내 화단,20050614,127.1058452,37.3574623,45.336
S,HH정자-0035-3,0.8,B,성남시 분당구 정자동 115지번 한솔마을 한솔고등학교 내 뒤 보도,19951231,127.1159365,37.3670726,54.64
S,HH정자-0031-1,0.9,A,성남시 분당구 정자동 120지번 한솔마을 주공APT 405동 앞 녹지,20100331,127.118353,37.3675659,59.44
S,HH야탑-0452-1,0.9,A,성남시 분당구 야탑동 486번지 종합운동장 매표소 앞 광장,20100324,127.1226372,37.4096702,28.084
R,HH수내-0310-1,0.3,B,성남시 분당구 수내동 80지번 푸른마을 수내3동주민센타 뒤 보도,19931231,127.1262791,37.3668132,67.77
S,HH수내-3161-6,0.8,A,성남시 분당구 수내동 74지번 푸른마을 쌍용APT 404동 옆 화단,20140805,127.1256056,37.3673296,64.7
S,HH금곡-0195-2,1.5,A,성남시 분당구 금곡동 181번지 302동 옆 보도,20100331,127.1062395,37.3559353,49.51
R,HH서현-0612-2,0.5,A,성남시 분당구 서현동 259-1번지 서현역 마사회 앞 도로 2차선,20160510,127.1209604,37.3868044,33.189
R,HH서현-0677-1,1.0,A,성남시 분당구 서현동 312-4번지 효자촌 미래타운 범한프라자 서울우유지점 앞 보도,20180806,127.1394368,37.3720661,51.832
S,HH정자-0144-1,0.4,A,성남시 분당구 정자동 189-8 상록마을 금곡프라자 앞 도로,20180806,127.1142836,37.3627453,60.802
R,HH정자-0060-1,2.0,A,성남시 분당구 정자동 122지번 상록마을 우성APT 319동 뒤 녹지,20100331,127.1115664,37.3652947,47.44
R,HH야탑-0297-1,1.5,A,성남시 분당구 야탑동 212번지 중탑초등학교 뒤 건물후문앞,20100331,127.1396559,37.4140874,42.64
S,HH야탑-0334-1,1.2,A,성남시 분당구 야탑동 205번지 매화마을주공3단지아파트315동앞,20060331,127.1427598,37.4146178,42.51
R,HH야탑-0397-1,0.5,A,성남시 분당구 야탑동 517번지 탑마을벽산아파트602동좌측녹지,20060331,127.1336074,37.4091402,39.27
R,HH야탑-0195-1,1.0,A,성남시 분당구 야탑1동 334번지 장미마을 현대 APT 관리소진입 도로 좌측,20060331,127.1321648,37.4158802,32.88
S,HH야탑-0478-1,1.6,A,성남시 분당구 야탑동 334번지 장미마을 현대 APT 808-807사이녹지,20140805,127.1309078,37.4153528,29.92
R,HH구미-0359-1,1.3,A,성남시 분당구 구미동 115번지 오리초 뒤 인입,20100331,127.1153323,37.3444806,52.458
S,HH구미-0358-1,1.7,A,성남시 분당구 구미동 115번지 오리초 옆 녹지,20180607,127.1148019,37.344647,51.904
R,HH구미-0361-1,0.8,B,성남시 분당구 구미동 117번지 벽산빌라 3동 옆 보도,19951231,127.1159406,37.3430085,52.27
S,HH금곡-0200-1,0.9,A,성남시 분당구 금곡동 180번지 화인유천2단지 아파트 202동 옆 주영교회 현관,19951231,127.1063693,37.354818,49.02
R,HH구미-0316-1,0.9,A,성남시 분당구 구미동 88번지 까치마을 주공2단지아파트 상가 앞 보도,20081031,127.1172675,37.346838,51.51
S,HH구미-0315-1,1.4,B,성남시 분당구 구미동 88번지 201동 옆 녹지,19951231,127.1163017,37.3470957,51.86
R,HH구미-0287-2,1.4,A,성남시 분당구 구미동 66번지 310동 앞 보도,20140805,127.1138177,37.3492973,51.2815
R,HH구미-0286-1,0.5,A,성남시 분당구 구미동 66번지 310동 놀이터 옆 녹지,20100331,127.1136899,37.3497511,52.71
R,HH야탑-0327-1,0.9,A,성남시 분당구 야탑동 205번지 매화주공3단지아파트옆뽀뽀뽀유치원옆지하교회입구,19951031,127.1385834,37.4150024,38.44
S,HH구미-0283-1,0.8,A,성남시 분당구 구미동 53-1번지 애견카페 앞 보도,20100331,127.1100435,37.3474868,58.118
S,HH구미-0285-1,1.0,B,성남시 분당구 구미동 48번지 유치원 정문 앞,19951231,127.1113044,37.3475221,54.201
R,HH구미-0284-1,1.5,A,성남시 분당구 구미동 20번지 206동 앞 화단,20100331,127.1097539,37.3473166,60.287
S,HH야탑-0133-2,0.8,A,성남시 분당구 야탑2동 536번지 탑마을선경아파트105동뒤녹지,20100331,127.1229727,37.4071706,30.37
R,HH야탑-0134-2,0.9,A,성남시 분당구 야탑2동 536번지 선경 APT 내 늘사랑 유치원 앞,20100331,127.1232137,37.407132,30.1432
S,HH야탑-0135-1,0.7,A,성남시 분당구 야탑2동 536번지 탑마을선경아파트105동옆늘사랑유치원뒤,20100331,127.1233786,37.407362,31.16
S,HH야탑-0376-1,0.5,A,성남시 분당구 야탑동 148번지 분당테크노파크 기숙옆 녹지(테크노B동~SK아파트사이),19980930,127.1539622,37.4057103,76.94
R,HH분당-0050-1,1.0,A,성남시 분당구 분당동 72번지 대진고등학교 옆 보도(현진에버빌 옆 통행로),20180806,127.1393725,37.3691599,63.788
S,HH야탑-0288-1,0.8,B,성남시 분당구 야탑3동 219-3번지 야구학교 앞 보도(은학의집 인근),20060331,127.1434158,37.4116627,56.47
R,HH야탑-0423-1,1.3,A,성남시 분당구 야탑동 219-2번지 야탑3동 브라운스톤 오피스텔 우측 보도,20060331,127.1426048,37.4116646,55.0116
R,HH야탑-0184-1,0.5,A,성남시 분당구 야탑동 330번지 동부코오롱APT 124동 뒤 도로,20080331,127.124772,37.4152205,29.48
S,HH구미-0540-1,0.1,A,성남시 분당구 구미동 299-1번지 구미중학교 입구,20030530,127.124354,37.3455738,99.709
R,HH구미-0539-1,0.5,A,성남시 분당구 구미동 185-1번지 주차장 입구 보도,19951231,127.1095649,37.3392987,54.088
R,HH정자-0542-1,0.4,A,성남시 분당구 정자동 189-8 상록마을 영동프라자 앞 도로,20180806,127.1133922,37.3629788,57.443
R,HH구미-0426-2,0.6,A,성남시 분당구 구미동 211번지 입구 상가 옆 도로,20060331,127.1174148,37.3356571,65.263
S,HH분당-0049-2,0.5,A,성남시 분당구 분당동 70번지 건영아파트 112동 옆 분수대 앞 보도,20150805,127.1409475,37.3702754,58.646
S,HH금곡-0253-1,1.2,A,성남시 분당구 금곡동 141번지 811동 지하주차장 앞 보도,20081031,127.1121931,37.3517527,51.67
R,HH금곡-0252-1,0.2,B,성남시 분당구 금곡동 141번지 대원8단지아파트 내 즐거운유치원 데크아래,19951231,127.1116144,37.3516036,52.44
S,HH구미-0470-1,0.7,A,성남시 분당구 구미동 225번지 상가 옆 동사무소 뒤,20100331,127.1209091,37.3397456,66.1
R,HH구미-0469-1,0.5,A,성남시 분당구 구미동 211번지 무지개마을 청구5단지 상가 옆 보도,20080331,127.1201157,37.3395149,62.323
R,HH구미-0481-1,1.0,A,"성남시 분당구 구미동 222번지 무지개마을 건영,삼성10단지 APT 1001동 주차장 내",20081031,127.1211917,37.3387167,70.94
R,HH구미-0480-1,1.3,A,성남시 분당구 구미동 226-7번지 건물 앞 도로측구,19951231,127.1222593,37.3401584,66.377
R,HH야탑-0237-1,0.8,A,성남시 분당구 야탑동 166번지 목련마을주공1단지APT110앞주차장,20180607,127.1394042,37.4085174,39.993
R,HH분당-0045-1,0.8,A,성남시 분당구 분당동 91번지 장안초등학교 뒤 인도,20100331,127.1444739,37.3725351,58.79
R,HH분당-0048-1,0.6,A,성남시 분당구 분당동 70번지 건영아파트 112동 앞 주차장,20081031,127.1415965,37.3710313,56.95
R,HH분당-0047-1,1.8,A,성남시 분당구 분당동 70번지 건영아파트 105동 앞 인도,20081031,127.142412,37.3715886,59.09
R,HH정자-0602-1,0.7,A,성남시 분당구 정자동 170-1지번 정자역 아테나루체 B동 옆 보도,20050614,127.1061117,37.3606782,45.18
S,HH정자-0636-1,0.6,A,성남시 분당구 정자동 186-1지번 정자역 정자동3차푸르지오시티 앞 도로,20160510,127.1058845,37.3626161,43.281
S,HH야탑-0350-1,2.0,B,성남시 분당구 야탑3동 179번지 목련마을 두원빌라 경비실 위 녹지,19951031,127.1458348,37.4088023,63.09
R,HH구미-0437-1,1.2,A,성남시 분당구 구미동 205-6 무지개마을 캐리맥스 통상(세창빌딩) 옆 녹지,20020430,127.1170834,37.336936,59.146
S,HH구미-0639-1,0.6,A,성남시 분당구 구미동 188번지 엠타워 주차장입구 도로,20090506,127.1102752,37.3377348,53.177
R,HH정자-0047-1,0.5,A,성남시 분당구 정자동 116-2지번 한솔마을 주공APT 6단지 새소망유치원 옆 보증보도,20180806,127.116802,37.3640411,65.067
S,HH수내-0392-6,1.3,B,성남시 분당구 수내동 25지번 분당고등학교 뒤 보도,19931231,127.1158096,37.375501,41.51
R,HH정자-0019-1,0.7,A,성남시 분당구 정자동 102지번 한솔마을 주공4단지 내 남서울어린이집 맞은편 녹지,20100331,127.1178674,37.3684692,56.66
R,HH야탑-0314-1,1.2,A,성남시 분당구 야탑동 215번지 매화2단지APT212동입구도로후문,20100331,127.1344185,37.4143203,37.4
R,HH야탑-0315-1,1.4,A,성남시 분당구 야탑동 215번지 매화2단지APT209동옆녹지,20100331,127.1352581,37.4147435,38.17
R,HH서현-0148-1,2.2,A,성남시 분당구 서현동 87번지 시범단지 한신아파트 112동 왼편,20100331,127.1286114,37.3840828,50.13
R,HH서현-0147-1,0.6,A,성남시 분당구 서현동 87-1번지 시범단지 내 서현초등학교 뒤 주차장 내,20160510,127.1291889,37.3825531,47.502
R,HH서현-0150-1,2.5,A,성남시 분당구 서현동 87번지 시범단지 시범단지 한신아파트 120동 옆 보도,20140805,127.1268925,37.3856116,40.1089
S,HH수내-0581-1,1.3,A,성남시 분당구 수내동 16-4번지 수내역 삼라마이다스빌 앞 보도,20040531,127.1134841,37.3770899,38.18
R,HH수내-0408-1,0.5,A,성남시 분당구 수내동 5-4지번 수내역 삼성보보스 쉐르빌 입구 옆 보증보도,20040530,127.117679,37.3798674,36.93
R,HH구미-0484-1,0.3,A,성남시 분당구 구미동 236번지 화단 내,19980930,127.1244494,37.3380979,104.091
S,HH구미-0475-2,1.4,A,"성남시 분당구 구미동 222번지 무지개마을 건영,삼성10단지 APT 차단기 앞 보도",20180806,127.1203339,37.3383817,63.056
R,HH구미-0479-1,1.0,A,"성남시 분당구 구미동 222번지 무지개마을 건영,삼성10단지 APT 1008동 앞 주차장",20100331,127.1204049,37.3382099,66.01
R,HH구미-0478-1,1.5,B,성남시 분당구 구미동 222번지 아파트 진입로,19951231,127.1204624,37.3383456,66.35
S,HH구미-0265-2,2.0,A,"성남시 분당구 구미동 9-1번지 상가 앞 보도, 도로",20140930,127.1080193,37.3493628,56.818
R,HH구미-0266-1,1.7,A,성남시 분당구 구미동 11-1번지 뒤 보도,19951231,127.1078258,37.3487581,57.677
S,HH수내-0322-1,0.7,A,성남시 분당구 수내동 126-2지번 푸른마을 수내초등학교 정류장 옆 보도,20180806,127.1243931,37.3684156,58.5
R,HH야탑-0380-2,0.6,B,성남시 분당구 야탑3동 147번지 목련마을 SK아파트 604동 옆 도로 2차선,20100331,127.1547653,37.4066769,74.9
S,HH정자-0043-1,0.3,B,"성남시 분당구 정자동 117-3지번 한솔마을 주공APT 5,6단지 관리사무소 옆 보증보도",19951231,127.1164738,37.3649981,63.9
S,HH서현-0061-1,1.0,A,성남시 분당구 서현동 308번지 서현2동 그린타운 LG아파트 내 623동 뒤 인도,20081031,127.1355689,37.3718107,55.4514
R,HH서현-0206-1,1.2,A,성남시 분당구 서현동 92번지 서현1동 시범단지 현대아파트 405동 앞 도로,20100331,127.1272909,37.378183,54.28
R,HH야탑-0330-2,1.2,B,성남시 분당구 야탑동 205번지 매화마을 주공3단지APT 307동 앞 도로,20100331,127.140122,37.41467,37.58
S,HH야탑-0394-1,0.7,B,성남시 분당구 야탑2동 390번지 성당 위 성마르코유치원 앞 보도(마르코성당 라인),19931231,127.1333239,37.4109106,48.85
R,HH야탑-0284-1,0.5,A,성남시 분당구 야탑동 270지번 매화마을 화성빌라 702동 진입로,20100331,127.1397961,37.4118028,50.16
R,HH수내-0345-2,0.5,A,성남시 분당구 수내동 63-1 파크타운 금산프라자 옆 보도,20100331,127.1222877,37.3704439,56.24
R,HH수내-0696-2,1.2,A,성남시 분당구 수내동 40-5 수내역 분당다운타운빌딩 옆 횡단보도 위,20170810,127.111828,37.3768233,36.405
R,HH수내-0582-1,1.4,A,성남시 분당구 수내동 16-3번지 수내역 코포모타워 빌딩 앞 보도,20040531,127.1137152,37.3772674,38.08
S,HH정자-0451-1,0.9,A,성남시 분당구 정자동 79-3지번 느티마을 주택단지 내 마테오성당 앞 보증보도,19970731,127.1103116,37.3717794,40.3622
R,HH수내-0362-2,1.6,A,성남시 분당구 수내동 55지번 파크타운 롯데APT 130동 옆 녹지,20080331,127.1195715,37.3714307,46.31
R,HH수내-0361-1,1.1,A,성남시 분당구 수내동 55지번 파크타운 롯데APT 130동 뒤 주차장,20100331,127.1197786,37.3716135,46.41
S,HH구미-0391-1,0.5,A,성남시 분당구 구미동 187-1번지 체리빌오피스텔 앞 보도,20010430,127.1103684,37.3395642,55.862
S,HH구미-0384-1,0.9,A,성남시 분당구 구미동 174번지 하역장 앞 보도,20000331,127.1072808,37.3392805,59.35
S,HH야탑-0370-1,0.9,A,성남시 분당구 야탑3동 151번지 테크노파크D동건물앞,20100331,127.1500462,37.4040058,85.69
R,HH구미-0420-1,0.4,B,성남시 분당구 구미동 202지번 무지개마을 LG아파트 207동 옆 도로측구,19951231,127.1154689,37.337122,55.215
R,HH구미-0408-1,1.0,A,성남시 분당구 구미동 195 구미동 하수종말처리장 옆 녹지,19970731,127.1136545,37.3407951,52.059
S,HH야탑-0156-1,0.0,A,성남시 분당구 야탑1동 355-3번지 김철용치과 금호프라자 사이 골목(매립)(여성차병원뒤 먹자골목),19980930,127.1269731,37.4106276,29.82
R,HH수내-0330-1,1.1,A,성남시 분당구 수내동 75 푸른마을 쌍용APT 401동 옆 화단,20160804,127.1245678,37.3694141,58.57
R,HH이매-0035-1,0.3,B,성남시 분당구 이매동 143번지 아름마을 효성아파트 702동 상가옆,19931231,127.1222743,37.3945418,32.1
R,HH야탑-0430-1,0.5,A,성남시 분당구 야탑동 150번지 테크노파크A동차량진입구우축보도,20080331,127.1508188,37.4049912,71.7672
S,HH정자-0653-2,0.8,A,성남시 분당구 정자동 96-1지번 정자역 노비오스호텔 옆 보도,20140805,127.1072078,37.3667114,43.053
S,HH정자-0566-1,0.5,A,성남시 분당구 정자동 98-3지번 정자역 정자역프라자 뒤 도로,20040531,127.1075227,37.3669532,42.7927
S,HH구미-0522-1,0.5,B,성남시 분당구 구미동 293지번 무지개마을 청구빌라 803동 옆 도로,19980930,127.1261031,37.3447877,102.27
S,HH금곡-0236-1,0.9,A,성남시 분당구 구미동 126번지 601동 앞 보도,20081031,127.112053,37.3533371,49.56
S,HH야탑-0226-1,0.8,A,성남시 분당구 야탑2동 540-1지번 야탑역 4거리 농협 앞 녹지 조경안쪽(돌마초교 인근),20100331,127.1290913,37.4096202,30.62
R,HH야탑-0455-2,1.5,A,성남시 분당구 야탑동 514-4지번 프리아 오피스텔 좌측 놀이터앞 우측 보도,19931231,127.1308267,37.4096301,32.41
S,HH구미-0352-1,0.6,A,성남시 분당구 구미동 112번지 상가 앞 도로,20100331,127.1138413,37.3454996,53.13
R,HH수내-0653-2,0.9,A,성남시 분당구 수내동 55지번 파크타운 롯데A 130동 앞 테니스장 앞 녹지,20140805,127.1196231,37.371326,43.92
R,HH수내-0346-1,2.0,A,성남시 분당구 수내동 52지번 파크타운 서안APT 111동 옆 녹지,20100331,127.1224696,37.3719508,53.59
S,HH수내-0340-1,1.4,A,성남시 분당구 수내동 52지번 파크타운 서안APT 110동 뒤 녹지,20100331,127.1250918,37.372045,53.64
R,HH수내-0317-1,0.6,A,성남시 분당구 수내동 74지번 푸른마을 아름다운유치원 내 보도,19931231,127.1253785,37.3675217,65.08
S,HH도촌-0468-1,2.0,A,성남시 중원구 도촌동 700번지 섬마을 휴먼시아1단지APT 113동 뒤 운동기구 앞 녹지,20110315,127.1470194,37.4128547,43.782
S,HH구미-0392-3,0.3,A,성남시 분당구 구미동 187-5 오리역 노블빌리지 오피스텔 105동 뒤 보도,19951231,127.1113979,37.3397667,54.098
S,HH야탑-0514-2,1.5,A,성남시 분당구 야탑동 330번지 장미마을 동부코오롱 APT 114동 옆 여수천 법사면,20170810,127.1268891,37.4143274,24.65
R,HH이매-0009-1,0.4,A,성남시 분당구 이매동 123번지 이매촌 청구아파트 세븐일레븐편의점앞 횡단보도내,20170810,127.1261379,37.3908131,33.941
R,HH분당-0004-1,0.7,A,성남시 분당구 분당동 132번지 요한성당 앞 도로,20180607,127.1478098,37.3686492,91.441
R,HH서현-0167-1,1.4,A,성남시 분당구 서현동 91번지 서현1동 한양아파트 330동 옆 보도,20081031,127.1230393,37.3826436,42.88
R,HH서현-0162-1,0.3,A,성남시 분당구 서현동 87번지 시범단지 삼성.한신아파트 122동 앞 단지 내 보도,20180607,127.1261778,37.3844852,41.492
S,HH서현-0164-1,1.4,A,성남시 분당구 서현동 91번지 서현1동 한양아파트 333동 옆 단지 입구 도로,20140805,127.1242161,37.3828017,43.95
S,HH금곡-0258-1,1.0,A,성남시 분당구 금곡동 154번지 미금역 우방코아 와 미금프라자 사이,19951231,127.1102288,37.3503245,53.89
R,HH금곡-0257-1,1.0,A,성남시 분당구 금곡동 157번지 미금역 2번출구 금산잼월드 앞 보도,20150805,127.1096753,37.3502345,53.395
S,HH야탑-0204-1,1.2,B,성남시 분당구 야탑1동 360-5번지 LG서비스센터 주차장 입구,19931231,127.129497,37.4129145,32.0
R,HH야탑-0191-1,0.8,A,성남시 분당구 야탑1동 334번지 야탑중학교 내 뒤편 보도,20060331,127.1315095,37.4167346,32.71
S,HH야탑-0284-1,0.5,A,성남시 분당구 야탑동 270지번 매화마을 화성빌라 702동 진입로,20100331,127.1397913,37.4118038,50.16
S,HH야탑-0258-1,1.1,A,성남시 분당구 야탑동 166번지 목련마을 주공1단지APT 101동앞 좌측주차장,20060331,127.1414118,37.4076371,46.73
R,HH야탑-0207-1,0.7,A,성남시 분당구 야탑1동 363번지 야탑1동주민센터 옆 보도,20000331,127.1304326,37.4117882,38.28
R,HH야탑-0412-1,0.3,A,성남시 분당구 야탑동 360-1번지 시그마3 뒤 주차장 입구 좌측 도로,20050614,127.1297053,37.4132691,32.57
S,HH야탑-0202-2,0.8,A,성남시 분당구 야탑동 360-4번지 궁전프라자 주차장 입구,20140805,127.1294708,37.4131707,30.44
S,HH구미-0375-1,1.7,A,성남시 분당구 구미동 111번지 307동 뒤 녹지,20120331,127.1185088,37.3440772,54.64
S,HH구미-0377-1,1.5,A,성남시 분당구 구미동 111번지 405동 옆,20081031,127.1174626,37.3442292,54.38
S,HH구미-0389-1,0.4,A,성남시 분당구 구미동 187-1 오리역 한솔체리빌 오피스텔 옆 횡단보도 내,19951231,127.1102756,37.3397324,54.432
S,HH야탑-0318-1,0.6,A,성남시 분당구 야탑동 201번지 매화마을주공1단지A105동앞주차장,20060331,127.1361944,37.4155172,35.05
R,HH여수-0464-1,0.6,A,성남시 중원구 여수동 200번지 동부코오롱아파트139동 맞은편 성남시청녹지앞 보도,20100324,127.1244812,37.4171676,27.413
R,HH이매-0084-1,0.9,A,성남시 분당구 이매동 99번지 이매촌 삼환아파트 1106동 옆 인도,20081031,127.1258337,37.4046226,32.14
S,HH이매-0083-1,1.0,A,성남시 분당구 이매동 99번지 이매촌 삼환아파트 1104동 앞 인도,20081031,127.1269363,37.4044684,31.9462
R,HH야탑-0248-1,0.3,A,성남시 분당구 야탑2동 518번지 탑마을주공8단지A806동옆주차장,20100331,127.13573,37.4081848,36.31
R,HH분당-0041-1,1.4,B,성남시 분당구 분당동 73번지 현진에버빌 빌라 옆 녹지,20060331,127.1388771,37.3684796,72.46
R,HH분당-0038-1,0.5,B,성남시 분당구 분당동 74번지 신안시네하우스 301동 옆 화단 녹지,19980930,127.1396783,37.368218,75.5
S,HH분당-0034-1,0.8,A,성남시 분당구 분당동 94번지 프라임하우스 앞 2차선 도로,20150805,127.1454318,37.371549,63.521
S,HH정자-0618-1,1.0,A,성남시 분당구 정자동 16-2지번 정자역 정자동2차푸르지오시티 옆 사거리 보도,20120331,127.1057952,37.3684624,40.5674
S,HH구미-0399-1,0.6,A,성남시 분당구 구미동 187-5번지 101동 앞 보도,20020430,127.1108111,37.338209,52.552
S,HH여수-0451-1,0.9,A,성남시 중원구 여수동 200번지 성남시청 (성남시청 인근),20200305,127.1282235,37.4186559,29.893
R,HH야탑-0520-1,0.5,B,성남시 분당구 야탑동 518지번 탑마을 주공8단지APT 809동 야탑교 건너편 녹지(HH-A-398옆),20010430,127.1341916,37.4078057,33.89
S,HH야탑-0520-1,0.5,B,성남시 분당구 야탑동 518지번 탑마을 주공8단지APT 809동 야탑교 건너편 녹지(HH-A-398옆),20010430,127.1341992,37.4078073,33.89
S,HH수내-0312-6,0.8,B,성남시 분당구 수내동 80지번 푸른마을 수내3동주민센타 뒤 보도,19931231,127.1262571,37.3668567,67.77
R,HH수내-0312-6,0.8,B,성남시 분당구 수내동 80지번 푸른마을 수내3동주민센타 뒤 보도,19931231,127.1262587,37.3668579,67.77
R,HH수내-0390-6,0.6,B,성남시 분당구 수내동 38-2지번 양지마을 금호상가 옆 도로,19931231,127.1169625,37.375553,39.83
R,HH야탑-0293-1,0.6,A,성남시 분당구 야탑동 217번지 매화마을청구 빌라604동옆녹지,20100331,127.1397552,37.4126985,47.99
R,HH야탑-0435-1,0.8,A,성남시 분당구 야탑동 216번지 성남정보산업고교 정면 우측 녹지,20100331,127.1382141,37.4135026,45.634
R,HH야탑-0303-1,1.3,A,성남시 분당구 야탑동 211번지 매화마을주공4단지아파트402동정문우측보도,20060331,127.1409071,37.413318,44.98
S,HH야탑-0353-1,0.3,A,성남시 분당구 야탑3동 181번지 목련마을 삼정빌라 나동 앞,20081031,127.1472507,37.4092956,69.79
R,HH정자-0020-1,0.6,B,성남시 분당구 정자동 102-1지번 한솔마을 주공4단지 관리사무소 옆 상가 앞 보도,19951231,127.1172572,37.368658,53.38
R,HH정자-0117-1,1.3,B,성남시 분당구 정자동 169-1지번 정자역 아데나팰리스 A동 앞 보도,19951231,127.1078935,37.3603648,41.931
S,HH구미-0641-1,1.4,A,성남시 분당구 구미동 293번지 무지개마을 청구빌라 801동 옆 도로(대광사 인입밸브),19951231,127.1260366,37.3457946,105.042
R,HH야탑-0352-1,1.1,B,성남시 분당구 야탑3동 180번지 목련마을 드래곤빌라 경비실 앞 화단,19931231,127.1466741,37.409059,66.62
S,HH정자-0127-2,0.7,A,성남시 분당구 정자동 189-7지번 상록마을 라이프APT UCiC어린이집 앞 보도,19951231,127.1120624,37.3617494,51.112
S,HH정자-0573-1,0.7,A,성남시 분당구 정자동 189-7지번 상록마을 주택단지 은혜유치원 앞 도로,20040531,127.111801,37.3608381,52.28
S,HH구미-0288-1,1.2,A,성남시 분당구 구미동 66번지 306동 앞 보도,20100331,127.1131463,37.3488408,53.15
R,HH이매-0028-1,0.7,A,성남시 분당구 이매동 116번지 이매촌 성지아파트 관리사무소옆 화단,20081031,127.1265895,37.3941659,35.98
S,HH구미-0473-1,1.5,A,성남시 분당구 구미동 225번지 601동 앞 녹지,20100331,127.1211253,37.3399667,66.28
R,HH야탑-0376-1,0.5,A,성남시 분당구 야탑동 148번지 분당테크노파크 기숙옆 녹지(테크노B동~SK아파트사이),19980930,127.1539601,37.4057079,76.94
S,HH야탑-0131-1,1.6,A,성남시 분당구 야탑2동 535번지 탑마을대우아파트206동아이미소어린이집내,20100331,127.1208681,37.4067944,32.6507
R,HH수내-0370-6,0.5,B,성남시 분당구 수내동 58-1지번 파크타운 동신파크빌딩 옆 보도,19931231,127.1194961,37.3733289,41.28
S,HH분당-0676-1,1.0,A,성남시 분당구 분당동 65-6지번 주택단지 내 청구2차빌라 맞은편 도로,20150805,127.1348086,37.3693796,59.678
R,HH이매-0050-1,1.9,A,성남시 분당구 이매동 141번지 풍림A 진입로 우측,20140805,127.1234486,37.3980357,28.81
R,HH정자-0174-1,1.2,A,성남시 분당구 정자동 144지번 정든마을 우성APT 관리사무소 옆 녹지,20100331,127.1214004,37.3621548,79.67
S,HH분당-0619-1,1.2,B,성남시 분당구 분당동 45번지 (주택단지 내 동아빌라 내 경비실 맞은편 녹지),19951130,127.1336657,37.3711159,56.99
R,HH정자-0014-4,1.2,B,성남시 분당구 정자동 102-1지번 한솔마을 주공APT 4단지 입구 상가 앞 보도,19951231,127.1206028,37.3640633,73.47
S,HH정자-0003-1,1.0,A,성남시 분당구 정자동 110지번 한솔마을 청구APT 102동 옆 도로,19951231,127.1224233,37.3639718,78.75
S,HH서현-0058-1,1.6,A,성남시 분당구 서현동 310번지 618동 우측 화단 내,20081031,127.1368275,37.3703952,56.737
S,HH서현-0057-1,1.3,A,성남시 분당구 서현2동 310번지 616동 앞 녹지,20181031,127.1376653,37.3703471,60.4
R,HH서현-0060-1,0.9,B,성남시 분당구 서현동 308번지 서현2동 그린타운 LG아파트 내 세화유치원 뒤 미끄럼틀아래,19931231,127.1371133,37.3720568,54.93
S,HH서현-0171-1,2.2,A,성남시 분당구 서현동 91번지 서현1동 한양아파트 311동 앞 녹지,20081031,127.1252424,37.3804167,50.07
S,HH구미-0515-1,1.0,A,성남시 분당구 구미동 288 무지개마을 청구6차빌라 경사면 녹지 내,19970731,127.1262165,37.3439666,96.6888
S,HH야탑-0278-1,0.7,A,성남시 분당구 야탑동 274-1지번 대원빌딩 옆 보증보도(3동사무소 인근),20020430,127.1380891,37.4114484,49.4603
S,HH이매-0113-1,0.3,A,성남시 분당구 이매동 132번지 아름마을 태영 아파트 305동 좌측진입 도로,20081031,127.1214387,37.4047148,30.88
R,HH이매-0112-1,2.1,A,성남시 분당구 이매동 132번지 아름마을 태영아파트 306동 앞 화단,20080331,127.1200598,37.4047138,36.24
S,HH이매-0108-1,1.5,A,성남시 분당구 이매동 132번지 아름마을 건영아파트 111동 옆 상가 뒤 보도,20081031,127.1211039,37.4037465,33.26
R,HH수내-0300-1,1.0,A,성남시 분당구 수내동 120 주택단지 내 수내고등학교 뒤 보도,20160804,127.1297709,37.3660785,78.655
R,HH수내-3161-6,0.8,A,성남시 분당구 수내동 74지번 푸른마을 쌍용APT 404동 옆 화단,20140805,127.1256061,37.367324,64.7
S,HH수내-0311-1,0.7,A,성남시 분당구 수내동 85지번 푸른마을 수내3동주민센터 입구 옆 도로,20180806,127.1260404,37.3666185,66.066
S,HH수내-0310-1,0.3,B,성남시 분당구 수내동 80지번 푸른마을 수내3동주민센타 뒤 보도,19931231,127.1262812,37.3668125,67.77
R,HH여수-0508-1,2.0,A,성남시 중원구 여수동 602번지 여수산들마을2단지 APT 209동 옆 보도,20121025,127.13631,37.4195006,44.58
R,HH야탑-0225-1,0.0,A,성남시 분당구 야탑1동 390번지 성마르코 성당 주차장입구(매립),19931231,127.1336295,37.4107806,48.06
S,HH이매-0059-2,1.2,A,성남시 분당구 이매동 133번지 두산/삼호아파트 408동옆,20081031,127.1213781,37.401073,33.84
R,HH이매-0060-6,1.0,B,성남시 분당구 이매동 136번지 매송초등학교 현관앞 녹지,19931231,127.1229238,37.4018921,33.28
S,HH분당-0647-1,0.8,A,성남시 분당구 분당동 92번지 풍림 아이원빌라 앞,20140805,127.1442634,37.3714724,61.22
S,HH야탑-0200-1,1.7,A,성남시 분당구 야탑1동 361-13번지 우리빌딩 앞 도로,20180806,127.1304683,37.413141,31.203
S,HH야탑-0482-1,2.1,A,성남시 분당구 야탑1동 334번지 현대 APT 관리사무소 앞 야탑중학교 경계,20140805,127.1320259,37.4158224,32.84
R,HH야탑-0401-1,0.7,A,성남시 분당구 야탑1동 336번지 야탑중학교 내 탑향관 뒤 보도,20030530,127.1314438,37.4157843,32.04
S,HH수내-0609-1,0.4,A,성남시 분당구 수내동 40-5 수내역 휘맥스빌리지 옆 도로,20060331,127.112704,37.3781344,36.1674
S,HH수내-0605-2,0.3,A,성남시 분당구 수내동 40-5지번 수내역 엠에스프라자 맞은편 도로(휴맥스빌리지 옆),20050614,127.1125168,37.3783461,37.5321
R,HH정자-0658-1,0.7,A,성남시 분당구 정자동 186-6지번 정자역 엠코헤리츠 2단지 주차장 입구 옆 도로,20160510,127.1070472,37.3627898,42.888
R,HH야탑-0350-1,2.0,B,성남시 분당구 야탑3동 179번지 목련마을 두원빌라 경비실 위 녹지,19951031,127.1458313,37.4088036,63.09
S,HH야탑-0227-3,0.6,A,성남시 분당구 야탑동 513-1번지 성남농협야탑역지점 뒤 옆 녹지,19931231,127.1291167,37.4095255,30.7
R,HH정자-0618-1,1.0,A,성남시 분당구 정자동 16-2지번 정자역 정자동2차푸르지오시티 옆 사거리 보도,20120331,127.1057915,37.3684622,40.579
S,HH야탑-0372-1,0.6,A,성남시 분당구 야탑동 148지번 분당테크노파크 B동 B주차장 녹지,20100331,127.1526908,37.4053098,70.73
R,HH야탑-0370-1,0.9,A,성남시 분당구 야탑3동 151번지 테크노파크D동건물앞,20100331,127.1500397,37.4040056,85.69
R,HH구미-0504-1,1.5,B,성남시 분당구 구미동 265지번 무지개마을 현대타운하우스빌라 B동 뒤 녹지,19970731,127.1269437,37.3405245,102.004
S,HH야탑-0251-1,0.8,A,성남시 분당구 야탑동 520번지 하탑중학교옆야탑7교보도,20100331,127.1377678,37.4078997,40.3484
R,HH구미-0652-2,1.5,B,성남시 분당구 구미동 204-3지번 하나프라자 앞 횡단보도 인근(중앙차선),20140805,127.1166635,37.3365464,58.566
R,HH야탑-0354-1,0.7,A,성남시 분당구 야탑동 195번지 대순진리옆보둠이나눔이어린이집주차장,20180607,127.151503,37.4064424,63.884
R,HH야탑-0359-1,1.2,A,성남시 분당구 야탑동 135-1번지 노동사무소 건너편 2차선 도로(차량등록소 인근),20180607,127.1529523,37.4063851,66.704
S,HH서현-0150-1,2.5,A,성남시 분당구 서현동 87번지 시범단지 시범단지 한신아파트 120동 옆 보도,20140805,127.1268972,37.3856135,40.1304
S,HH야탑-0415-1,1.3,A,성남시 분당구 야탑동 391번지 현대아이파크아파트105동노인정앞보도,20050614,127.1335709,37.4098901,41.16
R,HH야탑-0414-1,0.5,A,성남시 분당구 야탑1동 390번지 성마르코성당 녹지,20050614,127.1337432,37.4107653,46.44
S,HH구미-0537-3,1.4,B,성남시 분당구 구미동 213번지 1103동 옆 녹지,19951231,127.1174846,37.3365097,64.48
S,HH야탑-0203-1,1.8,A,성남시 분당구 야탑동 360-4번지 궁전프라자 앞 도로,20100331,127.1295174,37.41312,32.18
S,HH야탑-0479-1,0.6,B,성남시 분당구 야탑1동 361-4번지 탑B/D 앞 도로(BYC 인근),20100324,127.1295625,37.4126357,30.066
R,HH정자-0656-1,0.9,A,성남시 분당구 정자동 96-1지번 정자역 정자동2차푸르지오시티 앞 보도,20140303,127.1058606,37.3678117,41.675
S,HH정자-0592-2,0.4,B,성남시 분당구 정자동 96-1 정자역 정자동2차푸르지오시티 앞 도로,20050614,127.1059422,37.3677877,42.93
S,HH정자-0098-1,0.7,A,성남시 분당구 정자동 98-3지번 정자역 노비오스호텔 주차장 앞 도로,20000331,127.1069477,37.3668993,43.27
R,HH야탑-0410-1,0.8,A,성남시 분당구 야탑동 342-1번지 리더스빌딩주차장입구우측보도(디지인쎈타인근),20170810,127.1250757,37.4133039,26.889
R,HH야탑-0145-1,0.5,A,성남시 분당구 야탑1동 349번지 분당 보건소 옆 도로,20190510,127.1244591,37.4113448,27.782
R,HH정자-0634-1,0.4,A,성남시 분당구 정자동 96-1지번 정자역 정자역AK와이즈플레이스 옆 도로,20160510,127.1050376,37.3684715,41.279
R,HH정자-0635-1,0.9,A,성남시 분당구 정자동 22지번 정자역 국립국제교육원 입구 옆 보도,20160510,127.1058276,37.3671829,42.009
S,HH수내-0412-1,0.4,A,성남시 분당구 수내동 6-6 수내역 동양트레빌 빌딩 앞 보도,19931231,127.116155,37.379032,36.91
R,HH수내-0413-1,0.4,A,성남시 분당구 수내동 6-7 수내역 흥국생명 빌딩 앞 보도,19970731,127.1159723,37.378887,37.15
R,HH수내-0414-1,1.0,B,성남시 분당구 수내동 6-8지번 수내역 스탠다드차타드은행 주차장 내,19970731,127.1156669,37.3786216,37.01
R,HH구미-0521-2,1.0,A,성남시 분당구 구미동 287번지 빌라 밖 보도,20140805,127.1254738,37.3440561,92.562
R,HH야탑-0349-1,1.0,A,성남시 분당구 야탑3동 173번지 목련마을 대원빌라 304동 앞 지하주차장 입구,20100331,127.1476033,37.4068494,58.2
R,HH정자-0177-1,0.4,A,성남시 분당구 정자동 255-6 정든마을 동아APT 1단지~2단지 사이 보증보도,20100331,127.1209097,37.3610457,75.542
R,HH금곡-0254-1,1.5,A,성남시 분당구 금곡동 141번지 정문차단기 옆,20081031,127.113343,37.3512476,51.22
R,HH야탑-0394-1,0.7,B,성남시 분당구 야탑2동 390번지 성당 위 성마르코유치원 앞 보도(마르코성당 라인),19931231,127.1333199,37.4109077,48.85
R,HH정자-0595-1,0.5,A,성남시 분당구 정자동 96-1지번 정자역 지파크프라자 주차장 입구 앞 도로,20050614,127.105979,37.3674691,43.29
R,HH야탑-0378-1,1.2,A,성남시 분당구 야탑동 147지번 목련마을SK 아파트 상가 옆 좌측 녹지,19980930,127.1550949,37.4057638,76.02
R,HH정자-0017-1,1.5,A,성남시 분당구 정자동 102지번 한솔마을 주공APT 416동 옆 놀이터 펜스 안,20100331,127.1180183,37.3691213,53.45
S,HH구미-0402-4,1.0,B,성남시 분당구 구미동 189-1번지 C동 옆 도로측구,19951231,127.1116227,37.3375427,52.252
S,HH분당-0290-1,1.1,A,샛별마을 삼부아파트403동앞,20200806,127.1287382,37.3710826,0.0
R,HH분당-0290-1,1.1,A,샛별마을 삼부아파트403동앞,20200806,127.128734,37.3710783,0.0
R,HH정자-0143-1,0.7,A,상록마을성심빌딩,20200806,127.1146751,37.363066,0.0
S,HH정자-0143-1,0.7,A,상록마을성심빌딩,20200806,127.1146705,37.3630613,0.0
S,HH금곡-0535-1,0.9,A,성남시 분당구 금곡동 133번지 902동 앞 주차장 내,20081031,127.1151403,37.3520111,50.5
R,HH수내-0409-2,1.0,A,성남시 분당구 수내동 40-5지번 수내역 한원빌딩 앞 도로,20140805,127.1173635,37.379991,34.21
S,HH수내-0426-2,0.8,B,성남시 분당구 수내동 40-5번지 수내역 롯데백화점 뒤 전철역 앞 도로,19970731,127.114331,37.378992,37.31
R,HH수내-0659-1,0.3,A,성남시 분당구 수내동 34 양지마을 금호APT 102동 앞 놀이터 내,20100331,127.1176492,37.3783084,40.19
S,HH정자-0147-1,0.7,B,성남시 분당구 정자동 14-1지번 정자역 동양파라곤아파트 103동~104동 옆 보도,20040531,127.1172496,37.3581046,74.14
R,HH구미-0352-1,0.6,A,성남시 분당구 구미동 112번지 상가 앞 도로,20100331,127.1138417,37.3455035,53.13
S,HH정자-0088-1,0.4,A,성남시 분당구 정자동 97-4지번 정자역 두산위브제니스타워~플라리스빌딩 사이 보증보도,20020430,127.1078362,37.370079,40.769
S,HH야탑-0240-2,1.5,A,성남시 분당구 야탑2동 526번지 탑마을경남A701동옆도로측구,20060331,127.1306531,37.4067779,34.35
S,HH야탑-0298-1,1.5,A,성남시 분당구 야탑동 211번지 매화마을주공4단지아파트401동뒤보도,20100331,127.1413753,37.4130226,46.43
S,HH야탑-0321-1,2.0,A,성남시 분당구 야탑동 201번지 매화마을주공1단지A103동뒤녹지,20060331,127.1354838,37.4162569,36.5851
R,HH서현-0086-1,1.5,A,성남시 분당구 서현동 292번지 임광아파트 308동 옆 보도,20100331,127.1371286,37.3768312,57.93
R,HH정자-0454-1,1.5,A,성남시 분당구 정자동 29지번 느티마을 경남/선경빌라 103동 옆 녹지,20100331,127.1100818,37.3725383,39.9032
S,HH분당-0015-1,0.5,A,성남시 분당구 분당동 141번지 신안시네하우스 내 103동 뒤,20010430,127.145108,37.3685843,78.03
R,HH구미-0398-1,0.5,A,성남시 분당구 구미동 185-7 오리역 향정위너스 빌딩 옆(하이마트 담장사이),19970731,127.1099842,37.3384596,54.36
S,HH이매-0035-1,0.3,B,성남시 분당구 이매동 143번지 아름마을 효성아파트 702동 상가옆,19931231,127.1222741,37.3945447,32.1
R,HH야탑-0374-1,0.6,A,성남시 분당구 야탑3동 145번지 테크노파크C동건물앞,20100331,127.1547235,37.4046891,80.46
R,HH야탑-0473-1,0.3,A,성남시 분당구 야탑2동 517번지 탑마을벽산아파트605동옆녹지,20010430,127.1335445,37.4081076,37.87
S,HH정자-0021-1,1.5,A,성남시 분당구 정자동 104-2지번 한솔마을 주공 4단지~7단지 사이 보증보도,20160510,127.1168131,37.368511,52.8508
S,HH금곡-0235-1,1.4,A,성남시 분당구 구미동 126번지 상가슈퍼마켓 내,19951231,127.111481,37.3535984,49.2586
S,HH구미-0495-1,2.0,B,성남시 분당구 구미동 250번지 경비실 앞 화단 내,19951231,127.1257976,37.3406176,91.1
S,HH금곡-0574-1,1.0,A,성남시 분당구 금곡동 201지번 분당종합사회복지관 옆 코오롱더프라우 앞 보도,20020430,127.1051402,37.3533043,48.702
R,HH야탑-0514-2,1.5,A,성남시 분당구 야탑동 330번지 장미마을 동부코오롱 APT 114동 옆 여수천 법사면,20170810,127.1268811,37.4143224,24.555
S,HH야탑-0201-1,1.7,A,성남시 분당구 야탑1동 360-6번지 메트로상가 옆 도로,20180806,127.1295138,37.4125741,28.938
R,HH야탑-0204-1,1.2,B,성남시 분당구 야탑1동 360-5번지 LG서비스센터 주차장 입구,19931231,127.1295022,37.4129126,32.0
S,HH야탑-0191-1,0.8,A,성남시 분당구 야탑1동 334번지 야탑중학교 내 뒤편 보도,20060331,127.1315143,37.416735,32.71
S,HH야탑-0178-3,0.7,A,성남시 분당구 야탑1동 330번지 장미마을 동부코오롱APT 120동 뒤 도로,19931231,127.1237343,37.4143975,29.55
S,HH성남-0518-1,1.3,A,성남시 중원구 성남동 4545번지 모란시장 성남여수LH 1단지APT 104동 뒤 보도,20170810,127.1253,37.4306173,24.472
S,HH분당-0683-1,1.1,A,성남시 분당구 분당동 65-6지번 주택단지 내 청구2차빌라 앞 도로,20150805,127.1345418,37.3697283,58.676
S,HH야탑-0094-1,0.8,A,성남시 분당구 야탑2동 511번지 탑마을 타워빌 APT 3단지관리사무소 우측주차장,20100331,127.126282,37.4080265,31.07
S,HH정자-0185-2,1.4,A,성남시 분당구 정자동 211번지 이마트 출구 옆 보도,20060331,127.1192882,37.358408,67.981
S,HH정자-0026-1,0.6,A,성남시 분당구 정자동 101지번 한솔마을 주공APT 7단지 출입구 옆 녹지,20100331,127.1157314,37.3684744,48.82
R,HH정자-0620-1,0.6,A,성남시 분당구 정자동 14-3지번 정자역 동양파라곤아파트 101동~102동 옆 보도,20040531,127.1060599,37.3689174,42.15
S,HH정자-0612-1,0.6,A,성남시 분당구 정자동 96-2지번 정자역 분당현대아이파크 3단지 옆 도로,20060614,127.1057772,37.3693596,41.82
R,HH야탑-0200-1,1.7,A,성남시 분당구 야탑1동 361-13번지 우리빌딩 앞 도로,20180806,127.1304616,37.4131346,31.164
R,HH수내-0378-1,2.0,A,성남시 분당구 수내동 28-4 양지마을 하나이엔지 앞 보도,19980930,127.1190204,37.3742947,40.43
S,HH수내-0403-1,1.0,A,성남시 분당구 수내동 35 초림초등학교 내 뒤쪽 보도,20060331,127.1176307,37.3769815,40.663
R,HH구미-0532-1,1.0,A,성남시 분당구 구미동 243번지 802동 앞 녹지,20180607,127.1250959,37.3423754,85.399
S,HH구미-0508-1,2.3,A,성남시 분당구 구미동 277번지 대림빌라 옆 녹지,19980930,127.1267351,37.3426527,93.796
R,HH구미-0514-1,1.8,A,성남시 분당구 구미동 283번지 앞 사거리 보도,20180806,127.1254194,37.3438182,91.042
R,HH수내-0308-3,1.5,B,성남시 분당구 수내동 88-1지번 주택단지 내 분당프라자 뒤 주차장 입구 보도,19951130,127.1268108,37.3661787,70.9592
R,HH수내-0302-1,0.4,A,성남시 분당구 수내동 87-1 주택단지 내 수내그린프라자 입구 앞 보도,19970731,127.1276392,37.367271,66.52
S,HH수내-0300-1,1.0,A,성남시 분당구 수내동 120 주택단지 내 수내고등학교 뒤 보도,20160804,127.129778,37.3660745,78.775
R,HH서현-0159-1,0.9,A,성남시 분당구 서현동 87번지 시범단지 삼성.한신아파트 126동 뒤 녹지,20120331,127.1261291,37.3833403,44.3261
S,HH야탑-0146-2,0.6,A,성남시 분당구 야탑1동 351번지 차병원 뒤쪽 주차장 입구옆 버스정류소 앞 도로,20190510,127.1245746,37.4103792,27.995
R,HH수내-0639-5,0.8,A,지웰푸르지오앞보도,20211001,127.1179021,37.381108,36.311
S,HH정자-0678-5,1.1,A,버스정류장앞,20201127,127.1059318,37.358615,44.78
R,HH서현-0111-1,0.7,A,성남시 분당구 서현동 96번지 시범단지 우성아파트 218동 옆 놀이터 모래 밑,20100331,127.1343346,37.378696,52.73
R,HH금곡-0253-1,1.2,A,성남시 분당구 금곡동 141번지 811동 지하주차장 앞 보도,20081031,127.1121907,37.3517493,51.67
S,HH야탑-0453-1,1.0,A,성남시 분당구 야탑동 486번지 종합운동장 볼링장 옆 보도,20100324,127.1194232,37.4085473,32.011
R,HH정자-0631-1,0.2,A,성남시 분당구 정자동 97-1지번 정자역 폴라리스빌딩2 앞 도로,20040530,127.1071291,37.3709802,40.68
R,HH구미-0343-1,0.8,A,성남시 분당구 구미동 144-2 하얀마을 구구빌딩 앞 보도,19980930,127.1113662,37.3457298,56.292
R,HH구미-0355-1,0.8,A,성남시 분당구 구미동 121번지 관리사무소 앞 보도(기계실 입구),20100331,127.1136594,37.3442092,54.678
R,HH구미-0354-1,1.0,A,성남시 분당구 구미동 112번지 601동 옆 녹지,20100331,127.1142928,37.3456374,54.2
S,HH구미-0357-1,1.8,A,성남시 분당구 구미동 116번지 한양씨티빌 내 녹지,19951231,127.1148488,37.3434908,54.74
R,HH정자-0633-1,0.5,A,성남시 분당구 정자동 8-3지번 정자역 월드프라자 주차장 입구 앞 보도,20040530,127.10604,37.371454,41.2
S,HH정자-0561-1,0.5,A,성남시 분당구 정자동 15-7지번 정자역 하나프라자빌딩 앞 보도,20030530,127.1077975,37.3686392,41.76
R,HH금곡-0247-1,1.9,A,성남시 분당구 금곡동 132지번 청솔마을 동아10단지아파트 1004동 옆 담장 밖 녹지,20180806,127.1146011,37.3532067,46.588
S,HH금곡-0246-2,2.2,A,성남시 분당구 금곡동 132지번 청솔마을 동아10단지아파트 1002동 뒤 녹지(단지 밖),20170810,127.1163344,37.3527206,46.6
S,HH금곡-0259-1,0.8,B,성남시 분당구 금곡동 153번지 썬프라자 주차장입구,19951231,127.1106705,37.350587,53.2
S,HH금곡-0262-1,0.5,A,성남시 분당구 금곡동 151번지 골드프라자 앞 도로,20180806,127.1115719,37.3506031,51.98
S,HH금곡-0261-1,0.3,A,성남시 분당구 금곡동 150번지 미금파크빌딩 앞 보도,20000331,127.1118171,37.3506709,51.927
R,HH정자-0123-4,2.3,B,성남시 분당구 정자동 125 상록마을 라이프APT 202동 옆 계단 옆 조경석 사이,19951231,127.1124258,37.3625328,53.66
S,HH정자-0122-1,2.2,A,성남시 분당구 정자동 124지번 상록마을 라이프APT 103동 옆 녹지,20180806,127.1122069,37.3623463,51.149
S,HH정자-0126-1,1.7,A,성남시 분당구 정자동 124지번 상록마을 라이프APT UCiC어린이집 뒤 보도,20060331,127.1122206,37.362066,54.26
R,HH정자-0116-1,1.6,A,성남시 분당구 정자동 189-5지번 상록마을 라이프APT 103동~202동 사이 보증보도,20180806,127.1122802,37.3625281,51.244
R,HH정자-0121-2,1.0,A,성남시 분당구 정자동 125 상록마을 라이프APT 205동 밖 보도,20140805,127.1127519,37.3633453,53.201
R,HH구미-0466-1,1.0,B,성남시 분당구 구미동 241번지 정문 앞 보도,19951231,127.1187414,37.3404539,56.456
R,HH구미-0317-1,0.6,A,성남시 분당구 구미동 88번지 209동 옆 보도,20181031,127.117428,37.3469053,51.83
R,HH구미-0320-1,1.0,A,"성남시 분당구 구미동 88번지 주공2단지아파트 204, 205동 주차장",20081031,127.1179274,37.3481746,52.04
S,HH구미-0319-1,0.9,A,성남시 분당구 구미동 88번지 하늘교회 앞,20181031,127.1172431,37.3482334,51.73
R,HH야탑-0183-1,1.0,A,성남시 분당구 야탑1동 330번지 동부코오롱APT 135동과136동사이,20080331,127.1237081,37.4159772,29.64
S,HH야탑-0402-1,0.4,A,성남시 분당구 야탑동 188번지 SK뷰 아파트 입구 우측보도,20040331,127.1451353,37.4128188,47.93
R,HH서현-0710-1,0.6,A,성남시 분당구 서현동 281-2지번 롯데마트옆,20200305,127.1212046,37.3861016,34.134
R,HH이매-0018-3,0.1,B,성남시 분당구 이매동 120-6번지 새남서울프라자 우리은행앞,19931231,127.1261036,37.390997,35.01
R,HH정자-0038-1,0.7,A,성남시 분당구 정자동 115지번 한솔고등학교 운동장 옆 보증보도 휀스 밑,20180806,127.1161603,37.366252,56.068
R,HH정자-0044-1,0.6,A,"성남시 분당구 정자동 116-2지번 한솔마을 주공APT 5,6단지 관리사무소 옆 보증보도",20120331,127.1167963,37.3649428,63.2028
S,HH정자-0041-1,0.5,A,성남시 분당구 정자동 117지번 한솔마을 주공APT 5단지 관리사무소 뒤 보도,20180806,127.1171351,37.365345,64.833
R,HH수내-0313-3,0.4,B,성남시 분당구 수내동 83-1지번 푸른마을 동한프라자 앞 보도,19951130,127.1264607,37.3672742,65.6567
S,HH서현-0151-1,0.6,A,성남시 분당구 서현동 87번지 시범단지 시범단지 한신아파트 121동 옆 보도,20100331,127.1257818,37.384704,40.8545
R,HH수내-0639-2,0.7,A,성남시 분당구 수내동 3-1 펀스테이션 옆 보증보도,20080401,127.1177298,37.38094,37.09
R,HH야탑-0415-1,1.3,A,성남시 분당구 야탑동 391번지 현대아이파크아파트105동노인정앞보도,20050614,127.1335659,37.409887,41.14
S,HH금곡-0242-2,0.9,A,성남시 분당구 금곡동 132번지 관리사무소 뒤 통행로 보도,20081031,127.1148504,37.3530376,47.33
R,HH금곡-0237-1,2.0,A,성남시 분당구 금곡동 125번지 505동 앞 주차장,20081031,127.1129462,37.3546592,48.13
S,HH정자-0663-1,1.3,A,성남시 분당구 정자동 101지번 한솔마을 주공APT 712동 뒤 녹지,20160510,127.1166331,37.3674425,53.736
S,HH정자-0533-2,1.7,A,성남시 분당구 정자동 92-4지번 정자아이파크~삼성로얄팰리스 사이 보증보도,20170810,127.1109925,37.3761451,35.96
R,HH수내-0488-1,0.5,A,"성남시 분당구 수내동 13-4 수내역 랜드로버,재규어(자동차매장) 앞 보증보도",20160510,127.1152847,37.3792557,35.584
R,HH야탑-0214-1,0.8,A,성남시 분당구 야탑1동 381-15번지 장미마을현대A835동뒤건너편보도,20100331,127.1328101,37.4133578,37.3953
R,HH야탑-0302-1,1.8,A,성남시 분당구 야탑동 211번지 매화마을주공4단지아파트관리사무소우측녹지,20060331,127.1416798,37.4135926,43.48
S,HH야탑-0294-1,0.3,A,성남시 분당구 야탑동 217번지 매화마을청구빌라603동1라인앞보도,20100331,127.1396124,37.4129087,46.99
S,HH정자-0047-1,0.5,A,성남시 분당구 정자동 116-2지번 한솔마을 주공APT 6단지 새소망유치원 옆 보증보도,20180806,127.1167981,37.3640403,65.042
R,HH서현-0095-2,0.6,A,성남시 분당구 서현동 298-3번지 서현2동 창인프라자 앞 보도,20180607,127.1338143,37.3768755,48.861
R,HH서현-0094-1,0.8,A,성남시 분당구 서현동 298-2번지 서현2동 상록프라자 옆 보도,20180607,127.1341148,37.3770828,49.252
R,HH서현-0097-1,0.9,A,성남시 분당구 서현동 299번지 서현2동 효자촌 현대아파트 114동 도로,20120331,127.1326818,37.3755218,47.896
S,HH금곡-0243-1,1.0,A,성남시 분당구 금곡동 133번지 903동 앞 통행로,20081031,127.1147332,37.3528797,49.49
R,HH금곡-0242-2,0.9,A,성남시 분당구 금곡동 132번지 관리사무소 뒤 통행로 보도,20081031,127.1148511,37.3530433,47.394
S,HH금곡-0237-1,2.0,A,성남시 분당구 금곡동 125번지 505동 앞 주차장,20081031,127.1129425,37.3546551,48.13
S,HH구미-0414-1,1.3,A,성남시 분당구 구미동 202번지 205동 뒤 녹지,20080331,127.1143842,37.3378987,56.33
R,HH구미-0418-1,0.9,B,성남시 분당구 구미동 203-1 신한은행 앞 보도,19951231,127.1159868,37.3378683,53.613
S,HH분당-0029-2,0.7,A,성남시 분당구 분당동 70번지 장안건영타운 107동 옆 횡단보도,20150805,127.1445617,37.3709445,61.2933
R,HH서현-0613-1,1.2,A,성남시 분당구 서현동 276번지 서현역 소방서 앞 도로 2차선,20160510,127.1197126,37.3859126,33.776
S,HH서현-0135-1,1.2,A,성남시 분당구 서현동 96번지 서현1동 시범단지 우성아파트 210동 옆 도로,20100331,127.1320776,37.3812464,50.8
R,HH구미-0333-1,0.3,A,성남시 분당구 구미동 146번지 2동 경비실 옆 보도,20140805,127.109857,37.3455785,60.078
R,HH구미-0336-1,1.0,B,성남시 분당구 구미동 148번지 경비실 옆 보도,19970731,127.1097998,37.3444939,59.28
S,HH수내-0368-1,0.2,A,성남시 분당구 수내동 58-3~4 파크타운 서기빌딩~원전빌딩 사이 골목,19980930,127.1199587,37.3733058,41.3504
R,HH수내-0367-6,0.8,B,성남시 분당구 수내동 58-4지번 파크타운 서기빌딩 앞 보도,19931231,127.1201233,37.3732579,41.48
R,HH수내-0422-1,0.7,A,성남시 분당구 수내동 4-1지번 수내역 성옥빌딩 옆 보도,19970731,127.1163566,37.381416,35.92
S,HH야탑-0397-1,0.5,A,성남시 분당구 야탑동 517번지 탑마을벽산아파트602동좌측녹지,20060331,127.133603,37.4091437,39.27
S,HH구미-0613-1,0.3,A,성남시 분당구 구미동 8-1번지 할리스커피 앞 보도,20060614,127.1074249,37.3498811,54.293
S,HH구미-0606-1,0.7,B,성남시 분당구 구미동 158지번 오리역세권 하나 EZ 타워 주차장입구 앞 도로,20050614,127.107479,37.3401243,57.494
S,HH구미-0327-1,0.7,A,성남시 분당구 구미동 88번지 208동 뒤 녹지,20181031,127.1183538,37.3467433,50.597
R,HH구미-0338-1,1.0,A,성남시 분당구 구미동 150번지 B동 옆 녹지,19980930,127.1098178,37.3441089,59.007
R,HH정자-0561-1,0.5,A,성남시 분당구 정자동 15-7지번 정자역 하나프라자빌딩 앞 보도,20030530,127.1077898,37.3686374,41.76
R,HH정자-0628-1,0.7,B,성남시 분당구 정자동 96-1 정자역 백궁지엔느 앞 횡단보도,20040331,127.105969,37.3708525,41.48
R,HH야탑-0316-1,1.3,A,성남시 분당구 야탑동 201번지 매화주공1단지106동옆상가뒤보도,20060331,127.1342854,37.4154546,34.34
S,HH야탑-0326-1,2.0,B,성남시 분당구 야탑동 205번지 매화마을 주공3단지APT 301동 앞 4차선 도로,20140805,127.1380563,37.4151955,35.48
R,HH구미-0372-1,1.4,B,성남시 분당구 구미동 104 두앙노빌리티1차 103동 지하주차장 옆 녹지,19980930,127.1191891,37.3453643,53.16
R,HH수내-0479-1,0.7,A,성남시 분당구 수내동 16-5번지 수내역 오너스타워 빌딩 참치전문점 앞 보도,20030530,127.113223,37.3769099,38.27
R,HH수내-0429-1,0.5,A,성남시 분당구 수내동 16-6번지 수내역 신일빌딩 앞 보도,19970731,127.1129683,37.3767558,38.34
S,HH서현-0075-1,0.1,A,성남시 분당구 서현동 319번지 효자촌 양영 초등학교 내,20100331,127.1392986,37.3750795,51.13
R,HH구미-0402-4,1.0,B,성남시 분당구 구미동 189-1번지 C동 옆 도로측구,19951231,127.1116275,37.3375437,52.148
S,HH구미-0405-1,1.0,A,성남시 분당구 구미동 192번지 주차장입구 도로,20000331,127.1096741,37.3358338,54.586
R,HH이매-0016-1,2.2,B,성남시 분당구 이매동 122번지 이매촌 금강아파트105동 뒤 녹지(테니스장 옆),20060331,127.1240495,37.39108,34.91
S,HH여수-0496-1,1.7,A,성남시 중원구 여수동 601번지 여수연꽃마을어울림4단지 APT 407동 앞 녹지,20121025,127.1342855,37.4178451,35.818
R,HH이매-0014-1,1.2,A,성남시 분당구 이매동 122번지 이매촌 금강아파트106동 옆 하은유치원 놀이터내,20081031,127.1247478,37.3904749,34.95
R,HH야탑-0379-1,1.3,A,성남시 분당구 야탑동 307번지 대순진리회 주차장 우측 보도(차량등록소 인근),20100331,127.1526921,37.4064701,68.33
S,HH야탑-0447-1,1.0,A,성남시 분당구 야탑3동 135-2지번 성남 노동사무소 현관 앞 우측 녹지,20071231,127.1533319,37.4068054,74.39
R,HH도촌-0467-1,0.6,A,성남시 중원구 도촌동 700번지 섬마을 휴먼시아1단지APT 105동 4호라인 녹지,20110315,127.1472905,37.4143883,44.854
S,HH야탑-0417-1,0.2,A,성남시 분당구 야탑동 190번지 동원듀크A 버스정류장 좌측 보도,20050614,127.143977,37.413436,45.03
S,HH서현-0690-1,1.0,A,성남시 분당구 분당동 277번지 서현역 분당세무서 뒤 화단,20180607,127.1190875,37.3854674,33.862
S,HH여수-0424-1,0.6,A,성남시 중원구 여수동 353지번 베스티안앞,20200305,127.1279814,37.4179715,28.274
R,HH분당-0266-1,1.5,A,성남시 분당구 분당동 46지번 주택단지 내 한성빌라 내 담장 사이 녹지,19970731,127.1342191,37.3718507,52.97
S,HH도촌-0443-1,0.5,B,성남시 중원구 도촌동 633번지 도촌 주민센터 우측 도로,20071231,127.152933,37.4170492,55.99
R,HH도촌-0483-1,0.3,A,성남시 중원구 도촌동 583번지 쌍용 오피스텔 주차장 입구 도로,20121025,127.1518878,37.4154484,53.33
R,HH야탑-0337-1,1.2,A,성남시 분당구 야탑동 162번지 목련마을 한일APT 303동 앞 녹지,20060331,127.1440288,37.4065052,55.79
R,HH정자-0028-1,1.2,A,성남시 분당구 정자동 101지번 한솔마을 주공APT 703동 앞 녹지,20100331,127.1155229,37.3676665,51.2
S,HH도촌-0445-1,1.4,A,성남시 중원구 도촌동 631번지 도촌 파출소 앞 인도,20071231,127.1547296,37.4174726,58.89
R,HH도촌-0441-1,0.6,A,성남시 중원구 도촌동 708번지 섬마을9단지A903동주차장내,20071231,127.1641132,37.4117027,85.01
S,HH야탑-0361-1,0.1,A,성남시 분당구 야탑동 155번지 야탑3동새마을회관우축보도,20020430,127.1484769,37.4059278,54.7
R,HH여수-0496-1,1.7,A,성남시 중원구 여수동 601번지 여수연꽃마을어울림4단지 APT 407동 앞 녹지,20121025,127.1342865,37.4178518,35.803
R,HH여수-0495-1,2.0,A,성남시 중원구 여수동 601번지 여수연꽃마을어울림4단지 APT 407동 옆 광장,20121025,127.1345376,37.4182329,35.88
R,HH여수-0490-1,1.7,A,성남시 중원구 여수동 600번지 여수센트럴타운3단지 APT 323동 뒤 놀이터,20121025,127.1333193,37.4183459,35.932
S,HH금곡-0225-1,1.2,A,성남시 분당구 금곡동 124지번 청솔중학교 운동장 축구골대 옆,20081031,127.1106884,37.3550441,44.1324
R,HH금곡-0224-1,1.1,A,성남시 분당구 금곡동 123지번 분당경영고등학교(구. 정보산업고) 후문,20081031,127.1095137,37.3561372,45.1
S,HH금곡-0227-3,2.0,A,성남시 분당구 금곡동 124지번 청솔중학교 후문(인입밸브),19951231,127.1108766,37.3561114,44.663
R,HH분당-0288-4,2.0,B,성남시 분당구 분당동 39지번 샛별마을 삼부APT 414동 옆 도로,19931231,127.1300171,37.3712654,56.41
S,HH분당-0292-2,1.8,A,성남시 분당구 분당동 39지번 샛별마을 삼부APT 408동 뒤 녹지,20150805,127.1288849,37.3715139,53.9499
S,HH구미-0387-1,1.2,A,성남시 분당구 구미동 181번지 별관 뒤 녹지,19970731,127.1113157,37.3406054,54.55
S,HH야탑-0199-1,1.1,A,성남시 분당구 야탑1동 334번지 장미마을 현대 APT 834동 옆 상가앞,20060331,127.1317607,37.4138753,36.01
S,HH구미-0517-1,1.2,A,구미동 신세계빌라 옆,20200908,127.1262919,37.3444522,98.222
S,HH구미-0671-1,1.5,A,까치마을 건영아파트 505동 앞,20200717,127.1083578,37.3481949,63.795
S,HH분당-0051-1,0.8,A,분당대진고등학교 내,20200205,127.1383702,37.369639,62.172
R,HH금곡-0250-2,1.1,A,성남시 분당구 금곡동 143번지 청솔마을 성원7단지아파트 705동 상가 옆 보도,20100331,127.1098347,37.3515973,52.65
R,HH야탑-0312-1,0.5,A,성남시 분당구 야탑동 215번지 매화2단지APT203동205동앞도로,20100331,127.1367397,37.4143775,40.86
S,HH야탑-0314-1,1.2,A,성남시 분당구 야탑동 215번지 매화2단지APT212동입구도로후문,20100331,127.1344246,37.4143187,37.4
R,HH정자-0049-1,1.5,A,성남시 분당구 정자동 112지번 한솔마을 주공APT 503동 앞 녹지,20180806,127.117079,37.3642427,65.082
S,HH야탑-0303-1,1.3,A,성남시 분당구 야탑동 211번지 매화마을주공4단지아파트402동정문우측보도,20060331,127.1409062,37.4133154,44.98
S,HH금곡-0675-1,0.6,A,썬프라자 주차장 입구,20201228,127.1107502,37.3505858,52.628
R,HH서현-0678-1,0.9,A,시범단지현대아파트 현대유치원,20200806,127.1298486,37.3778513,0.0
R,HH구미-0500-1,0.5,B,성남시 분당구 구미동 248지번 무지개마을 삼익파크빌라 내 녹지,19970731,127.1269573,37.3414121,99.712
R,HH분당-0636-1,0.7,A,성남시 분당구 분당동 61-2번지 (주택단지 내 한솔빌라 내 보도),20010430,127.1363446,37.368376,69.84
S,HH정자-0054-1,0.9,A,성남시 분당구 정자동 112지번 한솔마을한솔마을 주공APT 505동 뒤 주차장 도로,20100331,127.1180215,37.3648373,66.16
S,HH수내-0485-1,0.6,A,성남시 분당구 수내동 126-2지번 푸른마을 신성APT 307동 뒤 보도,20140805,127.1261533,37.368172,62.49
S,HH야탑-0182-1,1.1,A,성남시 분당구 야탑1동 330번지 장미마을 동부코오롱APT 132동 앞 도로,20100331,127.1239614,37.4153991,29.44
S,HH서현-0677-1,1.0,A,성남시 분당구 서현동 312-4번지 효자촌 미래타운 범한프라자 서울우유지점 앞 보도,20180806,127.1394376,37.3720605,51.813
S,HH야탑-0324-2,1.1,A,성남시 분당구 야탑동 201번지 매화마을주공1단지A105동담밖보도(예광교회건너),20100331,127.1368949,37.4157303,36.69
R,HH수내-0343-1,1.7,A,성남시 분당구 수내동 52지번 파크타운 서안APT 109동 옆 녹지,20100331,127.1244625,37.3725005,51.81
S,HH서현-0059-1,1.1,A,성남시 분당구 서현동 310번지 관리사무소 옆 녹지,20100331,127.1375229,37.3716262,56.77
R,HH수내-0395-1,1.5,A,성남시 분당구 수내동 24지번 양지마을 한양APT 513동 뒤 보도,20140805,127.1144284,37.3748553,38.635
R,HH수내-0396-1,1.7,A,성남시 분당구 수내동 24 양지마을 한양APT 506동 뒤 주차장,20140805,127.113903,37.3750303,38.31
R,HH정자-0063-1,1.0,A,성남시 분당구 정자동 121지번 상록마을 우성APT 313동 지하주차장 입구 옆 녹지,20100331,127.1135274,37.3656564,53.36
R,HH구미-0300-1,1.1,A,성남시 분당구 구미동 77번지 상가 옆 보도,20081031,127.1164632,37.3495917,51.31
R,HH정자-0670-2,0.5,A,성남시 분당구 정자동 96-1 경기 성남시 분당구 정자동 아이파크301동앞,20200305,127.105936,37.3687615,40.996
R,HH구미-0667-1,0.8,A,성남시 분당구 구미동 307-1 한샘 바흐하우스 옆 도로,20200305,127.1248942,37.3435396,89.642
R,HH정자-0626-1,0.7,B,성남시 분당구 정자동 96-1 정자역 백궁지엔느~동양파라곤 사이도로,20040331,127.1059697,37.3705207,41.52
S,HH정자-0630-1,0.6,B,성남시 분당구 정자동 96-2 정자역 아이파크 2단지 입구 옆 도로,20040331,127.1052734,37.3702976,42.38
R,HH수내-0339-1,1.3,A,성남시 분당구 수내동 76지번 푸른마을 쌍용APT 503동 앞 보도,20180806,127.1227546,37.3689454,57.457
S,HH야탑-0297-1,1.5,A,성남시 분당구 야탑동 212번지 중탑초등학교 뒤 건물후문앞,20100331,127.1396625,37.4140865,42.65
R,HH야탑-0334-1,1.2,A,성남시 분당구 야탑동 205번지 매화마을주공3단지아파트315동앞,20060331,127.1427617,37.4146206,42.51
R,HH구미-0339-2,0.4,A,성남시 분당구 구미동 145-3번지 하얀마을 한솔상가 옆 두영오피스텔 앞 보도,20180607,127.1104713,37.3457426,58.477
R,HH구미-0265-2,2.0,A,"성남시 분당구 구미동 9-1번지 상가 앞 보도, 도로",20140930,127.1080151,37.3493609,56.823
S,HH구미-0266-1,2.5,A,성남시 분당구 구미동 11-1번지 뒤 보도,19951231,127.1078251,37.3487611,57.691
R,HH서현-0126-1,0.7,A,성남시 분당구 서현동 92번지 서현1동 시범단지 현대유치원 내 녹지,19931231,127.129485,37.377666,52.61
R,HH야탑-0318-1,0.6,A,성남시 분당구 야탑동 201번지 매화마을주공1단지A105동앞주차장,20060331,127.1361945,37.4155216,35.05
S,HH야탑-0214-1,0.8,A,성남시 분당구 야탑1동 381-15번지 장미마을현대A835동뒤건너편보도,20100331,127.1328031,37.4133587,37.3936
R,HH야탑-0199-1,1.1,A,성남시 분당구 야탑1동 334번지 장미마을 현대 APT 834동 옆 상가앞,20060331,127.1317636,37.4138781,36.01
R,HH수내-0358-1,1.6,A,성남시 분당구 수내동 24지번 양지마을 한양APT 528동 앞 보도,20140805,127.1157606,37.3758952,39.7014
S,HH정자-0587-1,0.7,A,성남시 분당구 정자동 95-2지번 분당정자청소년 수련관 입구 옆 화단사이,20040531,127.1067821,37.3725513,40.79
S,HH수내-0398-1,2.0,A,성남시 분당구 수내동 24지번 양지마을 한양APT 511동 앞 녹지,20140805,127.1144985,37.3759572,40.45
R,HH구미-0438-1,0.4,A,성남시 분당구 구미동 204-3 무지개마을 하나프라자 농협 앞 보도,19980930,127.1163556,37.3367506,59.021
R,HH야탑-0181-3,0.2,A,성남시 분당구 야탑1동 330번지 장미마을 동부코오롱APT 132동 앞 인도,19931231,127.1238968,37.4153465,29.45
R,HH야탑-0515-2,1.5,A,성남시 분당구 야탑동 330번지 장미마을 동부코오롱 APT 113동 옆 여수천 법사면,20170810,127.127937,37.414329,25.467
S,HH야탑-0390-2,1.3,A,성남시 분당구 야탑동 382-6번지 기아차대리점건너편 횡단보도,20100331,127.1340445,37.4132665,39.91
R,HH구미-0564-1,0.4,A,성남시 분당구 구미동 22번지 301동 경비실 앞,20180806,127.1097436,37.3479911,58.594
S,HH구미-0655-1,0.5,A,성남시 분당구 구미동 9-1번지 미용실 앞 인입,20140930,127.1079766,37.3489268,59.127
S,HH야탑-0354-1,0.7,A,성남시 분당구 야탑동 195번지 대순진리옆보둠이나눔이어린이집주차장,20180607,127.1515065,37.4064442,63.845
S,HH야탑-0238-1,1.7,A,성남시 분당구 야탑2동 517번지 탑마을벽산아파트603동좌측녹지,20060331,127.1332531,37.4087024,38.49
R,HH야탑-0420-1,0.6,A,성남시 분당구 야탑동 518번지 탑마울주공8단지 APT806동야탑천건너편녹지,20060331,127.1359548,37.4079351,37.7155
S,HH금곡-0559-1,1.2,A,성남시 분당구 금곡동 141번지 809동 앞 주차장,20100331,127.1119435,37.3516986,52.14
R,HH구미-0565-1,0.5,A,성남시 분당구 구미동 30번지 웰파크 뒤 보도,20170810,127.1106426,37.3491173,54.701
R,HH정자-0660-1,0.7,A,성남시 분당구 정자동 186-1지번 정자역 엠코헤리츠 3~4단지 주차장 사이 도로,20160510,127.1070426,37.3620833,43.492
R,HH야탑-0180-1,1.5,A,성남시 분당구 야탑1동 330번지 장미마을 동부코오롱APT 117동 뒤 법사면(여수천),20180607,127.124033,37.4143313,23.486
R,HH야탑-0178-3,0.7,A,성남시 분당구 야탑1동 330번지 장미마을 동부코오롱APT 120동 뒤 도로,19931231,127.1237339,37.4144015,29.55
R,HH구미-0459-1,1.4,A,성남시 분당구 구미동 221 무지개마을 청구아파트 내 성지유치원 계단 앞,20081031,127.1177858,37.3383885,55.91
S,HH구미-0435-1,0.6,B,성남시 분당구 구미동 213번지 1101동 옆 녹지,19951231,127.1179211,37.3360048,65.48
S,HH수내-0363-1,1.0,A,성남시 분당구 수내동 55지번 파크타운 누리봄유치원 입구 옆,20140805,127.1193831,37.37137,46.31
R,HH서현-0692-1,1.0,A,성남시 분당구 분당동 250-3번지 서현역 신한은행 앞 도로,20180607,127.1234442,37.385859,33.625
S,HH야탑-0231-1,0.7,B,성남시 분당구 야탑2동 96-7지번 돌마초교내 후문 입구 앞,20100331,127.1300799,37.4093269,32.41
S,HH수내-0659-1,0.3,A,성남시 분당구 수내동 34 양지마을 금호APT 102동 앞 놀이터 내,20100331,127.1176461,37.3783111,40.19
R,HH구미-0582-1,1.2,A,성남시 분당구 구미동 158지번 오리역세권 분당포스빌 오피스텔 옆 도로(매립추정),20040531,127.1074574,37.3403024,57.098
R,HH구미-0581-1,0.8,B,성남시 분당구 구미동 7-1번지 건물 뒤 도로,20040531,127.1067619,37.3494957,54.516
S,HH수내-0390-6,0.6,B,성남시 분당구 수내동 38-2지번 양지마을 금호상가 옆 도로,19931231,127.1169594,37.3755546,39.83
R,HH야탑-2751-1,0.0,A,성남시 분당구 야탑동 307지번 야탑3동사무소 좌측 건너편 녹지,19931231,127.1379545,37.4105365,47.07
R,HH정자-0619-1,0.7,A,성남시 분당구 정자동 96-1지번 정자역 젤존타워1 옆 도로,20040531,127.1061934,37.3684827,42.31
R,HH야탑-0156-1,0.0,A,성남시 분당구 야탑1동 355-3번지 김철용치과 금호프라자 사이 골목(매립)(여성차병원뒤 먹자골목),19980930,127.1269731,37.4106301,29.82
R,HH정자-0083-1,1.0,B,성남시 분당구 정자동 88번지 느티마을 안촌유치원 뒷문 옆 녹지,19951231,127.1119276,37.3684553,42.896
R,HH정자-0604-1,0.5,A,성남시 분당구 정자동 88번지 느티마을 3단지 안촌유치원 내 녹지,20100331,127.1118642,37.3683352,43.15
R,HH정자-0077-1,1.0,A,성남시 분당구 정자동 91-2 느티마을 3단지~4단지 사이 보증 보도 화단,20180806,127.1124466,37.3679166,41.609
S,HH야탑-0323-1,0.6,A,성남시 분당구 이매동 203번지 야탑소방서 우측 주차장 담옆,19931231,127.1361096,37.4164034,35.43
S,HH야탑-0320-1,1.3,A,성남시 분당구 야탑동 201번지 매화마을주공1단지A103동뒤조경석위,20100331,127.135366,37.416253,35.75
S,HH수내-0376-1,0.6,B,성남시 분당구 수내동 28-1지번 양지마을 신한은행 앞 보도,19931231,127.1194728,37.3743628,40.6055
R,HH정자-0048-1,1.1,A,성남시 분당구 정자동 117 한솔마을 주공APT 604동 앞 녹지,20100331,127.115629,37.3639341,64.95
R,HH구미-0498-1,1.2,B,성남시 분당구 구미동 243번지 가동 옆 담장 화단 내,19951231,127.1259838,37.3419216,94.47
R,HH정자-0568-1,0.4,A,성남시 분당구 정자동 96-1지번 정자역 젤존타워2 앞 도로,20040531,127.1060387,37.3646668,40.57
R,HH수내-0392-6,1.3,B,성남시 분당구 수내동 25지번 분당고등학교 뒤 보도,19931231,127.1158135,37.3755037,41.51
R,HH이매-0013-1,1.4,A,성남시 분당구 이매동 122번지 이매촌 금강아파트101동 주차장앞 화단,20081031,127.1237495,37.3894574,34.7981
S,HH수내-0419-1,0.4,A,성남시 분당구 수내동 8-7지번 수내역 호텔JJ 입구 옆 보증보도,20010430,127.1156717,37.3795234,36.73
S,HH도촌-0466-1,1.6,A,성남시 중원구 도촌동 700번지 섬마을 휴먼시아1단지APT 102동 뒤 녹지,20110315,127.1490043,37.4139299,50.822
S,HH도촌-0454-1,0.6,A,성남시 중원구 도촌동 633번지 도촌동 주민센터 앞 보도,20110315,127.1529663,37.4165947,53.61
R,HH야탑-0247-1,1.2,A,성남시 분당구 야탑2동 518번지 탑마을주공8단지A806동옆도로,20100331,127.135554,37.4086365,38.4
S,HH야탑-0246-1,0.9,A,성남시 분당구 야탑2동 518번지 탑마을주공8단지A808동앞주차장,20100331,127.1346403,37.4085158,37.37
S,HH야탑-0249-2,1.9,A,성남시 분당구 야탑2동 518번지 탑마을주공8단지APT807동건너야탑천녹지,20100331,127.1349597,37.4078223,35.7239
R,HH야탑-0253-1,1.3,B,성남시 분당구 야탑동 166번지 목련마을 주공1단지APT 109동 110동 사이 주차장,20100331,127.1389943,37.4085369,40.75
S,HH수내-0344-1,1.1,A,성남시 분당구 수내동 63-2 파크타운 동신코아 뒤 보도,20100331,127.1226563,37.3708217,55.8515
R,HH금곡-0238-1,1.3,A,"성남시 분당구 금곡동 133지번 청솔마을 주공9단지아파트 904, 906동 사이보도 화단",20081031,127.1137489,37.3527002,50.65
S,HH정자-0625-1,0.3,A,성남시 분당구 정자동 96-1지번 정자역 샹떼뷰르젠시 앞 도로 중앙선,20030530,127.105953,37.3704135,41.65
R,HH수내-0426-2,0.8,B,성남시 분당구 수내동 40-5번지 수내역 롯데백화점 뒤 전철역 앞 도로,19970731,127.1143254,37.3789883,37.31
S,HH수내-0425-1,0.2,A,"성남시 분당구 수내동 40-5 수내역 재규어,랜드로버(자동차매장) 옆 도로",20020430,127.1148625,37.3793755,37.09
S,HH수내-0665-2,1.4,A,성남시 분당구 수내동 40-5 수내역 WMC빌딩 앞 도로,20120331,127.1171529,37.3802833,36.5235
R,HH분당-0042-1,0.7,A,성남시 분당구 분당동 94번지 프라임하우스 내 휴게실 왼쪽,20100331,127.1452826,37.37167,65.0
R,HH서현-0070-1,1.0,A,성남시 분당구 서현동 311번지 서현2동 효자촌 미래타운 범한프라자 뒤 주차장입구,20180806,127.1393045,37.3719764,52.099
R,HH정자-0172-1,0.3,B,성남시 분당구 정자동 144지번 정든마을 우성APT 4단지 상가 뒤 보도,19951231,127.1207363,37.3631036,74.33
R,HH야탑-0419-1,0.5,A,성남시 분당구 야탑1동 367-1번지 신한빌딩옆(분식점 앞) 보도,20060331,127.1292114,37.4112871,30.43
S,HH야탑-0283-1,0.3,A,성남시 분당구 야탑동 275-3지번 대경빌딩입구 우측 보도(3동사무소 인근),20060331,127.1382975,37.4118705,48.43
S,HH야탑-0225-1,0.0,A,성남시 분당구 야탑1동 390번지 성마르코 성당 주차장입구(매립),19931231,127.133634,37.4107837,48.06
S,HH구미-0329-4,2.5,A,성남시 분당구 구미동 150 삼익파크빌 A동 성남대로 건너 동막천 야산,19951231,127.1086574,37.3435056,58.172
S,HH정자-0662-1,1.2,A,성남시 분당구 정자동 101지번 한솔마을 주공APT 711동 옆 도로,20160510,127.1157951,37.3690924,46.484
R,HH정자-0021-1,1.5,A,성남시 분당구 정자동 104-2지번 한솔마을 주공 4단지~7단지 사이 보증보도,20160510,127.1168084,37.3685109,52.8542
R,HH야탑-0346-1,0.3,A,성남시 분당구 야탑3동 175-1번지 목련프라자 뒤 주차장입구앞 도로,19980930,127.1460296,37.407377,53.23
R,HH야탑-0362-1,0.5,A,성남시 분당구 야탑동 154번지 야탑3동파출소앞보도,20060331,127.1483523,37.4056327,61.16
S,HH정자-0670-2,0.5,A,성남시 분당구 정자동 96-1 경기 성남시 분당구 정자동 아이파크301동앞,20200305,127.1059416,37.3687669,40.948
S,HH금곡-0550-1,0.3,B,성남시 분당구 금곡동 168 메디파크 주차장입구 도로,19951231,127.106632,37.3505888,52.648
R,HH구미-0367-1,1.0,A,성남시 분당구 구미동 110번지 501동 옆,20081031,127.117424,37.3459888,52.3243
S,HH구미-0366-1,1.3,B,성남시 분당구 구미동 110번지 기계실 환기구 옆,20181031,127.117385,37.3452096,53.62
S,HH구미-0369-1,1.4,A,성남시 분당구 구미동 110번지 아파트 내 참빛교회,20081031,127.1177176,37.3463594,51.68
R,HH금곡-0578-1,1.0,A,성남시 분당구 금곡동 165번지 오피스텔2 옆 보도,20020430,127.1079746,37.3504271,52.951
S,HH도촌-0446-1,0.8,A,성남시 중원구 도촌동 701번지 섬마을 휴먼시아2단지APT 내 상가 건너 보도,20071231,127.150496,37.4137606,57.59
R,HH수내-0583-1,0.9,A,성남시 분당구 수내동 40-5 수내역 현대스위스 저축은행 입구 옆 도로,19931231,127.1112126,37.3773975,38.17
R,HH분당-0027-1,1.4,A,성남시 분당구 분당동 114번지 장안중학교 내 인도,20100331,127.1464425,37.3716531,72.397
R,HH정자-0594-1,0.6,B,성남시 분당구 정자동 98-3 정자역 제나프라자 주차장 앞 도로,20050614,127.1075104,37.3676208,43.067
R,HH정자-0642-1,0.4,A,성남시 분당구 정자동 189-8지번 상록마을 영동프라자 앞 도로,20180806,127.1074442,37.3676771,43.03
S,HH수내-0653-2,0.9,A,성남시 분당구 수내동 55지번 파크타운 롯데A 130동 앞 테니스장 앞 녹지,20140805,127.1196164,37.3713244,43.92
S,HH야탑-0239-1,0.3,A,성남시 분당구 야탑2동 517번지 탑마을벽산아파트605동옆녹지,20010430,127.1335371,37.4081158,37.91
R,HH수내-0383-2,1.0,A,성남시 분당구 수내동 36지번 양지마을 청구APT 206동 뒤 주차장 입구,20120331,127.119509,37.3760409,40.28
R,HH수내-0384-1,0.9,A,성남시 분당구 수내동 30지번 양지마을 수내1동주민센터 옆 주차장,20140805,127.1181916,37.3753048,37.85
R,HH수내-0373-1,0.9,A,성남시 분당구 수내동 27지번 양지마을 금호APT 303동 밖 사거리 보도,20100331,127.1189963,37.3735439,40.98
S,HH구미-0310-1,1.2,A,성남시 분당구 구미동 80번지 다동 뒤 녹지,19951231,127.1188684,37.3507436,51.8
R,HH구미-0309-1,1.2,A,성남시 분당구 구미동 80번지 다동 뒤 녹지,19951231,127.1185263,37.3502687,51.63
R,HH구미-0312-1,0.4,A,성남시 분당구 구미동 82번지 102동 옆 녹지,20010430,127.1198555,37.3501327,51.5528
S,HH야탑-0381-2,0.0,A,성남시 분당구 야탑3동 135-5지번 차량등록소 앞 도로 교차로(차량등록소 인근)(매 립),20100331,127.1546597,37.4068456,74.56
S,HH야탑-0379-1,1.3,A,성남시 분당구 야탑동 307번지 대순진리회 주차장 우측 보도(차량등록소 인근),20100331,127.1526908,37.4064666,68.33
S,HH구미-0397-1,0.3,B,성남시 분당구 구미동 186-1지번 오리역 팬텀프라자 주차장입구 도로,19980930,127.1100019,37.3386046,53.656
R,HH야탑-0482-1,2.1,A,성남시 분당구 야탑1동 334번지 현대 APT 관리사무소 앞 야탑중학교 경계,20140805,127.1320294,37.4158223,32.84
R,HH도촌-0438-1,1.2,A,성남시 중원구 도촌동 646번지 도촌초교앞횡단보도건너편,20071231,127.157185,37.4139194,66.05
S,HH도촌-0442-1,1.0,A,성남시 중원구 도촌동 708번지 섬마을9단지A905동옆보도,20071231,127.1663147,37.4112149,91.26
R,HH야탑-0211-1,1.6,A,성남시 분당구 야탑1동 366-5번지 시그마호텔 옆 인도(BYC 라인),20040331,127.1296161,37.4104357,33.22
R,HH야탑-0481-1,2.2,A,성남시 분당구 야탑1동 366-5번지 시그마호텔 옆 좌측 도로(BYC 인근),20140805,127.1296029,37.410426,29.72
R,HH야탑-0351-1,1.3,A,성남시 분당구 야탑3동 176번지 목련마을 성환빌라 207동 3라인 앞 녹지,20100331,127.1467046,37.4080524,60.72
S,HH야탑-0345-1,0.7,A,성남시 분당구 야탑3동 173번지 목련마을 대원빌라 103동 좌측 코너 앞,20100331,127.1453366,37.4078531,55.73
R,HH정자-0653-2,0.8,A,성남시 분당구 정자동 96-1지번 정자역 노비오스호텔 옆 보도,20140805,127.1072072,37.3667057,43.25
R,HH야탑-0332-1,0.3,A,성남시 분당구 야탑동 205번지 매화주공3단지아파트311동앞상가 입구,20060331,127.1416149,37.4146995,40.62
R,HH야탑-0299-1,0.2,A,성남시 분당구 야탑동 211번지 매화마을주공4단지아파트정문좌측상가녹지,20060331,127.1423364,37.4131083,45.83
S,HH구미-0294-1,1.3,A,성남시 분당구 구미동 66번지 302동 앞 화단,20100331,127.1148596,37.3488316,51.139
S,HH야탑-0364-1,1.1,B,성남시 분당구 야탑3동 152번지 서광교회 어린이집 담 옆(야탑3동파출소 인근),19980930,127.1497442,37.4057007,64.74
S,HH구미-0584-1,0.5,A,성남시 분당구 구미동 187-3번지 세종그랑시아2 앞 보도,20040531,127.1103732,37.3390439,54.18
R,HH구미-0583-1,0.1,A,성남시 분당구 구미동 153 로드랜드EZ타워 옆 보도,20040531,127.1078886,37.3424815,56.724
R,HH수내-0421-1,0.4,B,성남시 분당구 수내동 9-1지번 수내역 SKT 입구 옆 보도,19980930,127.1164088,37.3807181,36.4641
R,HH도촌-0465-2,0.1,A,성남시 중원구 도촌동 700번지 섬마을 휴먼시아1단지APT 입구 우측 보도,20110315,127.1495071,37.4134932,55.949
R,HH도촌-0466-1,1.6,A,성남시 중원구 도촌동 700번지 섬마을 휴먼시아1단지APT 102동 뒤 녹지,20110315,127.1490062,37.413925,50.916
R,HH도촌-0454-1,0.6,A,성남시 중원구 도촌동 633번지 도촌동 주민센터 앞 보도,20110315,127.1529714,37.41659,53.56
S,HH정자-0133-1,0.2,B,성남시 분당구 정자동 131-3 상록마을 샘물교회 입구 옆 보도,19951231,127.113531,37.3617675,59.256
S,HH서현-0115-1,1.1,A,성남시 분당구 서현동 92번지 서현1동 시범단지 현대아파트 417동 옆 녹지,20100331,127.1311316,37.3762939,50.64
S,HH서현-0114-1,1.7,A,성남시 분당구 서현동 92번지 서현1동 시범단지 현대아파트 420동 앞 녹지,20170810,127.1315914,37.3770848,48.95
R,HH정자-0109-2,0.6,B,성남시 분당구 정자동 96-1지번 정자역 광장~젤존타워3 사이 도로,19951231,127.1075732,37.3656536,40.23
S,HH도촌-0441-1,0.6,A,성남시 중원구 도촌동 708번지 섬마을9단지A903동주차장내,20071231,127.1641177,37.4117078,85.01
S,HH분당-0268-1,2.8,A,성남시 분당구 분당동 52번지 주택단지 내 청구2차빌라 입구 내 경계석 녹지,19931231,127.1348256,37.3699051,60.4691
S,HH야탑-2231-1,0.3,A,성남시 분당구 야탑3동 170-5 가나안 복지 재단 앞 보도,20110315,127.1434509,37.4085045,50.229
R,HH분당-0298-6,1.0,B,성남시 분당구 분당동 38지번 샛별마을 우방APT 입구 상가 뒤 주차장,19931231,127.1273717,37.3711831,56.1
S,HH분당-0299-6,1.5,B,성남시 분당구 분당동 38지번 샛별마을 따소미어린이집 입구 옆,19931231,127.1268499,37.3715271,55.36
R,HH야탑-0189-1,1.2,A,성남시 분당구 야탑동 330번지 동부코오롱APT 102동 옆,20080331,127.1273879,37.4164767,30.45
S,HH여수-0457-2,1.1,A,성남시 중원구 여수동 200번지 성남시청 건너편 성남대로 여수지구 육교밑,20100324,127.1291156,37.4190521,30.275
S,HH구미-0541-1,0.5,A,성남시 분당구 구미동 274-1 라임카운티 데크밑(현재 빈 상가),20030530,127.1273445,37.3436576,97.003
R,HH금곡-0194-1,1.0,B,성남시 분당구 금곡동 181번지 상가 앞 데크아래,19951231,127.1070601,37.3565337,44.8425
S,HH정자-0595-1,0.5,A,성남시 분당구 정자동 96-1지번 정자역 지파크프라자 주차장 입구 앞 도로,20050614,127.1059754,37.3674662,43.29
R,HH정자-0637-2,0.3,B,성남시 분당구 정자동 178-1 네이버 빌딩 앞 도로,20100324,127.1052805,37.3597948,44.007
S,HH분당-0026-1,1.4,A,성남시 분당구 분당동 114번지 장안중학교 앞 보도,20150805,127.145821,37.3715966,65.241
S,HH구미-0502-1,0.5,A,성남시 분당구 구미동 266-1번지 주차장입구 보도,20150805,127.1269358,37.3411709,99.444
S,HH야탑-0235-1,0.8,A,성남시 분당구 야탑2동 517번지 탑마을벽산아파트612동옆상가녹지,20060331,127.1321892,37.4090159,36.83
S,HH정자-0556-1,0.6,A,성남시 분당구 정자동 160지번 정자역 분당경찰서 입구 옆 보도,20071231,127.105837,37.3653298,43.98
R,HH구미-0396-1,0.9,B,성남시 분당구 구미동 185-5번지 사이 보증보도,19980930,127.1093788,37.3385345,53.915
S,HH구미-0442-1,0.5,B,성남시 분당구 구미동 205-1번지 파리바케트 앞 보도,19970731,127.1163333,37.3378388,54.368
S,HH야탑-0473-1,0.3,A,성남시 분당구 야탑2동 517번지 탑마을벽산아파트605동옆녹지,20010430,127.1335569,37.408114,37.91
S,HH분당-0030-1,0.9,A,성남시 분당구 분당동 90-1번지 태현공원 앞 한일빌딩 홈플러스 앞 도로,20150805,127.1436584,37.3702881,62.571
R,HH도촌-0439-1,0.7,A,성남시 중원구 도촌동 707번지 섬마을 휴먼시아8단지APT 제2 어린이집 옆 화단,20071231,127.1600073,37.4122738,82.37
R,HH구미-0516-1,1.3,B,성남시 분당구 구미동 290번지 빌라 내 녹지,19951231,127.1266291,37.3438357,97.99
S,HH구미-0417-1,0.4,B,성남시 분당구 구미동 203-1 편의점 앞 보도,19951231,127.1158638,37.3379706,53.077
R,HH정자-0569-1,0.4,A,성남시 분당구 정자동 96-1지번 정자역 월드비터 빌딩 옆 도로,20040531,127.1060496,37.363676,43.75
R,HH야탑-0322-1,1.4,A,성남시 분당구 야탑동 201번지 매화마을주공1단지A성산교회뒤담옆,19980930,127.1358365,37.4160938,35.56
S,HH분당-0018-1,2.0,A,성남시 분당구 분당동 139번지 두앙노빌리티 뒤 녹지,20010430,127.144904,37.3693219,73.52
S,HH구미-0491-1,0.5,A,성남시 분당구 구미동 243번지 803동 담장 밖 보도,20180607,127.1247064,37.3408871,82.086
R,HH금곡-0197-2,0.6,A,성남시 분당구 금곡동 19번지 108동 앞 보도,20020430,127.1059371,37.3554606,46.505
S,HH금곡-0196-2,0.4,A,성남시 분당구 금곡동 181번지 303동 옆 녹지,20100331,127.1072127,37.3560477,48.53
S,HH구미-0278-1,0.9,B,성남시 분당구 구미동 25-2 엘레강스프라자 A동 주차장 내,19951231,127.111553,37.3495953,53.33
S,HH야탑-0208-1,0.9,B,성남시 분당구 야탑1동 367-4번지 국민은행옆 녹지(BYC 라인),19980930,127.129167,37.4106936,31.37
R,HH야탑-0428-2,1.6,B,성남시 분당구 야탑동 357-1번지 야탑동 킴스클럽앞 횡단보도,20170810,127.1276642,37.4099163,27.334
R,HH야탑-0365-1,0.0,A,성남시 분당구 야탑동 150지번 분당테크노파크 A동 건물입구(매립),19931231,127.1506311,37.4054052,67.35
S,HH야탑-0307-1,1.0,A,성남시 분당구 야탑동 215번지 매화주공2단지아파트202동옆상가문구점앞,20060331,127.1363485,37.4137301,43.16
S,HH구미-0672-1,0.9,A,까치마을 건영아파트 605동 앞,20200828,127.1084184,37.3470048,67.816
R,HH정자-0104-2,0.3,B,성남시 분당구 정자동 98-3 호텔블리스 주차장 입구 앞 도로,20140805,127.1074622,37.3668377,42.84
S,HH야탑-0337-1,1.2,A,성남시 분당구 야탑동 162번지 목련마을 한일APT 303동 앞 녹지,20060331,127.1440307,37.4065082,55.79
S,HH야탑-0335-1,0.2,A,성남시 분당구 야탑동 163번지 목련마을 한신APT 201동 우측 도로(관리사무실 앞),20060331,127.1431492,37.406842,51.28
S,HH야탑-0342-1,1.5,A,성남시 분당구 야탑3동 161번지 상탑초교후문안주차장끝,20100331,127.1463301,37.4063411,54.66
R,HH금곡-0235-1,1.4,A,성남시 분당구 구미동 126번지 상가슈퍼마켓 내,19951231,127.111477,37.3535929,49.2583
R,HH금곡-0234-1,1.6,A,성남시 분당구 구미동 126번지 604동 옆 녹지,20081031,127.1120054,37.3540693,49.0
S,HH금곡-0229-1,1.1,B,성남시 분당구 구미동 126번지 청솔종합복지관 어린이집 현관 옆,19951231,127.1105526,37.3537812,49.37
S,HH분당-0071-1,0.8,A,성남시 분당구 분당동 96번지 장안타운 한신라이프연립 빌라 내 인도,20100331,127.1427069,37.3734622,59.328
R,HH구미-0461-2,1.8,A,성남시 분당구 구미동 221번지 509동 옆 녹지,20081031,127.1182272,37.3394239,58.74
R,HH정자-0176-2,0.3,A,성남시 분당구 정자동 255-5지번 정든마을 우성APT 6단지 신양유치원 앞 보증보도,20100331,127.1212822,37.3611342,78.15
R,HH구미-0293-1,1.2,A,성남시 분당구 구미동 63번지 상가 뒤 녹지,20100331,127.1130283,37.3462768,54.4
S,HH구미-0292-1,1.0,A,성남시 분당구 구미동 63번지 402동 옆 놀이터,20100331,127.1121658,37.346032,53.58
S,HH구미-0295-1,0.7,A,성남시 분당구 구미동 68번지 건물 뒤 주차장,20020430,127.1154666,37.3475882,51.499
S,HH도촌-0439-1,0.7,A,성남시 중원구 도촌동 707번지 섬마을 휴먼시아8단지APT 제2 어린이집 옆 화단,20071231,127.1600071,37.4122668,82.38
R,HH정자-0664-1,0.4,A,성남시 분당구 정자동 104-3 한솔마을 주공4단지 입구 앞 도로,20160510,127.1193181,37.3692968,50.969
R,HH정자-0015-1,1.2,B,성남시 분당구 정자동 102-1지번 한솔마을 주공APT 4단지 입구 상가 앞 보도,19951231,127.1194755,37.3687775,56.17
R,HH정자-0018-1,1.0,A,성남시 분당구 정자동 102지번 한솔마을 주공APT 402동 앞 쓰레기장,20100331,127.1190506,37.3683065,57.14
R,HH분당-0269-1,0.5,A,성남시 분당구 분당동 57-1지번 주택단지 내 청구2차빌라 맞은편 도로,20150805,127.1345178,37.3696437,59.205
S,HH도촌-0486-1,0.6,A,성남시 중원구 도촌동 706번지 섬마을7단지A702동뒤조경석,20121025,127.1593065,37.4132599,70.6
R,HH구미-0468-3,1.0,A,성남시 분당구 구미동 211번지 501동 옆 상가도로,19951231,127.1199842,37.3393028,60.92
R,HH수내-0393-1,2.0,A,성남시 분당구 수내동 56 파크타운 대림APT 139동 옆 녹지,20100331,127.1210369,37.3729281,43.11
S,HH금곡-0239-1,0.9,A,성남시 분당구 금곡동 133지번 청솔마을 주공9단지아파트 상가 뒤 인입,19951231,127.1138192,37.3523226,50.43
S,HH금곡-0238-1,1.3,A,"성남시 분당구 금곡동 133지번 청솔마을 주공9단지아파트 904, 906동 사이보도 화단",20081031,127.113754,37.3527006,50.65
R,HH서현-0689-1,1.0,A,성남시 분당구 분당동 88번지 서현지엔느 앞 도로,20180607,127.1251267,37.3836498,40.292
S,HH서현-0136-2,0.8,A,성남시 분당구 서현동 96번지 서현1동 시범단지 우성아파트 202동 옆 인도,20100331,127.1309924,37.3816805,49.2135
R,HH야탑-0364-1,1.1,B,성남시 분당구 야탑3동 152번지 서광교회 어린이집 담 옆(야탑3동파출소 인근),19980930,127.1497458,37.4056959,64.74
S,HH야탑-0362-1,0.5,A,성남시 분당구 야탑동 154번지 야탑3동파출소앞보도,20060331,127.1483571,37.4056369,61.19
R,HH야탑-0307-1,1.0,A,성남시 분당구 야탑동 215번지 매화주공2단지아파트202동옆상가문구점앞,20060331,127.1363485,37.4137282,43.16
R,HH구미-0315-1,1.4,B,성남시 분당구 구미동 88번지 201동 옆 녹지,19951231,127.116296,37.3470965,52.02
S,HH야탑-0308-1,2.0,A,성남시 분당구 야탑동 215번지 매화주공2단지아파트상가뒤편보도,19931231,127.1360055,37.4136352,43.96
S,HH구미-0360-1,1.0,A,성남시 분당구 구미동 118번지 402동 뒤 녹지(텃밭 내),20010430,127.1153178,37.3431792,52.2327
R,HH구미-0449-1,0.8,A,성남시 분당구 구미동 201번지 307동 옆 보도,20100331,127.1150523,37.3397472,53.68
R,HH분당-0264-1,0.2,A,성남시 분당구 분당동 48지번 주택단지 내 하나빌라 내 계단 밑 창고 안,19970731,127.1353317,37.3707888,57.16
R,HH분당-0015-1,0.5,A,성남시 분당구 분당동 141번지 신안시네하우스 내 103동 뒤,20010430,127.1451015,37.3685832,78.03
S,HH도촌-0437-1,0.8,A,성남시 중원구 도촌동 703번지 섬마을 휴먼시아4단지APT 401동 옆 보도 <단지내>,20071231,127.1562858,37.4148366,62.071
S,HH분당-0296-2,0.7,A,성남시 분당구 분당동 38지번 샛별마을우방APT 311동 뒤 주차장,20150805,127.1282841,37.3716918,54.44
R,HH도촌-0484-1,0.4,A,성남시 중원구 도촌동 571번지 파크 오피스텔 앞 보도,20110315,127.1519603,37.4155404,53.121
R,HH정자-0573-1,0.7,A,성남시 분당구 정자동 189-7지번 상록마을 주택단지 은혜유치원 앞 도로,20040531,127.1117968,37.3608381,52.33
S,HH정자-0123-4,2.3,B,성남시 분당구 정자동 125 상록마을 라이프APT 202동 옆 계단 옆 조경석 사이,19951231,127.1124262,37.3625364,53.66
S,HH구미-0378-1,1.5,A,성남시 분당구 구미동 111번지 205동 앞 보도,20120331,127.1173609,37.3428886,55.1
R,HH구미-0513-1,0.5,A,성남시 분당구 구미동 283번지 앞 도로,20180806,127.1250814,37.3437335,90.929
S,HH구미-0512-1,0.3,A,성남시 분당구 구미동 282번지 주차장입구 앞 도로,20180806,127.1246548,37.343454,88.341
S,HH금곡-0228-1,1.5,A,성남시 분당구 구미동 126번지 609동 옆 녹지,20081031,127.1096495,37.3538199,48.89
R,HH구미-0525-1,0.7,A,성남시 분당구 구미동 286번지 701동 뒤 녹지,19980930,127.1250009,37.3446722,103.9643
R,HH수내-0344-1,1.1,A,성남시 분당구 수내동 63-2 파크타운 동신코아 뒤 보도,20100331,127.1226534,37.3708188,55.8384
R,HH야탑-0413-1,0.8,A,성남시 분당구 야탑동 366-4번지 글라스타워 스타벅스 앞 도로(BYC 라인),20050614,127.1295585,37.4107724,31.4261
S,HH정자-0024-1,1.1,A,성남시 분당구 정자동 101지번 한솔마을 주공APT 708동 앞 복지관 뒤 보도,20100331,127.1159147,37.3693641,48.62
R,HH정자-0027-1,0.9,A,성남시 분당구 정자동 101지번 한솔마을 주공7단지 한솔종합사회복지관 앞 보도,20100331,127.115868,37.3683594,49.42
S,HH분당-0250-1,0.9,A,성남시 분당구 분당동 60-1번지 (주택단지 내 글로리빌라 뒤 펜스 안 녹지),20010430,127.1371028,37.369182,63.7624
R,HH야탑-0309-1,0.0,A,성남시 분당구 야탑동 215번지 매화마을 주공2단지APT 상가 앞 관리사무실 옆,20060331,127.1362636,37.4137589,43.16
S,HH야탑-0414-1,0.5,A,성남시 분당구 야탑1동 390번지 성마르코성당 녹지,20050614,127.1337432,37.4107689,46.44
R,HH구미-0445-1,1.1,A,성남시 분당구 구미동 201번지 312동 옆 보도,20100331,127.1147583,37.3388537,54.4
R,HH정자-0067-1,1.8,A,성남시 분당구 정자동 123 상록마을 정자중학교 내 뒤 보도,20100331,127.110468,37.3660342,42.12
S,HH야탑-0092-1,1.3,A,성남시 분당구 야탑1동 486번지 메트로상가 옆 보도,19980930,127.1294889,37.4124158,31.51
S,HH수내-0423-1,0.6,B,성남시 분당구 수내동 9-3지번 수내역 도담빌딩 주차장 입구 앞 도로,19970731,127.1155801,37.3800549,36.58
S,HH도촌-0469-1,1.7,A,성남시 중원구 도촌동 647번지 도촌동 사회복지회관 앞 녹지,20140930,127.1592693,37.4150417,63.995
R,HH도촌-0444-1,0.7,A,성남시 중원구 도촌동 632번지 도촌소방소 부지 (나대지)앞 인도,20071231,127.1550132,37.4174776,59.33
R,HH구미-0436-1,0.5,A,성남시 분당구 구미동 205-8 무지개마을 가나안교회 앞 보도,20030530,127.1169313,37.3365887,59.986
R,HH구미-0430-1,1.3,A,성남시 분당구 구미동 212번지 1203동 옆,20080331,127.1201219,37.3353185,78.28
R,HH수내-0664-2,0.6,A,성남시 분당구 수내동 40-5 수내역 동현프라자 부동산 앞 도로 (횡단보도),20160510,127.1117227,37.3771675,36.621
S,HH수내-0430-2,1.5,A,성남시 분당구 수내동 16-7번지 수내역 한솔 인피니티 오피스텔 앞 보도,20170810,127.1124667,37.3764046,36.105
S,HH수내-0364-1,1.5,A,성남시 분당구 수내동 55 파크타운 롯데APT 129동 뒤 녹지,20100331,127.119888,37.3725812,45.7
S,HH수내-0610-1,0.5,A,성남시 분당구 수내동 55지번 파크타운 롯데APT 133동 뒤 주자창 입구 도로,20060331,127.1180048,37.3724175,42.5555
S,HH수내-0375-1,0.5,A,성남시 분당구 수내동 55지번 파크타운 롯데APT 134동 옆 녹지,20100331,127.1171737,37.3716082,42.07
S,HH야탑-0265-2,1.0,A,성남시 분당구 야탑동 264-1번지 포레스트하우스 뒤편 모퉁이 보도(은학의집 인근),20140805,127.1433964,37.4096946,58.05
R,HH야탑-0311-1,0.2,A,성남시 분당구 이매동 202-4번지 제스빌딩 옆 도로(소방서 옆),20190510,127.1357442,37.4164873,34.069
R,HH도촌-0486-1,0.6,A,성남시 중원구 도촌동 706번지 섬마을7단지A702동뒤조경석,20121025,127.1593036,37.4132669,70.549
R,HH도촌-0469-1,1.7,A,성남시 중원구 도촌동 647번지 도촌동 사회복지회관 앞 녹지,20140930,127.1592661,37.4150385,64.012
S,HH도촌-0444-1,0.7,A,성남시 중원구 도촌동 632번지 도촌소방소 부지 (나대지)앞 인도,20071231,127.1550181,37.4174728,59.34
S,HH정자-0061-1,1.0,A,성남시 분당구 정자동 122지번 상록마을 우성APT 희언유치원 내 녹지,20100331,127.1111415,37.3652922,47.29
R,HH분당-0282-1,1.0,A,성남시 분당구 분당동 35지번 샛별마을 동성APT 205동 옆 녹지,20100331,127.1319217,37.3714826,53.97
R,HH수내-0416-1,0.3,B,성남시 분당구 수내동 4-4지번 수내역 경동빌딩 앞 보도,19980930,127.1172323,37.380668,36.94
S,HH야탑-0328-1,0.3,A,성남시 분당구 야탑동 205번지 매화주공3단지아파트306동옆뽀뽀뽀어린이집앞보도,20100331,127.1386939,37.4149407,38.49
R,HH수내-0610-1,0.5,A,성남시 분당구 수내동 55지번 파크타운 롯데APT 133동 뒤 주자창 입구 도로,20060331,127.1180073,37.3724189,42.5953
S,HH수내-0408-1,0.5,A,성남시 분당구 수내동 5-4지번 수내역 삼성보보스 쉐르빌 입구 옆 보증보도,20040530,127.1176792,37.3798607,36.93
S,HH수내-0409-2,1.0,A,성남시 분당구 수내동 40-5지번 수내역 한원빌딩 앞 도로,20140805,127.1173693,37.3799874,34.21
S,HH구미-0271-1,0.5,B,성남시 분당구 구미동 16 구미도서관 옆 대순진지회 건물 화단 내(소화전 앞),19951231,127.1082493,37.3457493,63.58
R,HH야탑-0095-1,1.3,A,성남시 분당구 야탑2동 511번지 타워빌A311동뒤녹지(기계실뒤쪽),20120331,127.1256755,37.4083014,31.21
R,HH야탑-0201-1,1.7,A,성남시 분당구 야탑1동 360-6번지 메트로상가 옆 도로,20180806,127.1295182,37.412578,29.016
S,HH수내-0316-6,1.5,B,성남시 분당구 수내동 74지번 푸른마을 신성APT 404동 옆 놀이터 내,19931231,127.1260606,37.3677507,64.7385
R,HH정자-0610-1,0.2,B,성남시 분당구 정자동 185-1번지 정자역 고래룸유흥주점 입구 앞 도로,20060614,127.1069397,37.3649491,40.57
S,HH정자-0455-2,0.7,A,성남시 분당구 정자동 29지번 느티마을 경남/선경빌라 105동 밖 녹지,20060331,127.1099725,37.3732004,39.85
S,HH수내-0602-1,0.5,A,성남시 분당구 수내동 6-3지번 수내역 서영빌딩 주차장 입구 보도,20050614,127.1167873,37.3794877,36.64
S,HH수내-0410-1,0.6,B,성남시 분당구 수내동 6-4지번 수내역 BS타워 빌딩 앞 보도,19970731,127.1166039,37.3793715,35.994
R,HH정자-0663-1,1.3,A,성남시 분당구 정자동 101지번 한솔마을 주공APT 712동 뒤 녹지,20160510,127.1166367,37.3674393,53.752
R,HH구미-0444-1,0.8,A,성남시 분당구 구미동 201번지 희소유치원 보도,20100331,127.1146919,37.3385894,54.41
S,HH구미-0439-1,0.7,A,성남시 분당구 구미동 205-8번지 뒤 보도,19970731,127.1168403,37.3373994,56.271
R,HH도촌-0443-1,0.5,B,성남시 중원구 도촌동 633번지 도촌 주민센터 우측 도로,20071231,127.1529352,37.4170541,55.98
S,HH정자-0647-2,1.4,A,성남시 분당구 정자동 189-12 한솔마을 주공APT 504동 뒤 단지 밖 보도,20140930,127.1188641,37.3645032,67.636
R,HH정자-0158-1,0.9,B,성남시 분당구 정자동 191지번 정든마을 한진APT 6단지 상가 뒤 녹지,19951231,127.1152513,37.3624944,65.8
R,HH정자-0157-1,1.1,B,성남시 분당구 정자동 191지번 정자동 정든마을 우성APT 4단지 상가 뒤 도로정든마을 한진APT 605동~공원 사이 도로,19951231,127.1164216,37.3621302,67.2
R,HH야탑-0308-1,2.0,A,성남시 분당구 야탑동 215번지 매화주공2단지아파트상가뒤편보도,19931231,127.136006,37.4136376,43.96
R,HH야탑-0310-2,0.9,A,성남시 분당구 야탑동 215번지 매화2단지APT관리사무소위쪽도로코너,20100331,127.1363861,37.414202,39.5229
S,HH정자-0045-1,0.7,B,성남시 분당구 정자동 117-2지번 한솔마을 주공APT 6단지 입구 상가 뒤 보도,19951231,127.1152556,37.3647849,60.53
R,HH정자-0043-1,0.3,B,"성남시 분당구 정자동 117-3지번 한솔마을 주공APT 5,6단지 관리사무소 옆 보증보도",19951231,127.1164696,37.3649984,63.9
R,HH구미-0429-1,1.3,A,성남시 분당구 구미동 212번지 1208동 뒤 녹지,20080331,127.1188047,37.3350784,72.79
R,HH구미-0617-1,0.1,A,성남시 분당구 구미동 271번지 오르막 차도,20071231,127.1281456,37.3418041,109.878
S,HH정자-0638-2,0.2,A,성남시 분당구 정자동 178-1 네이버 빌딩 앞 사거리 도로,20100324,127.1058959,37.3598046,43.494
R,HH야탑-0208-1,0.9,B,성남시 분당구 야탑1동 367-4번지 국민은행옆 녹지(BYC 라인),19980930,127.129167,37.4106897,31.37
S,HH구미-0528-2,1.3,B,성남시 분당구 구미동 297-1 정문 앞,19951231,127.1237974,37.3482542,160.383
S,HH수내-0628-1,1.0,A,성남시 분당구 수내동 127-2 주택단지 내 수내동공영주차장 옆 보도,20080331,127.1277385,37.3667863,68.09
R,HH금곡-0240-1,1.3,A,성남시 분당구 금곡동 133지번 청솔마을 주공9단지아파트 관리사무소 앞 녹지,20081031,127.1139371,37.3524569,50.65
R,HH수내-0375-1,0.5,A,성남시 분당구 수내동 55지번 파크타운 롯데APT 134동 옆 녹지,20100331,127.1171776,37.3716061,42.07
R,HH수내-0374-1,1.2,A,성남시 분당구 수내동 55지번 파크타운 롯데APT 137동 옆 쉼터,20100331,127.11773,37.3709891,43.54
S,HH구미-0337-1,0.5,B,성남시 분당구 구미동 148번지 주차장 입구,19951231,127.1098594,37.3444011,58.656
S,HH구미-0340-1,0.7,A,성남시 분당구 구미동 145-1번지 앞 보도,19970731,127.1103896,37.3456978,58.79
S,HH구미-0484-1,0.3,A,성남시 분당구 구미동 236번지 화단 내,19980930,127.1244503,37.3381026,104.089
R,HH구미-0475-2,1.4,A,"성남시 분당구 구미동 222번지 무지개마을 건영,삼성10단지 APT 차단기 앞 보도",20180806,127.1203296,37.3383785,63.027
R,HH정자-0190-1,1.5,B,성남시 분당구 정자동 181번지 407동 놀이터 옆 녹지,19951231,127.1080281,37.357247,46.4037
R,HH금곡-0205-4,1.7,B,성남시 분당구 금곡동 180번지 208동 옆 사거리 보도,19951231,127.1061376,37.3536622,47.918
S,HH야탑-0435-1,0.8,A,성남시 분당구 야탑동 216번지 성남정보산업고교 정면 우측 녹지,20100331,127.1382099,37.4135029,45.635
S,HH야탑-0423-1,1.3,A,성남시 분당구 야탑동 219-2번지 야탑3동 브라운스톤 오피스텔 우측 보도,20060331,127.1426089,37.4116646,54.9998
R,HH구미-0365-1,0.7,A,성남시 분당구 구미동 110번지 테니스장 옆,20081031,127.1174383,37.344995,53.5584
S,HH금곡-0211-1,2.4,B,성남시 분당구 금곡동 174번지 107동 뒤 녹지,19951231,127.1061972,37.3529363,50.272
R,HH구미-0299-1,0.7,A,성남시 분당구 구미동 66번지 상가 앞 보도,19951231,127.1157721,37.3492177,51.1902
R,HH수내-0410-1,0.6,B,성남시 분당구 수내동 6-4지번 수내역 BS타워 빌딩 앞 보도,19970731,127.1166069,37.3793731,36.38
S,HH야탑-0309-1,0.0,A,성남시 분당구 야탑동 215번지 매화마을 주공2단지APT 상가 앞 관리사무실 옆,20060331,127.1362647,37.4137635,43.16
S,HH야탑-2851-1,0.5,A,성남시 분당구 야탑동 270번지 매화마을화성빌라702동703동사이보도,19951231,127.1404399,37.4118073,51.02
S,HH정자-0086-1,0.9,A,성남시 분당구 정자동 89 느티마을 신기초등학교 내 뒤 보도,20100331,127.1105463,37.367197,42.72
R,HH구미-0363-1,0.9,A,성남시 분당구 구미동 112번지 605동 옆 녹지,20100331,127.1157578,37.3455552,54.9
S,HH구미-0362-1,0.3,B,성남시 분당구 구미동 116번지 한양씨티빌 앞 도로,20020430,127.1160238,37.3432141,52.01
S,HH야탑-0275-1,0.1,A,성남시 분당구 야탑동 272-5지번 야탑상가 입구 앞 보증보도(3동사무소 인근),20040331,127.1386629,37.4114042,48.95
S,HH구미-0396-1,0.9,B,성남시 분당구 구미동 185-5번지 사이 보증보도,19980930,127.109374,37.3385394,53.928
S,HH야탑-0103-1,1.7,B,성남시 분당구 야탑2동 511번지 야탑2동 동사무소앞 타워빌아파트 302동 단지내 보도,20100331,127.127442,37.4093011,31.36
S,HH정자-0100-1,0.5,A,성남시 분당구 정자동 98-3지번 정자역 아르노호텔 주차장 앞 도로,20000331,127.1069022,37.3677137,43.11
R,HH이매-1101-2,1.6,A,성남시 분당구 이매동 132번지 아름마을 건영 105동 옆 보도,20081031,127.1216455,37.4040558,32.2296
S,HH이매-0112-1,2.1,A,성남시 분당구 이매동 132번지 아름마을 태영아파트 306동 앞 화단,20080331,127.1200595,37.4047128,36.24
R,HH야탑-0283-1,0.3,A,성남시 분당구 야탑동 275-3지번 대경빌딩입구 우측 보도(3동사무소 인근),20060331,127.1382997,37.4118666,48.43
R,HH야탑-0276-1,1.7,A,성남시 분당구 야탑동 307지번 야탑3동사무소 우측 실외기앞,19931231,127.1380658,37.4108534,48.31
S,HH야탑-0360-1,1.0,A,성남시 분당구 야탑동 185번지 목련마을 화성빌리지 703동 뒤 도로,20060331,127.1498889,37.4081201,79.37
S,HH야탑-0213-1,1.3,A,성남시 분당구 야탑1동 366-7지번 한주빌딩 옆 보도,20100331,127.1303126,37.4104067,35.62
R,HH야탑-0325-1,0.5,A,성남시 분당구 야탑동 205번지 매화마을 주공3단지APT 302동 좌측 앞 보도,20060331,127.1372616,37.415767,36.75
S,HH야탑-0431-1,0.8,A,성남시 분당구 야탑3동 150번지 테크노파크A동앞버스정류장보도,20080331,127.1515345,37.4049693,72.7953
S,HH야탑-0368-2,1.0,A,성남시 분당구 야탑3동 150번지 분당테크노파크A동진입로우측녹지,20100331,127.1512804,37.4049781,72.69
R,HH구미-0296-1,1.3,B,성남시 분당구 구미동 68번지 버스정류장 옆 보도,19951231,127.1159451,37.3475366,50.068
S,HH야탑-0229-1,2.0,B,성남시 분당구 야탑2동 96-7지번 돌마초교내 좌측 경계휀스 녹지,19980930,127.129604,37.4094947,32.45
S,HH야탑-0407-1,0.2,A,성남시 분당구 야탑동 513-2번지 상우빌딩(국제약품) 뒤 녹지,20050614,127.12911,37.4091752,30.81
S,HH야탑-0046-3,0.3,A,성남시 분당구 야탑3동 266번지 매화마을 동신건영2차빌라 901동앞,19931231,127.1389368,37.4104499,49.1544
R,HH정자-0643-1,0.3,A,성남시 분당구 정자동 185-2번지 정자역 라스베가스모텔 뒤 보증보도,20010430,127.1066321,37.3651275,43.99
R,HH정자-0106-2,1.0,B,성남시 분당구 정자동 182-2번지 정자역 여민빌딩 옆 보증보도,19951231,127.1066263,37.365541,43.99
R,HH정자-0110-1,0.3,A,성남시 분당구 정자동 185-1지번 정자역 백궁프라자3 주차장 입구 옆 도로,20020430,127.1075275,37.3645794,40.57
S,HH정자-0108-1,0.5,A,성남시 분당구 정자동 157-13지번 정자역 네오호텔 입구 보도,20000331,127.1074461,37.3652824,40.57
S,HH야탑-0252-1,0.3,A,성남시 분당구 야탑동 166번지 목련마을주공1단지APT108동옆상가보도,20100331,127.1384451,37.4088942,41.66
R,HH구미-0381-4,0.9,A,성남시 분당구 구미동 159번지 암웨이 옆 보도,19951231,127.1060642,37.3399294,58.296
R,HH정자-0030-1,0.7,A,성남시 분당구 정자동 102지번 한솔마을 주공APT 408동 앞 녹지,20100331,127.1173168,37.3675613,58.98
R,HH구미-0460-1,1.0,A,성남시 분당구 구미동 220번지 402동 옆 보도,20180806,127.1176105,37.3399729,53.085
R,HH구미-0515-1,1.0,A,성남시 분당구 구미동 288 무지개마을 청구6차빌라 경사면 녹지 내,19970731,127.1262141,37.3439688,96.72
R,HH구미-0467-1,1.2,A,성남시 분당구 구미동 241 불곡초등학교 학교 내 정문 보도,20100331,127.1193919,37.3409315,57.566
S,HH수내-0433-1,0.6,A,성남시 분당구 수내동 20-7 수내역 초림프라자 화로구이 앞 보증보도,20020430,127.1127719,37.3774078,38.14
S,HH수내-0584-1,0.8,B,성남시 분당구 수내동 40-5번지 수내역 다운타운 빌딩 입구 앞 도로,20040531,127.1114852,37.3771627,38.16
R,HH분당-0002-1,1.7,A,성남시 분당구 분당동 132번지 요한성당 옆 보증보도,20180607,127.1476321,37.3687763,90.648
R,HH정자-0449-2,0.6,A,성남시 분당구 정자동 79-3지번 느티마을 주택단지 내 백현초~백현중 사이 보증보도,20100331,127.1110004,37.3715326,40.35
S,HH구미-0420-1,0.4,B,성남시 분당구 구미동 202지번 무지개마을 LG아파트 207동 옆 도로측구,19951231,127.1154644,37.3371214,55.156
S,HH구미-0419-1,0.6,B,성남시 분당구 구미동 202지번 무지개마을 LG아파트 207동 옆 하모니마트 뒤 도로,19951231,127.1154487,37.3373573,54.469
S,HH구미-0514-1,1.8,A,성남시 분당구 구미동 283번지 앞 사거리 보도,20180806,127.1254229,37.3438227,91.043
R,HH수내-0415-1,0.7,A,성남시 분당구 수내동 6-9 수내역 현대수내프라자 입구 옆 보도,19951130,127.1152954,37.3784055,37.53
R,HH수내-0684-1,0.7,A,성남시 분당구 수내동 13-4 수내역 수내동어린이집 앞 보증보도,20140930,127.1148645,37.3789739,36.904
R,HH수내-0351-1,1.5,A,성남시 분당구 수내동 54 파크타운 삼익APT 119동 앞 보도,20080331,127.1209795,37.3702566,53.52
R,HH구미-0464-1,0.9,A,성남시 분당구 구미동 215 무지개마을 구미초등학교 정문 행정실 앞 화단,20100331,127.1184762,37.3376502,59.207
S,HH정자-0453-1,0.8,A,성남시 분당구 정자동 29지번 느티마을 경남/선경빌라 관리사무소 앞 도로,19951231,127.1116209,37.3734849,40.01
R,HH정자-0648-1,0.5,A,성남시 분당구 구미동 206지번 KT꿈나무 어린이집 앞 도로,20140930,127.1142303,37.359818,62.355
R,HH구미-0644-1,1.1,A,성남시 분당구 구미동 278-1번지 구미동 빌라드 와이 인입,20120331,127.125606,37.3430424,88.965
R,HH구미-0321-1,0.8,B,성남시 분당구 구미동 82번지 108동 옆 녹지,19951231,127.1189491,37.3486333,49.606
S,HH서현-0108-1,1.0,A,성남시 분당구 서현동 299번지 서현2동 효자촌 현대아파트 105동 뒤 녹지,20120331,127.1324093,37.3748831,49.22
S,HH구미-0296-1,1.3,B,성남시 분당구 구미동 68번지 버스정류장 옆 보도,19951231,127.1159459,37.3475419,50.102
R,HH야탑-0357-1,0.9,A,성남시 분당구 야탑동 177번지 목련마을 미원빌라 삼거리 도로,20060331,127.1487226,37.407565,65.15
S,HH성남-0519-1,1.0,A,성남시 중원구 성남동 4545번지 모란시장 성남여수LH 1단지APT 관리사무실 뒤 보도,20170810,127.1258703,37.4312923,25.273
R,HH정자-0056-2,2.5,A,성남시 분당구 정자동 121지번 상록마을 우성APT 309동 앞 보도,20100331,127.1134252,37.3644491,56.3175
R,HH서현-0143-1,0.4,A,성남시 분당구 서현동 87번지 시범단지 삼성아파트 103동 옆 주차장,20100331,127.1310144,37.3823017,47.58
S,HH도촌-0438-1,1.2,A,성남시 중원구 도촌동 646번지 도촌초교앞횡단보도건너편,20071231,127.1571816,37.4139257,66.0
R,HH도촌-0442-1,1.0,A,성남시 중원구 도촌동 708번지 섬마을9단지A905동옆보도,20071231,127.1663121,37.4112197,91.26
S,HH정자-0159-1,1.2,A,성남시 분당구 정자동 197지번 정자동 정든마을 우성APT 4단지 상가 뒤 도로,20100331,127.1206829,37.3630954,74.1838
S,HH이매-0082-1,0.8,A,성남시 분당구 이매동 99번지 이매촌 삼환아파트 1108동 옆 꾸러기 유치원,20081031,127.1255937,37.4038614,32.14
S,HH서현-0474-1,2.5,A,성남시 분당구 서현동 260-5번지 서현역 피아자코코빌딩 앞,20010430,127.122344,37.3863897,34.98
R,HH서현-0691-2,1.8,A,성남시 분당구 분당동 261-2번지 서현역 진성호텔 앞 화단,20180607,127.121145,37.3867529,32.287
R,HH구미-0332-1,1.3,A,성남시 분당구 구미동 146번지 2동 경비실 옆 녹지,20140805,127.1098067,37.3455988,59.6
S,HH구미-0583-1,0.1,A,성남시 분당구 구미동 153 로드랜드EZ타워 옆 보도,20040531,127.1078939,37.3424781,56.718
R,HH구미-0337-1,0.5,B,성남시 분당구 구미동 148번지 주차장 입구,19951231,127.1098553,37.3444008,58.679
R,HH구미-0518-1,0.5,A,성남시 분당구 구미동 291번지 아델리아빌 앞 도로,20140805,127.1267007,37.3442942,97.626
R,HH서현-0090-1,1.4,A,성남시 분당구 서현동 293번지 효자촌 양영중학교 내 녹지,19931231,127.1358243,37.3768467,56.8559
S,HH수내-0314-3,0.6,B,성남시 분당구 수내동 83-3지번 푸른마을 HS프라자 앞 보도,19951130,127.1262752,37.3671331,66.03
S,HH정자-0076-1,0.8,A,성남시 분당구 정자동 91-2 느티마을 3단지~4단지 사이 보증보도,20180806,127.1124346,37.3676216,42.39
S,HH수내-0303-1,0.5,A,성남시 분당구 수내동 87-3 주택단지 내 수내그린프라자 옆 보도,20180806,127.1276078,37.3668811,65.509
S,HH구미-0577-1,0.7,A,"성남시 분당구 구미동 77 까치마을 대우,롯데,선경1단지아파트 106동 앞",20100331,127.1174769,37.3511313,51.47
S,HH구미-0431-1,1.4,A,성남시 분당구 구미동 212번지 단지 상가 내,19951231,127.1187505,37.3360281,67.38
R,HH야탑-0347-2,1.0,B,성남시 분당구 야탑동 360-4번지 시그마3 뒤 궁전프라자 옆 도로,20010430,127.1295252,37.413258,32.3351
S,HH야탑-0250-1,0.5,A,성남시 분당구 야탑2동 520번지 하탑중학교내 뒤보도,20100331,127.1369525,37.4091847,40.54
R,HH야탑-0448-1,0.8,B,성남시 분당구 야탑3동 135-5 차량등록사업소 앞 도로 SK 604동 옆 도로,20071231,127.1548364,37.4066487,74.98
R,HH야탑-0385-1,0.5,A,성남시 분당구 야탑3동 135-5번지 차량등록소우측 보증보도 말우측,20100331,127.1541599,37.407469,83.58
S,HH야탑-0448-1,0.8,B,성남시 분당구 야탑3동 135-5 차량등록사업소 앞 도로 SK 604동 옆 도로,20071231,127.1548414,37.4066525,74.98
R,HH야탑-0335-1,0.2,A,성남시 분당구 야탑동 163번지 목련마을 한신APT 201동 우측 도로(관리사무실 앞),20060331,127.1431463,37.4068431,51.29
R,HH구미-0651-2,0.8,B,성남시 분당구 구미동 205-1지번 무지개사거리 오성프라자 앞 횡단보도 내,20140805,127.1162758,37.3379026,53.202
S,HH도촌-0436-2,2.6,B,성남시 중원구 도촌동 702번지 섬마을 휴먼시아3~4단지APT 사이 교차로 중앙,20080331,127.1549931,37.4144891,63.39
R,HH정자-0601-2,0.6,A,성남시 분당구 정자동 185-1지번 정자역 대명제스트빌딩 입구 옆 도로,20050614,127.1075302,37.3643835,40.57
S,HH수내-0573-1,1.2,A,성남시 분당구 수내동 4-3지번 수내역 두산위브센티움2동 입구 옆 보도,20040530,127.116675,37.3807292,36.35
R,HH야탑-0285-3,0.5,A,성남시 분당구 야탑동 217번지 매화마을청구빌라605동놀이터옆보도,20100331,127.1404844,37.4119136,51.1851
S,HH단대-0015-1,0.2,A,단대동 진로아파트 102동 뒤 보도,20210920,127.1561564,37.4506015,88.694
R,HH구미-0531-1,0.7,A,성남시 분당구 구미동 278-1번지 주차장입구 도로,20180607,127.1251181,37.342402,85.361
R,HH구미-0530-1,0.6,B,성남시 분당구 구미동 297-1번지 본관 앞,20000331,127.123082,37.3481577,80.77
S,HH수내-0434-1,0.3,A,성남시 분당구 수내동 20-7 수내역 대덕프라자 옷가게 앞 보증보도,20020430,127.112556,37.3771413,38.35
R,HH구미-0330-1,0.7,A,성남시 분당구 구미동 148번지 버스정류장 뒤,19951231,127.1092205,37.3446964,60.313
R,HH수내-0319-1,1.0,A,성남시 분당구 수내동 73지번 푸른마을 신성APT 306동 옆 도로,20100331,127.1271685,37.3691286,65.89
R,HH구미-0448-1,0.9,A,성남시 분당구 구미동 201번지 307동 옆 보도,19951231,127.115658,37.3393991,54.67
S,HH구미-0447-1,1.1,A,성남시 분당구 구미동 201번지 310동 주차장녹지,20100331,127.1155338,37.3391598,54.58
R,HH이매-0530-1,2.2,A,성남시 분당구 이매동 143번지 아름마을 효성아파트 705동 옆 놀이터 담장밖 녹지,20180607,127.1209692,37.3933799,30.755
R,HH정자-0156-1,0.6,B,성남시 분당구 정자동 254-4지번 정든마을 신화APT 예쁜유치원 옆 보증보도,19951231,127.1168036,37.3622248,67.94
S,HH수내-0572-1,1.2,A,성남시 분당구 수내동 4-2지번 수내역 두산위브센티움1동 입구 앞 보도,20040530,127.1164305,37.3809578,36.37
S,HH야탑-0365-1,0.0,A,성남시 분당구 야탑동 150지번 분당테크노파크 A동 건물입구(매립),19931231,127.1506357,37.4054051,67.35
R,HH정자-0006-1,1.4,A,성남시 분당구 정자동 110지번 한솔마을 청구APT 내 꿈나무유치원 녹지,20160804,127.1215722,37.3648219,72.942
R,HH정자-0125-1,1.5,A,성남시 분당구 정자동 124지번 상록마을 라이프APT 관리사무소 앞 보도,20100331,127.1114292,37.3622844,50.7
R,HH정자-0118-1,1.0,A,성남시 분당구 정자동 124지번 상록마을 라이프APT 108동 옆 놀이터 앞 도로,20100331,127.1101339,37.3624778,42.52
S,HH서현-0122-1,0.8,A,96번지 시범우성아파트 223동옆 녹지,20200320,127.1319488,37.3795604,52.118
R,HH금곡-0220-1,0.7,A,성남시 분당구 금곡동 177번지 청솔마을 서광영남아파트 입구 머릿돌 앞 보도,20120331,127.108015,37.3514321,104.766
R,HH금곡-0223-1,1.3,A,성남시 분당구 금곡동 123지번 분당경영고등학교(구. 정보산업고) 축구골대 뒤 운동장 스탠드,19951231,127.1099194,37.3550305,44.331
S,HH금곡-0222-1,1.0,A,성남시 분당구 금곡동 123지번 분당경영고등학교(구. 정보산업고) 와 청솔주공 607동 보증보도,20081031,127.1096594,37.3549533,45.117
S,HH구미-0437-1,1.2,A,성남시 분당구 구미동 205-6 무지개마을 캐리맥스 통상(세창빌딩) 옆 녹지,20020430,127.1170786,37.3369354,59.159
R,HH야탑-0241-1,1.9,A,성남시 분당구 야탑2동 526번지 탑마을경남A입구상가앞보도,20060331,127.1310634,37.4063521,34.42
R,HH여수-0487-1,1.0,A,성남시 중원구 여수동 600번지 여수센트럴타운3단지 APT 302동 3호라인 앞 보도,20121025,127.1295755,37.4186618,31.066
R,HH야탑-0267-1,1.7,A,성남시 분당구 야탑동 223번지 은학의집 내 녹지,20020430,127.1424438,37.4101165,61.36
S,HH야탑-0276-1,1.7,A,성남시 분당구 야탑동 307지번 야탑3동사무소 우측 실외기앞,19931231,127.1380686,37.4108538,48.31
R,HH야탑-0277-1,0.2,B,성남시 분당구 야탑동 274-3번지 일심빌딩 앞 보도(3동사무소 인근),19931231,127.138084,37.4109887,47.8
S,HH구미-0293-1,1.2,A,성남시 분당구 구미동 63번지 상가 뒤 녹지,20100331,127.1130272,37.346273,54.4
R,HH금곡-0226-1,1.4,A,성남시 분당구 금곡동 126지번 청솔마을 주공6단지아파트 606동 앞 주차장,20081031,127.1106902,37.3546907,46.579
S,HH정자-0099-1,0.2,A,성남시 분당구 정자동 98-3지번 정자역 글로리아 모텔 앞 도로,20010430,127.1069052,37.3675054,43.17
R,HH수내-0667-1,1.0,B,성남시 분당구 수내동 7-9지번 수내역 블루파크 입구 옆 보증보도,19980930,127.1159966,37.3797684,36.99
R,HH금곡-0225-1,1.2,A,성남시 분당구 금곡동 124지번 청솔중학교 운동장 축구골대 옆,20081031,127.1106925,37.355042,44.23
S,HH정자-0666-1,0.5,A,성남시 분당구 정자동 106-5지번 한솔마을 한일APT 입구 도로,20160510,127.1213983,37.3675639,56.358
S,HH정자-0010-1,0.8,A,성남시 분당구 정자동 107지번 한솔마을 한일APT 307동 앞 녹지,20100331,127.120792,37.3675361,61.83
R,HH야탑-0232-1,1.6,B,성남시 분당구 야탑2동 512지번 동아빌라 입구 경비실 옆 녹지(돌마초교 인근),19931231,127.1294693,37.4084823,31.21
R,HH야탑-0408-1,1.0,A,성남시 분당구 야탑동 513-3번지 라바앙오피스텔뒤녹지(돌마초교인근),20090506,127.1290802,37.4089105,31.36
S,HH야탑-0502-1,0.6,A,성남시 분당구 야탑동 513-3번지 라비앙빌딩후문입구녹지(돌마초교인근),20100331,127.1291117,37.4091065,30.86
R,HH도촌-0436-2,2.6,B,성남시 중원구 도촌동 702번지 섬마을 휴먼시아3~4단지APT 사이 교차로 중앙,20080331,127.1549968,37.4144839,63.4
R,HH정자-0100-1,0.5,A,성남시 분당구 정자동 98-3지번 정자역 아르노호텔 주차장 앞 도로,20000331,127.1068978,37.3677088,43.07
R,HH정자-0046-1,1.4,A,성남시 분당구 정자동 117 한솔마을 주공APT 607동 옆 녹지,20100331,127.115982,37.3645159,64.42
S,HH수내-0302-1,0.4,A,성남시 분당구 수내동 87-1 주택단지 내 수내그린프라자 입구 앞 보도,19970731,127.1276413,37.3672726,66.52
R,HH수내-0371-3,1.0,B,성남시 분당구 수내동 58-1지번 파크타운 동신파크빌딩 앞 보도,19931231,127.119481,37.3735476,40.87
S,HH야탑-0277-1,0.2,B,성남시 분당구 야탑동 274-3번지 일심빌딩 앞 보도(3동사무소 인근),19931231,127.1380804,37.4109893,47.8
R,HH야탑-0144-1,0.2,A,성남시 분당구 야탑동 537-4번지 우당프라자 입구 우측 건물사이,19980930,127.1219712,37.4087023,29.42
S,HH야탑-0525-2,0.6,A,성남시 분당구 야탑동 324-1지번 야탑청소년수련관앞,20200305,127.1421305,37.4097644,56.682
S,HH야탑-0526-2,0.7,A,성남시 분당구 야탑동 265지번 건영1차빌라923동옆,20200305,127.1421378,37.4097351,56.324
R,HH야탑-0526-2,0.7,A,성남시 분당구 야탑동 265지번 건영1차빌라923동옆,20200305,127.1421414,37.409739,56.352
R,HH수내-0628-1,1.0,A,성남시 분당구 수내동 127-2 주택단지 내 수내동공영주차장 옆 보도,20080331,127.1277337,37.3667831,68.09
S,HH분당-0297-1,0.5,A,성남시 분당구 분당동 39지번 샛별마을 샛별유치원 입구 보도,20100331,127.1277363,37.3704138,60.33
R,HH야탑-0203-1,1.8,A,성남시 분당구 야탑동 360-4번지 궁전프라자 앞 도로,20100331,127.1295285,37.41312,32.18
R,HH서현-0135-1,1.2,A,성남시 분당구 서현동 96번지 서현1동 시범단지 우성아파트 210동 옆 도로,20100331,127.1320809,37.381243,50.8
R,HH구미-0435-1,0.6,B,성남시 분당구 구미동 213번지 1101동 옆 녹지,19951231,127.1179245,37.336001,65.48
R,HH구미-0485-1,1.4,A,성남시 분당구 구미동 242번지 라이프아파트,20160804,127.1233356,37.3416852,73.64
S,HH구미-0489-1,1.8,A,성남시 분당구 구미동 240번지 관리사무소 옆 보도,20180607,127.1241731,37.3410301,77.762
R,HH성남-0521-1,0.3,A,성남시 중원구 성남동 4932번지 모란드림시티 옆 도로,20200305,127.1281468,37.4287143,26.071
S,HH구미-0346-1,0.9,B,성남시 분당구 구미동 144-4번지 옆 사거리 보도,19970731,127.1121024,37.3456977,52.982
R,HH구미-0345-1,1.2,B,성남시 분당구 구미동 144-4 하얀마을 하나빌딩 앞 보도,19980930,127.1117667,37.3457359,54.031
R,HH야탑-0103-1,1.7,B,성남시 분당구 야탑2동 511번지 야탑2동 동사무소앞 타워빌아파트 302동 단지내 보도,20100331,127.1274411,37.4092972,31.36
R,HH금곡-0207-1,1.0,A,성남시 분당구 금곡동 180번지 206동 옆 녹지,20100331,127.1073436,37.3539186,50.26
R,HH야탑-0046-3,0.3,A,성남시 분당구 야탑3동 266번지 매화마을 동신건영2차빌라 901동앞,19931231,127.1389388,37.4104548,49.1558
R,HH야탑-0096-1,0.6,A,성남시 분당구 야탑2동 511번지 탑마을타워빌A307동뒤녹지,20120331,127.1272143,37.4085199,31.45
S,HH구미-0524-1,0.8,A,성남시 분당구 구미동 284번지 경비실 앞 보도,20180806,127.1248305,37.3443649,97.59
R,HH구미-0523-1,1.0,A,성남시 분당구 구미동 293번지 802동 화단 내,19980930,127.1260591,37.3452517,108.1548
S,HH구미-0538-1,1.8,A,성남시 분당구 구미동 278-1번지 관리사무소 옆 녹지,20180607,127.1246989,37.3424169,82.786
R,HH구미-0537-3,1.4,B,성남시 분당구 구미동 213번지 1103동 옆 녹지,19951231,127.1174832,37.3365084,64.48
R,HH도촌-0470-1,1.5,A,성남시 중원구 도촌동 704번지 섬마을 휴먼시아5단지APT 관리사무소 좌측 정자좌측 녹지,20100331,127.1568001,37.4160494,59.8501
S,HH수내-0301-1,0.7,A,성남시 분당구 수내동 87-2 주택단지 내 동국대학교 분당한방병원 입구 옆 녹지,19951130,127.1276946,37.367287,66.64
S,HH수내-0319-1,1.0,A,성남시 분당구 수내동 73지번 푸른마을 신성APT 306동 옆 도로,20100331,127.1271737,37.3691312,65.9
S,HH수내-0318-1,1.0,A,성남시 분당구 수내동 73지번 푸른마을 신성APT 307동 옆 보도,20100331,127.1265408,37.368256,65.2876
S,HH수내-0308-3,1.5,B,성남시 분당구 수내동 88-1지번 주택단지 내 분당프라자 뒤 주차장 입구 보도,19951130,127.1268098,37.3661796,70.95
R,HH수내-0328-1,1.0,A,성남시 분당구 수내동 71지번 푸른마을 벽산APT 104동 입구 옆 녹지,20100331,127.1251552,37.3706707,59.29
S,HH수내-0329-1,0.5,A,성남시 분당구 수내동 72지번 푸른마을 벽산APT 201동 옆 보도,20100331,127.1249927,37.3698422,61.28
R,HH야탑-0421-1,0.5,A,성남시 분당구 야탑동 519지번 진흥 A 옆 보도(W-PARK),20060331,127.1361256,37.4096339,40.38
S,HH야탑-0244-1,1.8,A,성남시 분당구 야탑2동 518번지 주공8단지A802동앞놀이터내,20060331,127.1347409,37.4092267,39.44
S,HH야탑-0312-1,0.5,A,성남시 분당구 야탑동 215번지 매화2단지APT203동205동앞도로,20100331,127.1367469,37.4143764,40.88
S,HH금곡-0202-1,1.3,A,성남시 분당구 금곡동 180지번 청솔마을 화인유천2단지 아파트 상가 옆 보도,19951231,127.1062082,37.3538387,50.27
R,HH구미-0490-1,0.0,A,성남시 분당구 구미동 240번지 902동 옆 보도,20060331,127.1245382,37.34081,80.288
R,HH구미-0493-3,0.9,B,성남시 분당구 구미동 244번지 입구 보도측구,19951231,127.1252231,37.3406285,84.978
S,HH야탑-0401-1,0.7,A,성남시 분당구 야탑1동 336번지 야탑중학교 내 탑향관 뒤 보도,20030530,127.1314486,37.4157867,32.04
R,HH야탑-0196-1,1.0,A,성남시 분당구 야탑동 334번지 장미마을 현대 APT 828동 상가 주차장,20100331,127.1335786,37.4154578,33.96
S,HH야탑-0292-2,0.4,A,성남시 분당구 야탑동 217번지 매화마을청구빌라604동뒤도로옆보도,20100331,127.1400173,37.41289,45.94
S,HH야탑-0291-1,0.5,A,성남시 분당구 야탑동 217지번 매화마을 청구빌라 604동 옆,20100331,127.1406248,37.4128315,46.01
R,HH야탑-0476-1,0.2,A,성남시 분당구 야탑동 221번지 고령종합체험관 입구 앞 보도(은학의집 인근),20110315,127.142401,37.4106432,60.828
R,HH분당-0637-1,0.6,A,성남시 분당구 분당동 61-1번지 (주택단지 내 석류빌라 내 보도),20010430,127.136428,37.3686495,69.22
S,HH정자-0160-1,0.7,A,성남시 분당구 정자동 192지번 정든마을 신화APT 508동 옆 도로,19951231,127.1174803,37.3629487,68.65
S,HH구미-0667-1,0.8,A,성남시 분당구 구미동 307-1 한샘 바흐하우스 옆 도로,20200305,127.1248908,37.3435374,89.622
S,HH성남-0522-1,0.9,A,성남시 중원구 성남동 4935지번 모란프라임앞,20200305,127.1286628,37.4296089,26.589
S,HH분당-0002-1,1.7,A,성남시 분당구 분당동 132번지 요한성당 옆 보증보도,20180607,127.1476259,37.3687825,90.633
R,HH정자-0622-1,0.9,A,성남시 분당구 정자동 12-3지번 정자역 상떼뷰리젠시 앞 보도,20040531,127.1058187,37.3695511,42.05
R,HH분당-0284-1,1.8,A,성남시 분당구 분당동 35지번 샛별마을 동성APT 203동 옆 녹지,20100331,127.1318388,37.3723647,53.29
R,HH서현-0057-1,1.3,A,성남시 분당구 서현2동 310번지 616동 앞 녹지,20181031,127.1376594,37.3703467,60.4
S,HH서현-0060-1,0.9,B,성남시 분당구 서현동 308번지 서현2동 그린타운 LG아파트 내 세화유치원 뒤 미끄럼틀아래,19931231,127.1371106,37.3720586,54.95
S,HH수내-0345-2,0.5,A,성남시 분당구 수내동 63-1 파크타운 금산프라자 옆 보도,20100331,127.1222927,37.3704455,56.24
R,HH야탑-0304-2,1.0,A,성남시 분당구 야탑동 215번지 매화마을주공2단지201동뒤건너편보도,20100331,127.1372148,37.4131499,45.32
S,HH야탑-0305-1,0.9,B,성남시 분당구 야탑동 215번지 매화마을 주공2단지APT 201동 좌측 녹지,20060331,127.1373934,37.4136438,43.43
S,HH수내-0386-1,2.0,A,성남시 분당구 수내동 27지번 양지마을 금호APT 306동 앞 보도,20120331,127.1171803,37.3735774,41.74
R,HH수내-0385-1,0.5,A,성남시 분당구 수내동 30지번 양지마을 수내1동주민센터 뒤 화단,20060331,127.1179548,37.3754609,39.9471
R,HH정자-0042-1,2.0,A,성남시 분당구 정자동 117지번 한솔마을 주공APT 608동 뒤 녹지,20180806,127.1160208,37.3653297,58.452
R,HH서현-0078-1,1.0,A,성남시 분당구 서현동 321번지 효자촌 삼성교회 주차장 앞 도로,20160804,127.1391735,37.3754755,53.161
S,HH야탑-0513-2,1.2,A,성남시 분당구 야탑동 355-5번지 바른세상병원내카페옆보증보도,20170810,127.1266202,37.4099954,27.407
R,HH구미-0334-1,1.3,B,성남시 분당구 구미동 147번지 B동 현관보도,19951231,127.1096348,37.3450276,60.37
S,HH수내-0361-1,1.1,A,성남시 분당구 수내동 55지번 파크타운 롯데APT 130동 뒤 주차장,20100331,127.1197749,37.3716101,46.41
S,HH수내-0432-1,1.5,B,성남시 분당구 수내동 40-5번지 수내역 그린프라자 농협 입구 옆 도로,19980930,127.1132743,37.377564,37.9
S,HH수내-0534-1,1.7,A,성남시 분당구 수내동 20-7 수내역 경원빌딩(한조) 앞 보증보도,20170810,127.1131172,37.3776118,36.087
S,HH수내-0431-1,0.4,A,성남시 분당구 수내동 20-7 수내역 경원빌딩 한조음식점 옆 보증보도,19980930,127.1131029,37.3776771,37.81
R,HH정자-0064-1,0.5,A,성남시 분당구 정자동 121지번 상록마을 우성APT 311동 뒤 담장 밑 녹지,20100331,127.1143031,37.3655761,54.01
S,HH정자-0087-1,1.1,A,성남시 분당구 정자동 121지번 상록마을 우성APT 311동 뒤 보도,20160804,127.1134931,37.365512,50.753
S,HH구미-0471-1,1.2,A,성남시 분당구 구미동 225번지 상가 뒤 보도,19951231,127.1209447,37.3397022,66.18
S,HH야탑-0369-1,0.8,A,성남시 분당구 야탑3동 151번지 테크노파크D동상가부동산앞인도,20100331,127.1516563,37.404766,73.04
R,HH여수-0460-2,0.7,A,성남시 중원구 여수동 196번지 TLI센타뒤지하주차장입구앞도로(성남시청인근),20100324,127.1279431,37.4179739,27.379
S,HH서현-0693-1,0.7,A,성남시 분당구 서현동 308번지 미래타운A 내 세화유치원 앞 보증보도 (유치원 인입라인),20180806,127.1374152,37.3719168,52.795
R,HH구미-0342-1,0.7,A,성남시 분당구 구미동 144-1번지 제2조합상가 앞 보도,19970731,127.1111682,37.3457392,56.086
S,HH야탑-0195-1,1.0,A,성남시 분당구 야탑1동 334번지 장미마을 현대 APT 관리소진입 도로 좌측,20060331,127.1321596,37.4158798,32.88
R,HH금곡-0228-1,1.5,A,성남시 분당구 구미동 126번지 609동 옆 녹지,20081031,127.1096529,37.3538154,48.89
S,HH금곡-0231-1,1.5,A,성남시 분당구 금곡동 125번지 503동 앞 화단,20081031,127.1119647,37.3551897,47.57
S,HH여수-0498-1,0.7,A,성남시 중원구 여수동 196번지 TLI아트쎈타 뒤 주차장 입구,20121025,127.1279122,37.418043,28.228
R,HH여수-0489-1,2.1,A,성남시 중원구 여수동 600번지 여수센트럴타운3단지 APT 321~322동사이 정자 녹지,20121025,127.1326185,37.4183993,35.826
S,HH분당-0278-1,0.9,A,성남시 분당구 분당동 44-2지번 주택단지 내 한일인텔빌라 내 102동 옆 녹지,19970731,127.1326024,37.3708332,56.73
R,HH수내-0386-1,2.0,A,성남시 분당구 수내동 27지번 양지마을 금호APT 306동 앞 보도,20120331,127.1171748,37.3735826,41.74
S,HH수내-0385-1,0.5,A,성남시 분당구 수내동 30지번 양지마을 수내1동주민센터 뒤 화단,20060331,127.1179525,37.3754593,39.9482
S,HH정자-0656-1,0.9,A,성남시 분당구 정자동 96-1지번 정자역 정자동2차푸르지오시티 앞 보도,20140303,127.1058531,37.3678155,41.731
R,HH정자-0592-2,0.4,B,성남시 분당구 정자동 96-1 정자역 정자동2차푸르지오시티 앞 도로,20050614,127.1059389,37.367783,42.93
R,HH수내-0490-1,0.5,A,성남시 분당구 수내동 40-5 수내역 한조(식당)~메디파크약국 사이 도로,20160510,127.1129319,37.3778829,36.515
S,HH분당-0014-1,0.6,A,성남시 분당구 분당동 142번지 청구4차 주차장 입구,19980930,127.1447894,37.3687812,76.6
S,HH서현-0143-1,0.4,A,성남시 분당구 서현동 87번지 시범단지 삼성아파트 103동 옆 주차장,20100331,127.1310106,37.3822988,47.58
S,HH서현-0146-1,1.6,A,성남시 분당구 서현동 87번지 시범단지 삼성아파트 110동 옆 주차장,20100331,127.1293721,37.3837965,49.44
R,HH서현-0158-1,0.6,A,성남시 분당구 서현동 91번지 서현1동 한양아파트 325동 앞 보증보도,20180806,127.1251221,37.3827772,42.099
R,HH구미-0455-2,0.8,A,성남시 분당구 구미동 220번지 403동 옆 보증보도,20080331,127.1175722,37.3392388,52.494
R,HH여수-0461-2,0.6,A,성남시 중원구 여수동 196번지 TLI아트센타앞도로(성남시청인근),20100324,127.1271887,37.4180437,27.049
S,HH수내-0317-1,0.6,A,성남시 분당구 수내동 74지번 푸른마을 아름다운유치원 내 보도,19931231,127.1253758,37.3675253,65.08
R,HH구미-0421-3,0.2,B,성남시 분당구 구미동 211번지 103동 옆 단지 밖 보도,19951231,127.1165565,37.3364758,59.838
R,HH구미-0399-1,0.6,A,성남시 분당구 구미동 187-5번지 101동 앞 보도,20020430,127.1108047,37.338206,52.53
S,HH구미-0398-1,0.5,A,성남시 분당구 구미동 185-7 오리역 향정위너스 빌딩 옆(하이마트 담장사이),19970731,127.1099807,37.3384596,54.36
R,HH성남-0522-1,0.9,A,성남시 중원구 성남동 4935지번 모란프라임앞,20200305,127.1286576,37.4296119,26.628
S,HH야탑-0210-1,1.2,A,성남시 분당구 야탑1동 387-5지번 에쿠우스호텔 입구,20060331,127.1299846,37.4104301,34.29
R,HH정자-0126-1,1.7,A,성남시 분당구 정자동 124지번 상록마을 라이프APT UCiC어린이집 뒤 보도,20060331,127.112216,37.3620671,54.27
R,HH구미-0497-1,0.5,A,성남시 분당구 구미동 245번지 주차장입구 도로,20140805,127.1253615,37.3414477,87.006
S,HH구미-0496-1,2.0,B,경기도 성남시 구미동 244번지 102동 뒤 녹지,19951231,127.1253237,37.3412949,90.28
S,HH구미-0472-4,1.3,B,성남시 분당구 구미동 225번지 상가 앞 보도,19951231,127.1212402,37.3396078,64.522
S,HH정자-0097-1,0.5,B,성남시 분당구 정자동 98-3지번 정자역 신수빌딩 주차장 입구 앞 도로,19951231,127.1069072,37.3668758,43.34
S,HH야탑-0296-1,2.2,A,성남시 분당구 야탑동 217번지 매화마을청구빌라603동길건너중탑사거리보도,20100331,127.138456,37.4129472,45.56
R,HH분당-0291-2,0.4,A,성남시 분당구 분당동 38지번 샛별마을 사랑보도육교 옆 보도,20140805,127.1278875,37.3733727,44.16
S,HH정자-0039-1,2.0,A,성남시 분당구 정자동 117지번 한솔마을 주공APT 609동 뒤 녹지,20100331,127.1163719,37.3657205,62.14
R,HH정자-0037-1,0.7,B,성남시 분당구 정자동 118지번 정자2동 주민센타 옆 녹지 경계석,19951231,127.1153204,37.3661042,55.1
S,HH정자-0036-1,1.2,B,성남시 분당구 정자동 118지번 정자동 정자2동 주민센타 입구 앞 보도,19951231,127.1151566,37.3660074,54.58
R,HH구미-0324-1,0.3,A,성남시 분당구 구미동 91번지 205동 사이 보증보도,19951231,127.1184377,37.347878,50.116
R,HH야탑-0386-1,0.7,A,성남시 분당구 야탑3동 135-5번지 차량등록소우측보증보도말좌측,20100331,127.1541212,37.4074484,83.4
S,HH야탑-0385-1,0.5,A,성남시 분당구 야탑3동 135-5번지 차량등록소우측 보증보도 말우측,20100331,127.154163,37.4074717,83.58
R,HH수내-0571-1,0.9,A,성남시 분당구 수내동 130-3 주택단지 내 꿈과사랑의교회 옆 도로,20040531,127.1249465,37.3648151,76.81
R,HH정자-0566-1,0.5,A,성남시 분당구 정자동 98-3지번 정자역 정자역프라자 뒤 도로,20040531,127.1075241,37.3669533,42.79
S,HH정자-0103-1,0.4,A,성남시 분당구 정자동 98-3지번 정자동 정자역 칼튼호텔 앞 도로,20000331,127.1074482,37.3674169,43.06
S,HH수내-0577-1,0.9,A,성남시 분당구 수내동 7-9지번 수내역 영성라벤더 빌딩 앞 보증보도,20040531,127.1162385,37.3799196,36.86
R,HH구미-0410-1,0.3,A,성남시 분당구 구미동 202번지 207동 경비실 앞 보도,20080331,127.11455,37.3371576,57.68
S,HH구미-0311-1,0.9,A,성남시 분당구 구미동 81번지 202동 옆 녹지,19970731,127.1190849,37.350562,52.04
R,HH수내-0350-6,2.0,B,성남시 분당구 수내동 53지번 파크타운 돌고래상가 지하주차장 출구 도로,19931231,127.1216587,37.3712365,52.28
S,HH야탑-0262-1,0.9,A,성남시 분당구 야탑3동 172 성은특수학교내 정문 앞,20100331,127.144574,37.4090486,56.11
R,HH야탑-0260-4,1.8,B,성남시 분당구 야탑동 264-3번지 바움하우스 102동 옆 녹지,19931231,127.1431022,37.4086015,48.25
R,HH야탑-0399-1,0.6,A,성남시 분당구 야탑동 264-3지번 삼정바움하우스 정문 우측 보도(은학의집 인근),20040331,127.1419148,37.408797,47.93
S,HH야탑-0263-1,1.7,A,성남시 분당구 야탑3동 265지번 건영빌라 920동 앞 녹지,20100331,127.1415039,37.4090795,51.62
R,HH수내-0372-4,0.7,B,성남시 분당구 수내동 28-2지번 양지마을 양지프라임빌딩 앞 보도,19931231,127.1191216,37.3736627,40.87
R,HH분당-0285-1,0.7,A,성남시 분당구 분당동 36지번 샛별마을 당촌초교 뒤 보도,20060331,127.1310574,37.3739725,48.29
R,HH정자-0163-2,2.1,A,성남시 분당구 정자동 193지번 정든마을 한진APT 809동 뒤 녹지,20170810,127.1181033,37.361197,68.172
S,HH정자-0166-1,1.6,A,성남시 분당구 정자동 192지번 정든마을 신화APT 505동 뒤 도로,20100331,127.1177004,37.3618448,70.69
S,HH야탑-0230-1,1.0,B,성남시 분당구 야탑2동 96-7지번 돌마초교내 뒤편 주차장,19980930,127.1298356,37.409403,32.44
R,HH성남-0517-1,2.2,A,성남시 중원구 성남동 4742번지 모란시장 차단벨브,20170810,127.1272135,37.4296708,24.529
S,HH정자-0161-1,0.5,B,성남시 분당구 정자동 192지번 정든마을 신화APT 예쁜유치원 뒤 녹지\,19951231,127.1170599,37.3624211,69.76
S,HH구미-0305-1,1.2,A,성남시 분당구 구미동 77번지 106동 옆 보증보도,20081031,127.1175243,37.3515721,48.024
S,HH구미-0308-1,1.3,A,성남시 분당구 구미동 82번지 101동 앞 녹지,20020430,127.1184933,37.3502218,48.822
S,HH야탑-0348-1,1.0,B,성남시 분당구 야탑3동 173번지 목련마을 대원빌라 304동 좌측 도로2차선,19931231,127.1468022,37.4067956,54.9688
R,HH정자-0159-1,1.2,A,성남시 분당구 정자동 197지번 정자동 정든마을 우성APT 4단지 상가 뒤 도로,20100331,127.1206772,37.3630937,74.1816
R,HH금곡-0262-1,0.5,A,성남시 분당구 금곡동 151번지 골드프라자 앞 도로,20180806,127.1115774,37.3506044,51.999
R,HH금곡-0206-1,1.0,A,성남시 분당구 금곡동 180지번 청솔마을 화인유천2단지 아파트 208동 옆 녹지,20100331,127.1062046,37.3536424,50.79
R,HH금곡-0199-1,0.8,B,성남시 분당구 금곡동 181번지 한별유치원 옆 녹지,19951231,127.1067081,37.3550022,49.2
S,HH정자-0674-1,1.2,A,성남시 분당구 정자동 4-6지번 한국잡월드 건물뒤 녹지,20110315,127.1059009,37.3789397,47.671
S,HH서현-0166-1,0.7,A,성남시 분당구 서현동 91-1번지 서현고등학교 내 인도,20140805,127.123647,37.3818946,46.13
R,HH야탑-0182-1,1.1,A,성남시 분당구 야탑1동 330번지 장미마을 동부코오롱APT 132동 앞 도로,20100331,127.1239592,37.4154051,29.44
S,HH야탑-0180-1,1.5,A,성남시 분당구 야탑1동 330번지 장미마을 동부코오롱APT 117동 뒤 법사면(여수천),20180607,127.1240378,37.414326,23.568
R,HH금곡-0208-1,1.3,A,성남시 분당구 금곡동 180번지 204동 뒤 녹지,20100331,127.1080369,37.3544735,49.26
S,HH금곡-0212-1,1.0,B,성남시 분당구 금곡동 200번지 앞 보도,19951231,127.1059118,37.3527762,49.554
R,HH금곡-0211-1,2.4,B,성남시 분당구 금곡동 174번지 107동 뒤 녹지,19951231,127.1061914,37.352937,50.178
R,HH야탑-0501-1,1.5,A,성남시 분당구 야탑3동 175-5번지 은성B/D앞 보도(차량등록소 인근 빌라촌),20140805,127.146467,37.4069057,54.61
S,HH야탑-0363-1,1.2,A,성남시 분당구 야탑3동 176번지 목련마을 성환빌라 201동 옆 보증보도,20180806,127.1474956,37.407593,58.8653
S,HH야탑-0378-1,1.2,A,성남시 분당구 야탑동 147지번 목련마을SK 아파트 상가 옆 좌측 녹지,19980930,127.1550989,37.4057663,75.97
S,HH야탑-0374-1,0.6,A,성남시 분당구 야탑3동 145번지 테크노파크C동건물앞,20100331,127.1547327,37.4046893,80.46
R,HH야탑-0373-1,1.2,A,성남시 분당구 야탑3동 157번지 야탑고정문옆화단,20100331,127.154084,37.405151,77.4738
R,HH야탑-0381-2,0.0,A,성남시 분당구 야탑3동 135-5지번 차량등록소 앞 도로 교차로(차량등록소 인근)(매 립),20100331,127.1546567,37.4068495,74.56
R,HH야탑-0384-1,2.0,B,성남시 분당구 야탑3동 135-5번지 차량등록소 우측 보증보도 입구초(차량등록소 인근),20100331,127.1545811,37.4070087,76.12
S,HH야탑-0383-2,0.2,B,성남시 분당구 야탑3동 135-5번지 차량등록소 우측 보증보도 앞 도로 2차선(차량등록소 인근),20100331,127.1547105,37.4068937,74.85
S,HH야탑-0380-2,0.6,B,성남시 분당구 야탑3동 147번지 목련마을 SK아파트 604동 옆 도로 2차선,20100331,127.1547704,37.4066735,74.9
S,HH서현-0125-1,0.8,A,성남시 분당구 서현동 92번지 서현1동 시범단지 현대아파트 427동 뒤 녹지,20100331,127.1294117,37.3791069,52.4
S,HH도촌-0440-1,1.0,A,성남시 중원구 도촌동 707번지 도촌동 8단지 입구 보차도,20071231,127.1609314,37.4120459,81.47
S,HH도촌-0485-1,0.9,A,성남시 중원구 도촌동 706번지 섬마을7단지A705동뒤보도,20121025,127.1605778,37.4125708,76.257
R,HH도촌-0437-1,0.8,A,성남시 중원구 도촌동 703번지 섬마을 휴먼시아4단지APT 401동 옆 보도 <단지내>,20071231,127.1562816,37.4148372,62.0749
S,HH정자-0154-1,0.7,A,성남시 분당구 정자동 154 정든마을 탄천초등학교 내 철봉 밑,20100331,127.116236,37.3612287,64.2697
R,HH성남-0516-1,1.0,A,성남시 중원구 성남동 4774번지 모란시장엔드캡자리,20170810,127.1281339,37.4295327,25.794
R,HH정자-0609-1,0.3,B,성남시 분당구 정자동 185-1번지 정자역 정자스타빌딩 주차장 입구 앞 도로,20060614,127.1069346,37.3654541,40.23
R,HH정자-0608-1,0.6,B,성남시 분당구 정자동 185-1번지 정자역 여민빌딩 옆 도로,20060614,127.1068864,37.3655443,40.23
S,HH정자-0663-1,0.7,A,성남시 분당구 정자동 76지번 느티마을 주택단지 내 백현초등학교 내 뒤 보도,20100331,127.1111191,37.3724131,40.17
S,HH서현-0159-1,0.9,A,성남시 분당구 서현동 87번지 시범단지 삼성.한신아파트 126동 뒤 녹지,20120331,127.1261267,37.3833383,44.3268
R,HH야탑-0236-1,1.4,A,성남시 분당구 야탑2동 517번지 탑마을벽산아파트상가주자장앞녹지,20060331,127.1322345,37.408871,36.87
R,HH금곡-0236-1,0.9,A,성남시 분당구 구미동 126번지 601동 앞 보도,20081031,127.1120572,37.3533405,49.56
R,HH금곡-0239-1,0.9,A,성남시 분당구 금곡동 133지번 청솔마을 주공9단지아파트 상가 뒤 인입,19951231,127.1138235,37.352321,50.43
S,HH구미-0356-1,1.3,A,성남시 분당구 구미동 121번지 108동 옆 화단,20100331,127.11389,37.3435812,56.46
S,HH분당-0464-1,1.4,A,성남시 분당구 분당동 113번지 노루마을건영빌라 306동 앞 녹지,20080331,127.1487926,37.3715981,83.44
S,HH정자-0173-1,1.5,A,성남시 분당구 정자동 144지번 정든마을 우성APT 612동 옆 녹지,20100331,127.1219177,37.3626774,79.91
S,HH수내-0370-6,0.5,B,성남시 분당구 수내동 58-1지번 파크타운 동신파크빌딩 옆 보도,19931231,127.1194987,37.3733313,41.28
S,HH야탑-0162-3,0.0,A,성남시 분당구 야탑1동 351번지 차병원 암센터 내 주차장(매립),19931231,127.1253444,37.4106661,30.41
R,HH금곡-0677-2,1.0,A,미금 파크 빌딩 옆 보도,20201228,127.1113638,37.3506735,51.815
S,HH금곡-0677-2,1.0,A,미금 파크 빌딩 옆 보도,20201228,127.111368,37.3506706,51.855
R,HH구미-0555-1,0.8,A,꿈터유치원 옆 녹지,20201228,127.1123992,37.3475896,52.786
S,HH구미-0555-1,0.8,A,꿈터유치원 옆 녹지,20201228,127.1123945,37.3475864,52.903
R,HH정자-0102-1,0.4,A,성남시 분당구 정자동 98-3지번 정자역 월호텔 주차장 옆 도로,20010430,127.1074546,37.3674893,43.05
R,HH수내-0322-1,0.7,A,성남시 분당구 수내동 126-2지번 푸른마을 수내초등학교 정류장 옆 보도,20180806,127.1243993,37.3684105,58.5
R,HH이매-0006-1,0.5,A,성남시 분당구 이매동 117번지 이매촌 동신아파트 308동 옆 그네 앞,20081031,127.1265935,37.3898351,37.09
R,HH정자-0086-1,0.9,A,성남시 분당구 정자동 89 느티마을 신기초등학교 내 뒤 보도,20100331,127.1105515,37.3671972,42.72
R,HH구미-0606-1,0.7,B,성남시 분당구 구미동 158지번 오리역세권 하나 EZ 타워 주차장입구 앞 도로,20050614,127.1074732,37.3401286,57.453
S,HH정자-0106-2,1.0,B,성남시 분당구 정자동 182-2번지 정자역 여민빌딩 옆 보증보도,19951231,127.1066336,37.3655406,43.5836
R,HH서현-0122-1,0.8,A,96번지 시범우성아파트 223동 옆 녹지,20200320,127.1319529,37.3795616,52.138
S,HH정자-0610-1,0.2,B,성남시 분당구 정자동 185-1번지 정자역 고래룸유흥주점 입구 앞 도로,20060614,127.1069441,37.3649526,40.57
S,HH정자-0611-1,0.3,B,성남시 분당구 정자동 185-1번지 정자역 고래룸유흥주점 주차장 앞 도로,20060614,127.1069178,37.3648812,40.57
S,HH정자-0657-1,0.6,A,성남시 분당구 정자동 96-3지번 정자역 정자1동 주민센터 옆 도로,20140303,127.1056139,37.3633751,42.549
S,HH정자-0668-2,1.1,A,성남시 분당구 정자동 95-1 궁내사거리,20200305,127.1082475,37.3688451,39.931
S,HH서현-0685-1,0.9,A,성남시 분당구 서현동 247-5번지 서현역 광림빌딩 주차장 입구 앞 도로,20140805,127.1248568,37.3854246,34.124
S,HH구미-0299-1,0.7,A,성남시 분당구 구미동 66번지 상가 앞 보도,19951231,127.1157757,37.349218,51.1923
S,HH야탑-0331-5,1.2,A,309동앞보도,20200829,127.1408059,37.4150053,40.414
R,HH수내-0434-1,0.3,A,성남시 분당구 수내동 20-7 수내역 대덕프라자 옷가게 앞 보증보도,20020430,127.1125621,37.3771407,38.34
S,HH구미-0423-1,0.9,A,성남시 분당구 구미동 211번지 한울유치원 인입,20100331,127.1163042,37.3346809,67.12
R,HH정자-0005-1,2.0,A,성남시 분당구 정자동 110지번 한솔마을 청구APT 내 꿈나무유치원 옆 녹지,20180806,127.1212593,37.3650278,69.104
S,HH분당-0700-1,1.5,A,성남시 분당구 분당동 38지번 샛별마을 우방APT 311동 앞 녹지,20180806,127.1286399,37.3715847,53.644
S,HH서현-0694-1,1.1,A,성남시 분당구 서현동 312-3번지 효자촌 미래타운 범한프라자 뒤 도로,20180806,127.1391535,37.3718824,51.841
S,HH구미-0276-1,0.5,A,성남시 분당구 구미동 29-2번지 성음교회 옆 보도,20010430,127.1108002,37.3494685,53.747
S,HH금곡-0215-1,1.0,A,성남시 분당구 금곡동 176번지 솔빛유치원 텃밭,20140805,127.1077261,37.3530717,53.46
S,HH금곡-0230-1,0.5,A,성남시 분당구 금곡동 128 청솔마을 5단지~6단지아파트 사이 보중보도 내 (5단지 방향),20230504,127.1118639,37.3547238,47.677
S,HH금곡-0233-1,0.7,A,성남시 분당구 금곡동 128 청솔마을 5단지~6단지아파트 사이 보중보도 내 (중앙교차지점),20230504,127.1118463,37.3546405,47.779
S,HH수내-0347-1,1.0,A,수내동 파크타운 동산유치원,20210916,127.1233279,37.3725349,47.384
R,HH정자-0702-5,1.4,A,성남축구센터앞,20210802,127.1045955,37.3774756,50.208
S,HH중앙-0011-1,2.2,A,코오롱아파트 113동 진입보도 입구,20220819,127.1460998,37.4376954,52.448
R,HH중앙-0013-1,2.7,A,코오롱아파트 103동 앞,20210729,127.1483956,37.4374947,67.24
R,HH분당-0053-2,0.6,A,성남시 분당구 분당동 67번지 장안유치원 옆 공원녹지,20150805,127.1406527,37.3705185,57.584
R,HH구미-0471-1,1.2,A,성남시 분당구 구미동 225번지 상가 뒤 보도,19951231,127.120941,37.3396995,66.18
S,HH정자-0602-1,0.7,A,성남시 분당구 정자동 170-1지번 정자역 아테나루체 B동 옆 보도,20050614,127.1060928,37.3606733,43.59
S,HH정자-0637-2,0.3,B,성남시 분당구 정자동 178-1 네이버 빌딩 앞 도로,20100324,127.1052756,37.3597968,44.016
S,HH서현-0070-1,1.0,A,성남시 분당구 서현동 311번지 서현2동 효자촌 미래타운 범한프라자 뒤 주차장입구,20180806,127.1393004,37.3719725,52.081
S,HH이매-0109-2,1.5,A,성남시 분당구 이매동 132번지 아름마을 건영 아파트 104동 옆 도로,20081031,127.1225317,37.4037292,31.61
S,HH이매-0530-1,2.2,A,성남시 분당구 이매동 143번지 아름마을 효성아파트 705동 옆 놀이터 담장밖 녹지,20180607,127.1209738,37.3933752,30.981
R,HH정자-0668-2,1.1,A,성남시 분당구 정자동 95-1 궁내사거리,20200305,127.1082399,37.3688404,39.922
R,HH금곡-0549-1,0.4,A,현대아리온 오피스텔 앞 도로,20201228,127.1107398,37.3506502,52.486
S,HH수내-0701-1,0.5,A,성남시 분당구 수내동 85지번 푸른마을 수내3동주민센터 입구 옆 도로,20180806,127.126019,37.3666205,65.78
S,HH수내-0539-1,1.7,A,성남시 분당구 수내동 44 수내동 44 초림교밑교각,20200305,127.1174447,37.3824035,30.226
S,HH수내-0540-1,1.5,A,성남시 분당구 수내동 지번 성남체육센터내,20200305,127.1170449,37.3830026,34.224
S,HH대장-0002-1,1.3,A,229-13 진흥A9블럭 진입로 앞,20200402,127.0676966,37.3652778,114.899
S,HH대장-0004-1,1.2,A,145-2 현대A3단지내,20200402,127.0680519,37.3693066,124.361
R,HH구미-0672-1,0.9,A,까치마을 건영아파트 605동 앞,20200828,127.1084234,37.3470043,67.82
S,HH서현-0090-1,1.4,A,성남시 분당구 서현동 293번지 효자촌 양영중학교 내 녹지,19931231,127.1358225,37.3768487,56.8604
S,HH구미-0381-4,0.9,A,성남시 분당구 구미동 159번지 암웨이 옆 보도,19951231,127.1060703,37.339929,58.318
S,HH구미-0526-1,1.3,A,성남시 분당구 구미동 285번지 빌라 내 녹지,19980930,127.1248379,37.3449978,106.6154
S,HH구미-0525-1,0.7,A,성남시 분당구 구미동 286번지 701동 뒤 녹지,19980930,127.1250018,37.3446726,103.9641
S,HH구미-0529-1,1.2,A,성남시 분당구 구미동 297-1번지 체육관 앞 화단,20000331,127.123394,37.3483246,81.19
R,HH야탑-0264-1,1.0,B,성남시 분당구 야탑3동 264-2번지 성남세관청 내 좌측 녹지(은학의집 인근),19931231,127.1428153,37.4092025,53.57
R,HH서현-0134-1,1.1,A,성남시 분당구 서현동 96번지 서현1동 시범단지 우성아파트 211동 옆 녹지,20100331,127.1328999,37.3817856,49.61
R,HH수내-0605-2,0.3,A,성남시 분당구 수내동 40-5지번 수내역 엠에스프라자 맞은편 도로(휴맥스빌리지 옆),20050614,127.1125141,37.3783444,37.5311
S,HH야탑-0541-2,1.0,A,SEC#30 성남터미널 우리은행앞 버스정류장도로,20230527,127.1286756,37.4112433,29.735
S,HH야탑-0194-2,0.2,A,SEC#53 장미마을현대아파트 (808동 첫번째 출입문 건너편),20221010,127.1303095,37.415433,31.079
R,HH구미-0400-1,0.7,A,SEC#40 오리삼거리 (이화수 전통육개장 앞 도로),20210610,127.1108837,37.3380262,53.853
R,HH구미-0487-1,1.1,A,무지개마을 라이프아파트 인입,20200117,127.1231707,37.3421914,79.962
R,HH정자-0155-1,0.9,A,탄천초등학교 단지내 보도,20200806,127.1157567,37.3620387,0.0
S,HH구미-0363-1,0.9,A,성남시 분당구 구미동 112번지 605동 옆 녹지,20100331,127.1157557,37.3455613,54.9
R,HH구미-0362-1,0.3,B,성남시 분당구 구미동 116번지 한양씨티빌 앞 도로,20020430,127.1160196,37.3432167,52.01
S,HH구미-0365-1,0.7,A,성남시 분당구 구미동 110번지 테니스장 옆,20081031,127.1174343,37.3449948,53.5777
S,HH수내-0428-1,0.3,A,성남시 분당구 수내동 16-1 수내역 롯데백화점 뒤 국민은행 뒤 녹지,20190510,127.1143725,37.3772496,34.794
S,HH정자-0620-1,0.6,A,성남시 분당구 정자동 14-3지번 정자역 동양파라곤아파트 101동~102동 옆 보도,20040531,127.1060549,37.3689138,42.16
R,HH수내-0435-2,2.2,A,성남시 분당구 수내동 20-7 수내역 동현프라자~세인프라자 사이 보증보도,20170810,127.1120902,37.3768937,35.517
S,HH구미-0519-1,1.5,A,구미동 다원빌리지 옆 도로,20211021,127.1261577,37.3446388,99.378
S,HH정자-0535-1,1.3,A,성남시 분당구 정자동 6 정자동파크뷰608동뒤,20200305,127.1082442,37.3771094,36.186
R,HH정자-0535-1,1.3,A,성남시 분당구 정자동 6 정자동파크뷰608동뒤,20200305,127.1082366,37.3771052,36.183
R,HH구미-0674-2,0.7,A,엘레강스 I 뒤 보도,20201228,127.1115092,37.3495592,52.45
S,HH구미-0674-2,0.7,A,엘레강스 I 뒤 보도,20201228,127.111516,37.3495542,52.479
R,HH중앙-0007-1,0.8,A,코오롱아파트 401동 주차장입구,20211108,127.1500578,37.4400104,47.729
S,HH중앙-0008-1,2.0,A,코오롱아파트 301동 진입로 차도,20211123,127.1502368,37.4399847,48.373
R,HH중앙-0008-1,2.0,A,코오롱아파트 301동 진입로 차도,20211123,127.1502287,37.4399867,48.395
S,HH정자-0684-1,0.3,A,금곡동 정든마을 한진(분당유치원 옆-65A),20211208,127.1168641,37.3600544,68.908
S,HH정자-0660-1,0.7,A,성남시 분당구 정자동 186-1지번 정자역 엠코헤리츠 3~4단지 주차장 사이 도로,20160510,127.1070384,37.3620861,43.533
S,HH서현-0097-1,0.9,A,성남시 분당구 서현동 299번지 서현2동 효자촌 현대아파트 114동 도로,20120331,127.1326818,37.375515,47.895
R,HH야탑-0390-2,1.3,A,성남시 분당구 야탑동 382-6번지 기아차대리점건너편 횡단보도,20100331,127.1340449,37.4132606,39.94
R,HH구미-0443-1,0.5,A,무지개마을 신한건영아파트입구,20200806,127.1148091,37.3383468,0.0
R,HH정자-0636-1,0.6,A,성남시 분당구 정자동 186-1지번 정자역 정자동3차푸르지오시티 앞 도로,20160510,127.1058894,37.362611,43.256
R,HH중앙-0012-1,2.2,A,코오롱아파트 103동 104동 사이 자연석 앞,20220819,127.1462016,37.4375269,53.683
S,HH중앙-0012-1,2.2,A,코오롱아파트 103동 104동 사이 자연석 앞,20220819,127.1461992,37.4375199,53.301
S,HH금광-0004-1,0.6,A,대림아파트 302동 앞,20211220,127.1644439,37.4441506,91.698
R,HH정자-0055-1,1.3,A,성남시 분당구 정자동 112지번 한솔마을한솔마을 주공APT 510동 앞 녹지,20100331,127.1182311,37.3656486,67.88
S,HH구미-0590-1,1.0,A,SEC#39 하얀어린이공원앞 보도,20201205,127.1184592,37.3449669,52.587
S,HH구미-0371-1,0.85,A,SEC#39 두앙노빌리티3차앞보도,20210330,127.1184339,37.3452076,52.457
S,HH구미-0689-1,0.6,A,SEC#39 두앙노빌리티103동앞 보도,20210330,127.1184896,37.3454293,52.474
S,HH구미-0364-1,0.75,A,SEC#39하얀마을그랜드빌 테니스장앞보도,20210330,127.117538,37.3447417,52.917
S,HH야탑-0534-2,0.4,A,SEC#34 이코노샤르망빌딩삼거리앞 도로,20210628,127.1304927,37.4137618,32.232
R,HH수내-0401-2,0.8,B,성남시 분당구 수내동 38-2지번 양지마을 궁전프라자 앞 도로,19931231,127.1160817,37.3771472,40.68
S,HH서현-0492-1,0.8,A,효자촌대우아파트 세화유치원옆,20200806,127.1369412,37.3716715,0.0
R,HH서현-0492-1,0.8,A,효자촌대우아파트 세화유치원옆,20200806,127.1369373,37.3716663,0.0
S,HH분당-0028-1,0.3,A,장안타운 건영두산아파트210동뒤,20200806,127.1466475,37.3720454,0.0
R,HH금곡-0579-1,0.8,A,성남시 분당구 구미동 170번지 천사의도시오피스텔3 앞 보도,20020430,127.1074077,37.3506578,53.5807
S,HH구미-0589-1,0.5,A,성남시 분당구 구미동 103번지 보증보도 사잇길,20040531,127.1184492,37.3459621,50.725
S,HH야탑-0391-1,0.5,A,새마을 회관 앞 사거리 도로,20201228,127.148735,37.4062675,56.765
S,HH이매-0556-1,0.7,A,성남시 분당구 이매동 129-2 이매동 성당 앞 보도,20230803,127.125998,37.3990985,30.591
S,HH정자-0692-2,0.5,A,성남시 분당구 정자동 188-1 미켈란쉐르빌 B동 앞 버스정류장 건너편 성남대로 우회전차로,20230519,127.1083523,37.3588441,44.27
S,HH야탑-0280-1,1.2,A,성남시 분당구 야탑동 성산빌딩 옆 보도,20240206,127.1384184,37.4114769,48.637
S,HH구미-0695-1,0.4,A,성남시 분당구 구미동 305-1 삼익파크빌라 맞은편 삼정타운하우스 주차장 입구 앞 보도,20240531,127.1270068,37.341238,100.063
S,HH구미-0697-1,1.7,A,성남시 분당구 구미동 305-1 큰골어린이공원 앞 보도,20240531,127.126112,37.3404047,90.829
S,HH구미-0424-1,0.9,A,성남시 분당구 구미동 211 무지개마을 1단지 대림아파트 101동 서편 벽체 옆 녹지,20230909,127.1169712,37.3355374,67.04
S,HH구미-0696-1,0.5,A,성남시 분당구 구미동 305-1 삼익파크빌라 앞 도로 (변압기 앞),20240531,127.1268233,37.3412003,0.0
S,HH서현-0124-1,1.9,A,성남시 분당구 서현초등학교 뒤편 녹지,20240118,127.1295584,37.3790843,53.02
R,HH수내-0405-1,1.8,A,성남시 분당구 수내동 34 양지마을 금호APT 112동 앞 화단 내,20060331,127.118861,37.3778356,40.87
R,HH수내-0406-1,2.0,A,성남시 분당구 수내동 34 양지마을 금호APT 109동 옆 녹지,20060331,127.1179058,37.3776646,40.81
R,HH수내-0433-1,0.6,A,성남시 분당구 수내동 20-7 수내역 초림프라자 화로구이 앞 보증보도,20020430,127.1127704,37.3774024,38.16
R,HH수내-0584-1,0.8,B,성남시 분당구 수내동 40-5번지 수내역 다운타운 빌딩 입구 앞 도로,20040531,127.1114926,37.3771621,38.16
S,HH수내-0583-1,0.9,A,성남시 분당구 수내동 40-5 수내역 현대스위스 저축은행 입구 옆 도로,19931231,127.1112074,37.377394,38.17
S,HH수내-0664-2,0.6,A,성남시 분당구 수내동 40-5 수내역 동현프라자 부동산 앞 도로 (횡단보도),20160510,127.1117194,37.377172,36.557
R,HH정자-0013-1,1.7,A,성남시 분당구 정자동 111지번 한솔마을 LGAPT 208동 뒤 도로,20180806,127.1203502,37.3654249,67.097
R,HH여수-0424-1,0.6,A,성남시 중원구 여수동 353지번 베스티안앞,20200305,127.1279755,37.4179767,28.217
R,HH대장-0004-1,1.2,A,145-2 현대A3단지내,20200402,127.0680587,37.3693033,124.331
R,HH야탑-0529-2,1.6,A,야탑역 BYC 뒤 주차장 입구 도로,20201228,127.12949,37.4110719,28.917
S,HH서현-0713-1,1.0,A,효자촌 현대아파트 107동 뒤 보도,20201228,127.1312074,37.3749424,0.0
R,HH중앙-0011-1,2.2,A,코오롱아파트 113동 진입보도 입구,20220819,127.1461018,37.4377022,52.391
S,HH여수-0432-2,1.5,A,성남시 중원구 여수동 353지번 시그너스옆,20200305,127.1273165,37.4184208,26.795
S,HH야탑-0186-1,0.5,A,야탑동 상희공원 앞,20211108,127.1403917,37.4102386,53.213
S,HH정자-0032-1,1.2,A,정자동 한솔초등학교 내,20211229,127.1180083,37.3670749,63.081
R,HH분당-0051-1,0.8,A,분당 대진고등학교 인입,20200205,127.138378,37.36964,62.156
R,HH서현-0120-1,0.8,A,92번지 시범우성아파트 223동 옆 녹지,20200320,127.1319829,37.3795588,52.542
S,HH정자-0690-1,1.0,A,SEC#37 신기사거리 (상록마을우성 316동~315동 사이 보도),20220608,127.112385,37.3661092,47.051
S,HH금곡-0693-1,1.2,A,성남시 분당구 금곡동 128 청솔마을 5단지~6단지아파트 사이 보중보도 내 (청솔초 방향),20230504,127.1120172,37.3545917,47.76
S,HH서현-0224-1,0.7,A,서현동 동양G타워,20210607,127.120943,37.3847412,35.468
S,HH신흥-0550-1,0.0,A,신흥동 10 산성역포레스티아 137동 앞,20200318,127.1484032,37.4539034,111.963
R,HH신흥-0550-1,0.0,A,신흥동 10 산성역 포레스티아 아파트 앞,20200318,127.1484043,37.4539098,111.946
R,HH서현-0693-1,0.7,A,성남시 분당구 서현동 308번지 미래타운A 내 세화유치원 앞 보증보도 (유치원 인입라인),20180806,127.137409,37.3719167,52.746
R,HH서현-0113-1,1.2,A,성남시 분당구 서현동 92-1번지 분당초등학교 옆 한전박스 측구보도,20160804,127.1288116,37.378588,50.678
R,HH구미-0289-1,1.2,A,구미동 까치마을 다올유치원,20220525,127.1133234,37.3486711,52.131
S,HH구미-0289-1,1.2,A,구미동 까치마을 다올유치원,20220525,127.1133239,37.3486674,52.109
R,HH야탑-0258-1,1.1,A,성남시 분당구 야탑동 166번지 목련마을 주공1단지APT 101동앞 좌측주차장,20060331,127.1414114,37.4076327,46.73
R,HH야탑-0505-1,0.5,A,성남시 분당구 야탑동 166번지 목련마을 주공1단지APT 101동 앞 진입 도로,20140930,127.1409106,37.4076824,44.795
R,HH수내-0360-1,0.8,A,성남시 분당구 수내동 56 파크타운 코끼리상가 옆 녹지,20190510,127.1204551,37.3725466,41.627
S,HH수내-0359-1,1.5,A,성남시 분당구 수내동 69-2 파크타운 수내2동주민센터 옆 골목 화단,20190510,127.1205701,37.3723595,41.771
S,HH구미-0322-1,0.8,A,성남시 분당구 구미동 91번지 뒤편 주차장 내,20100331,127.1189993,37.3484269,50.907
R,HH금곡-0201-1,0.9,A,성남시 분당구 금곡동 180번지 202동 옆 녹지,20100331,127.1064911,37.3546443,49.94
R,HH분당-0292-2,1.8,A,성남시 분당구 분당동 39지번 샛별마을 삼부APT 408동 뒤 녹지,20150805,127.1288878,37.371511,53.9409
R,HH구미-0470-1,0.7,A,성남시 분당구 구미동 225번지 상가 옆 동사무소 뒤,20100331,127.1209141,37.3397429,66.1
S,HH구미-0469-1,0.5,A,성남시 분당구 구미동 211번지 무지개마을 청구5단지 상가 옆 보도,20080331,127.1201125,37.339512,62.307
S,HH정자-0046-1,1.4,A,성남시 분당구 정자동 117 한솔마을 주공APT 607동 옆 녹지,20100331,127.1159766,37.3645174,64.42
S,HH서현-0156-1,1.0,A,시범단지 한양아파트325동옆,20200806,127.1249122,37.3829723,0.0
R,HH서현-0156-1,1.0,A,시범단지 한양아파트325동옆,20200806,127.1249046,37.3829729,0.0
R,HH수내-0580-1,0.9,A,성남시 분당구 수내동 16-7번지 수내역 한솔 인피니티 오피스텔 개 용품점 앞 보도,20040531,127.1127205,37.3765648,38.52
S,HH정자-0536-1,0.7,A,성남시 분당구 정자동 501 경기 성남시 분당구 분당수서로,20200305,127.1047463,37.3787896,49.672
R,HH정자-0536-1,0.7,A,성남시 분당구 정자동 501 경기 성남시 분당구 분당수서로,20200305,127.1047411,37.378794,49.699
S,HH금곡-0549-1,0.4,A,현대아리온 오피스텔 앞 도로,20201228,127.1107301,37.3506541,52.478
S,HH대장-0011-1,1.4,A,산11-4 현대A4블럭 앞,20201215,127.071004,37.3655061,113.603
R,HH대장-0011-1,1.4,A,산11-4 현대A4블럭 앞,20201215,127.0709978,37.3655027,113.578
S,HH구미-0339-2,0.4,A,성남시 분당구 구미동 145-3번지 하얀마을 한솔상가 옆 두영오피스텔 앞 보도,20180607,127.1104646,37.3457466,58.542
S,HH중앙-0013-1,2.7,A,코오롱아파트 103동 앞,20220902,127.148403,37.4374926,67.289
S,HH정자-0683-1,0.5,A,금곡동 정든마을 한진(분당유치원 옆-100A),20211019,127.1168317,37.3599023,68.723
S,HH정자-0152-1,0.5,A,금곡동 정든마을 한진802동 옆(100A),20211019,127.1168407,37.3602329,68.658
S,HH대장-0001-1,1.7,A,316-1 공공3 라인,20200402,127.0679054,37.3621991,104.237
R,HH정자-0537-1,0.8,A,성남시 분당구 정자동 501 분당 수서로 잡월드직업수련관,20200305,127.1066231,37.3793903,42.88
S,HH정자-0537-1,0.8,A,성남시 분당구 정자동 501 분당 수서로 잡월드직업수련관,20200305,127.1066252,37.3793863,42.861
R,HH서현-0165-1,1.0,A,서현동 서현고등학교 옆,20210831,127.1242367,37.3821478,44.415
S,HH분당-0265-1,1.9,A,분당동 삼성파크빌라,20200812,127.1346615,37.3714184,56.9641
S,HH구미-0334-1,1.3,B,성남시 분당구 구미동 147번지 B동 현관보도,19951231,127.1096344,37.3450311,60.37
R,HH서현-0713-1,1.0,A,효자촌 현대아파트 107동 뒤 보도,20201228,127.1311976,37.3749426,0.0
S,HH서현-0120-1,0.8,A,성남시 분당구 서현동 96번지 시범우성아파트223동옆 녹지,20200320,127.1319834,37.379553,52.479
S,HH야탑-0329-5,0.7,A,참사랑어린이집앞,20200829,127.1393023,37.4152633,39.24
S,HH서현-0094-1,0.8,A,성남시 분당구 서현동 298-2번지 서현2동 상록프라자 옆 보도,20180607,127.1341101,37.37708,49.2
S,HH수내-0696-2,1.2,A,성남시 분당구 수내동 40-5 수내역 분당다운타운빌딩 옆 횡단보도 위,20170810,127.1118369,37.3768241,36.031
R,HH서현-0059-1,1.1,A,성남시 분당구 서현동 310번지 관리사무소 옆 녹지,20100331,127.1375201,37.3716226,56.77
S,HH수내-0313-3,0.4,B,성남시 분당구 수내동 83-1지번 푸른마을 동한프라자 앞 보도,19951130,127.1264679,37.3672689,65.655
S,HH정자-0020-1,0.6,B,성남시 분당구 정자동 102-1지번 한솔마을 주공4단지 관리사무소 옆 상가 앞 보도,19951231,127.1172531,37.3686578,53.38
S,HH정자-0148-1,1.5,B,성남시 분당구 정자동 207지번 계원예고 뒤 녹지 인입,20120331,127.1161157,37.3585498,70.942
R,HH정자-0184-1,0.8,B,성남시 분당구 정자동 211번지 이마트 출구 옆 녹지,19970731,127.1197667,37.3584612,70.389
R,HH서현-0115-1,1.1,A,성남시 분당구 서현동 92번지 서현1동 시범단지 현대아파트 417동 옆 녹지,20100331,127.1311342,37.3762986,50.64
R,HH서현-0114-1,1.7,A,성남시 분당구 서현동 92번지 서현1동 시범단지 현대아파트 420동 앞 녹지,20170810,127.1315956,37.3770822,48.873
R,HH정자-0684-1,0.3,A,금곡동 정든마을 한진(분당유치원 옆-65A),20211208,127.1168603,37.3600507,68.915
S,HH이매-0081-1,1.4,A,이매동 삼성1005동,20210924,127.1268708,37.4032343,30.499
R,HH분당-0265-1,1.9,A,분당동 삼성파크빌라,20200812,127.1346652,37.3714192,57.357
S,HH분당-0064-1,2.8,A,분당동 장안어린이공원 내(장안유치원),20210330,127.1407229,37.3706786,58.08
S,HH구미-0605-1,1.2,A,성남시 분당구 구미동 300 분당서울대병원 장례식장 정문 도로,20050614,127.1256121,37.3480949,93.55
R,HH야탑-0256-1,1.0,A,성남시 분당구 야탑동 166번지 목련마을 주공1단지APT 101동옆 상가뒤인도,20100331,127.1407042,37.4078359,43.626
R,HH야탑-0257-1,1.0,A,성남시 분당구 야탑동 166번지 목련마을 주공1단지APT 101동 10호라인앞 녹지,20100331,127.1409338,37.4074353,45.8144
S,HH정자-0063-1,1.0,A,성남시 분당구 정자동 121지번 상록마을 우성APT 313동 지하주차장 입구 옆 녹지,20100331,127.1135237,37.3656534,53.36
R,HH이매-0004-1,1.0,A,성남시 분당구 이매동 124번지 이매촌 한신아파트 202동 옆 관리사무소,20081031,127.1255354,37.3889834,36.95
S,HH서현-0697-2,0.8,A,성남시 분당구 서현동 280-2지번 미관광장앞,20200305,127.1240707,37.3841921,32.115
S,HH정자-0110-1,0.3,A,성남시 분당구 정자동 185-1지번 정자역 백궁프라자3 주차장 입구 옆 도로,20020430,127.1075344,37.3645806,40.57
R,HH정자-0108-1,0.5,A,성남시 분당구 정자동 157-13지번 정자역 네오호텔 입구 보도,20000331,127.1074401,37.3652802,40.57
R,HH금광-0004-1,0.6,A,대림아파트 302동 앞,20211220,127.1644507,37.4441473,91.69
S,HH금광-0005-1,0.0,A,대림아파트 502동 앞 녹지,20220704,127.1685825,37.4444058,105.429
R,HH대장-0008-1,1.2,A,산19-18 대우A2단지내 녹지,20200522,127.0690174,37.374464,158.065
S,HH정자-0669-2,0.6,A,성남시 분당구 정자동 96-1 경기 성남시 분당구 정자동백궁동양파라곤앞도로,20200305,127.1069906,37.3684818,40.558
R,HH정자-0173-1,1.5,A,성남시 분당구 정자동 144지번 정든마을 우성APT 612동 옆 녹지,20100331,127.121916,37.3626773,79.91
S,HH정자-0174-1,1.2,A,성남시 분당구 정자동 144지번 정든마을 우성APT 관리사무소 옆 녹지,20100331,127.121401,37.3621494,79.67
R,HH정자-0062-1,0.2,A,성남시 분당구 정자동 122지번 상록마을 우성APT 322동 뒤 녹지,20100331,127.1102783,37.364376,46.39
S,HH서현-0692-1,1.0,A,성남시 분당구 분당동 250-3번지 서현역 신한은행 앞 도로,20180607,127.1234373,37.3858591,33.574
S,HH야탑-0181-3,0.2,A,성남시 분당구 야탑1동 330번지 장미마을 동부코오롱APT 132동 앞 인도,19931231,127.1238982,37.4153503,29.45
R,HH구미-0270-1,0.8,A,까치마을 건영아파트 607동 뒤,20200828,127.1084684,37.3462688,65.758
R,HH수내-0542-1,0.6,A,수내동 삼육유치원 앞 도로,20200407,127.1275357,37.3656278,73.992
S,HH수내-0542-1,0.6,A,수내동 삼육유치원 앞 도로,20200407,127.1275317,37.3656279,74.035
S,HH구미-0370-1,1.4,A,성남시 분당구 구미동 110-2번지 안디옥교회 뒤,20081031,127.1181539,37.346205,51.88
R,HH구미-0373-1,1.5,A,성남시 분당구 구미동 102번지 501동 옆 녹지,19980930,127.1197788,37.34611,50.998
S,HH구미-0372-1,1.4,B,성남시 분당구 구미동 104 두앙노빌리티1차 103동 지하주차장 옆 녹지,19980930,127.1191932,37.3453619,53.08
R,HH수내-0365-1,1.5,A,성남시 분당구 수내동 51 파크타운 대림APT 101동 옆 녹지,20100331,127.1222832,37.3745763,45.16
R,HH수내-0357-1,1.0,A,성남시 분당구 수내동 57 파크타운 내정초등학교 내 건물뒤 보도,20100331,127.1217979,37.3732424,45.7518
R,HH정자-0131-1,0.5,A,성남시 분당구 정자동 205번지 옆 주차장 내,20060331,127.1115164,37.3596539,50.452
R,HH야탑-0527-2,0.8,A,성남시 분당구 야탑동 264-1지번 포레스트하우스앞,20200305,127.1424095,37.4097172,56.496
S,HH분당-0042-1,0.7,A,성남시 분당구 분당동 94번지 프라임하우스 내 휴게실 왼쪽,20100331,127.1452853,37.3716667,65.0
R,HH분당-0040-1,1.8,B,성남시 분당구 분당동 73번지 현진에버빌 빌라 앞 화단,19970731,127.1388523,37.3684771,72.4188
R,HH서현-0170-1,0.8,A,성남시 분당구 서현동 91번지 서현1동 한양아파트 314동 앞 녹지,20100331,127.1245242,37.380853,48.57
S,HH정자-0187-2,0.7,B,성남시 분당구 정자동 180번지 버스정류장 옆 보도,19951231,127.1079425,37.3588394,43.513
R,HH정자-0168-1,0.2,A,성남시 분당구 정자동 201 정든마을 정자3동주민센터 옆 녹지,20100331,127.1197193,37.3611101,72.006
R,HH정자-0169-1,0.5,A,성남시 분당구 정자동 201 정든마을 정자3동주민센터 뒤 보도,20180806,127.1196626,37.3607889,72.538
R,HH정자-0039-1,2.0,A,성남시 분당구 정자동 117지번 한솔마을 주공APT 609동 뒤 녹지,20100331,127.1163727,37.3657167,62.14
S,HH이매-0060-6,1.0,B,성남시 분당구 이매동 136번지 매송초등학교 현관앞 녹지,19931231,127.1229272,37.401892,33.28
R,HH서현-0151-1,0.6,A,성남시 분당구 서현동 87번지 시범단지 시범단지 한신아파트 121동 옆 보도,20100331,127.1257839,37.3847068,40.8999
R,HH수내-0353-1,1.1,A,성남시 분당구 수내동 54 파크타운 삼익APT 125동 옆 녹지,20100331,127.1202023,37.3694319,54.0
R,HH수내-0352-1,1.2,A,성남시 분당구 수내동 54 파크타운 삼익APT 118동 옆 놀이터 내,20100331,127.1207993,37.3706908,50.01
S,HH정자-0658-1,0.7,A,성남시 분당구 정자동 186-6지번 정자역 엠코헤리츠 2단지 주차장 입구 옆 도로,20160510,127.1070502,37.3627952,42.811
R,HH금곡-0255-1,0.5,A,성남시 분당구 금곡동 141번지 806동 앞 차로 측구,20081031,127.1131635,37.3505811,52.56
R,HH정자-0191-2,0.8,A,성남시 분당구 정자동 181번지 408동 뒤 녹지,20100331,127.1075582,37.3568096,46.32
R,HH정자-0678-5,1.1,A,버스정류장앞,20201127,127.1059399,37.3586107,44.817
S,HH금곡-0544-1,0.5,A,성남시 분당구 금곡동 202지번 하우스토리 103동 앞 도로,20030530,127.1053335,37.3523176,51.044
S,HH이매-0025-1,1.2,A,이매동 청구613동,20220602,127.1275818,37.3929922,36.071
S,HH구미-0507-1,0.3,B,성남시 분당구 구미동 247지번 무지개마을 동서프라임빌 B동 옆 화단,19970731,127.1272966,37.3421161,99.31
R,HH구미-0505-1,0.3,A,성남시 분당구 구미동 265지번 한신타운하우스1 경비실 앞 화단,19970731,127.1271225,37.3405642,103.5973
S,HH구미-0516-1,1.3,B,성남시 분당구 구미동 290번지 빌라 내 녹지,19951231,127.1266266,37.3438377,97.99
S,HH구미-0586-1,0.4,A,성남시 분당구 구미동 185-7번지 측구 옆 도로,20040531,127.1102034,37.3385322,53.794
R,HH구미-0585-1,0.5,A,성남시 분당구 구미동 187-3번지 세종그랑시아1 앞 보도,20040531,127.110375,37.3388484,54.24
R,HH수내-0320-1,0.8,A,성남시 분당구 수내동 77지번 푸른마을 쌍용APT 610동 옆 녹지,20160804,127.1246392,37.3667226,67.414
R,HH야탑-0294-1,0.3,A,성남시 분당구 야탑동 217번지 매화마을청구빌라603동1라인앞보도,20100331,127.1396116,37.4129062,46.99
R,HH야탑-0292-1,0.4,A,성남시 분당구 야탑동 217번지 매화마을청구빌라604동뒤도로옆보도,20100331,127.1400098,37.4128895,45.94
R,HH서현-0172-1,1.7,A,성남시 분당구 서현동 91번지 서현1동 한양아파트 321동 옆 보도,20081031,127.1262058,37.3809622,49.05
S,HH구미-0286-1,0.5,A,성남시 분당구 구미동 66번지 310동 놀이터 옆 녹지,20100331,127.113685,37.3497511,52.71
S,HH이매-0002-1,1.2,A,성남시 분당구 이매동 124번지 이매촌 한신아파트 205동 뒤 녹지,20081031,127.1256712,37.3880527,37.07
S,HH서현-0691-2,1.8,A,성남시 분당구 분당동 261-2번지 서현역 진성호텔 앞 화단,20180607,127.1211361,37.3867532,32.28
R,HH분당-0044-1,1.0,A,성남시 분당구 분당동 95번지 건영연립 207동 옆 녹지,20100331,127.1454757,37.372723,64.54
R,HH분당-0043-1,1.0,A,성남시 분당구 분당동 95번지 건영연립 202동 옆 녹지,20100331,127.1456985,37.3723301,66.94
S,HH정자-0048-1,1.1,A,성남시 분당구 정자동 117 한솔마을 주공APT 604동 앞 녹지,20100331,127.1156286,37.3639226,64.89
S,HH수내-0384-1,0.9,A,성남시 분당구 수내동 30지번 양지마을 수내1동주민센터 옆 주차장,20140805,127.1181856,37.3753061,37.85
R,HH야탑-0133-2,0.8,A,성남시 분당구 야탑2동 536번지 탑마을선경아파트105동뒤녹지,20100331,127.1229738,37.4071766,30.37
R,HH구미-0383-5,0.2,A,성남시 분당구 구미동 172번지 담장 밖 보도,19951231,127.1048012,37.3398186,58.088
R,HH구미-0360-1,1.0,A,성남시 분당구 구미동 118번지 402동 뒤 녹지(텃밭 내),20010430,127.1153179,37.3431766,52.4509
S,HH수내-0371-3,1.0,B,성남시 분당구 수내동 58-1지번 파크타운 동신파크빌딩 앞 보도,19931231,127.1194781,37.3735449,40.87
S,HH수내-0489-1,0.5,A,성남시 분당구 수내동 40-5 수내역 짬뽕타임24시 앞 삼거리 도로,20160510,127.115727,37.3789182,35.715
R,HH수내-0411-1,0.6,A,성남시 분당구 수내동 6-5지번 수내역 예미지 빌딩 앞 보도,20090506,127.1163331,37.3791628,36.97
S,HH구미-0324-1,0.3,A,성남시 분당구 구미동 91번지 205동 사이 보증보도,19951231,127.1184335,37.3478814,50.086
S,HH수내-0307-1,0.6,A,성남시 분당구 수내동 88-2지번 주택단지 내 삼평프라자 뒤 주차장 입구,19970731,127.1268591,37.3662235,70.31
R,HH야탑-2231-1,0.3,A,성남시 분당구 야탑3동 170-5 가나안 복지 재단 앞 보도,20110315,127.143447,37.4085068,50.182
S,HH야탑-0373-1,1.2,A,성남시 분당구 야탑3동 157번지 야탑고정문옆화단,20100331,127.1540798,37.4051501,77.4677
R,HH분당-0676-1,1.0,A,성남시 분당구 분당동 65-6지번 주택단지 내 청구2차빌라 맞은편 도로,20150805,127.1348127,37.3693827,59.685
S,HH금곡-0207-1,1.0,A,성남시 분당구 금곡동 180번지 206동 옆 녹지,20100331,127.1073492,37.3539186,50.26
S,HH분당-0262-5,1.3,A,쌍용빌라옆 녹지,20201008,127.1355476,37.3704541,57.752
S,HH정자-0702-5,1.4,A,성남축구센터앞,20210802,127.1045897,37.3774823,50.167
S,HH야탑-0332-1,0.3,A,성남시 분당구 야탑동 205번지 매화주공3단지아파트311동앞상가 입구,20060331,127.1416125,37.4146998,40.62
R,HH이매-0003-2,0.5,A,성남시 분당구 이매동 124번지 이매촌 한신아파트 204동 옆 녹지,20170810,127.1252963,37.3880043,35.461
R,HH정자-0556-1,0.6,A,성남시 분당구 정자동 160지번 정자역 분당경찰서 입구 옆 보도,20071231,127.1058424,37.3653245,43.98
S,HH정자-0609-1,0.3,B,성남시 분당구 정자동 185-1번지 정자역 정자스타빌딩 주차장 입구 앞 도로,20060614,127.106939,37.3654577,40.23
S,HH정자-0608-1,0.6,B,성남시 분당구 정자동 185-1번지 정자역 여민빌딩 옆 도로,20060614,127.1068923,37.3655453,40.23
S,HH정자-0643-1,0.3,A,성남시 분당구 정자동 185-2번지 정자역 라스베가스모텔 뒤 보증보도,20010430,127.1066397,37.3651281,43.57
R,HH수내-0609-1,0.4,A,성남시 분당구 수내동 40-5 수내역 휘맥스빌리지 옆 도로,20060331,127.1127119,37.3781448,36.2
R,HH이매-0115-1,0.6,A,성남시 분당구 이매동 132번지 아름마을 건영아파트101동 앞아름타운상가 앞(구.아름유치원),20081031,127.121726,37.40468,31.09
R,HH이매-0001-1,0.9,A,성남시 분당구 이매동 124번지 이매촌 한신아파트 209동 뒤 녹지,20081031,127.1265278,37.388064,36.97
S,HH서현-2051-2,0.7,A,성남시 분당구 서현동 250-6번지 서현역 본치과 병원 앞 보도,20180607,127.1241091,37.38637,33.758
R,HH정자-0662-1,1.2,A,성남시 분당구 정자동 101지번 한솔마을 주공APT 711동 옆 도로,20160510,127.1157993,37.3690893,46.414
S,HH서현-0613-1,1.2,A,성남시 분당구 서현동 276번지 서현역 소방서 앞 도로 2차선,20160510,127.1197087,37.3859036,33.761
R,HH서현-0137-1,1.4,A,성남시 분당구 서현동 96번지 서현1동 시범단지 우성아파트 202동 옆 녹지,20100331,127.1307813,37.3815287,51.86
R,HH구미-0328-2,0.5,A,성남시 분당구 구미동 18 신영시그마2 입구 앞 녹지,19951231,127.1062778,37.3435557,58.726
R,HH구미-0327-1,0.7,A,성남시 분당구 구미동 88번지 208동 뒤 녹지,20181031,127.118355,37.3467395,50.606
S,HH구미-0338-1,1.0,A,성남시 분당구 구미동 150번지 B동 옆 녹지,19980930,127.1098237,37.3441119,59.028
R,HH수내-0648-4,0.8,B,성남시 분당구 수내동 77지번 푸른마을 수내초등학교 운동장 앞 보도,19931231,127.123987,37.3672617,65.91
S,HH수내-0627-6,2.0,B,성남시 분당구 수내동 124-2지번 푸른마을 수내초등학교 옆 녹지,19931231,127.1241087,37.3680975,63.71
S,HH구미-0284-1,1.5,A,성남시 분당구 구미동 20번지 206동 앞 화단,20100331,127.1097548,37.3473205,60.26
S,HH구미-0291-2,1.2,A,성남시 분당구 구미동 63번지 406동 옆 녹지,20100331,127.1129171,37.3474285,54.55
R,HH야탑-0228-1,1.0,B,성남시 분당구 야탑2동 513-1지번 성남농협야탑역지점 좌측 횡단보도(돌마초교 인근),20100331,127.1294746,37.4096897,30.93
R,HH야탑-0407-1,0.2,A,성남시 분당구 야탑동 513-2번지 상우빌딩(국제약품) 뒤 녹지,20050614,127.1291138,37.409179,30.81
R,HH야탑-0227-3,0.6,A,성남시 분당구 야탑동 513-1번지 성남농협야탑역지점 뒤 옆 녹지,19931231,127.1291202,37.4095253,30.7
S,HH분당-0037-1,2.6,B,성남시 분당구 분당동 76번지 신동아빌라 옆 작은 환풍기 벽 건너 1M 경사로,19970731,127.1408175,37.3683974,76.853
S,HH분당-0041-1,1.4,B,성남시 분당구 분당동 73번지 현진에버빌 빌라 옆 녹지,20060331,127.1388796,37.3684774,72.46
S,HH분당-0038-1,0.5,B,성남시 분당구 분당동 74번지 신안시네하우스 301동 옆 화단 녹지,19980930,127.1396815,37.3682163,75.5
R,HH서현-0173-1,1.4,A,성남시 분당구 서현동 91번지 서현1동 한양아파트 306동 보도 건너 녹지,20081031,127.1263588,37.3800548,50.91
S,HH서현-0175-1,2.5,B,성남시 분당구 서현동 91번지 한양아파트 318동 옆 녹지,20081031,127.1277214,37.3808146,51.49
S,HH여수-0504-1,0.5,A,성남시 중원구 여수동 205번지 신야탑푸리지오상가앞보도(성남시청인근),20140930,127.127075,37.4170403,28.286
R,HH야탑-0266-2,0.0,A,성남시 분당구 야탑동 264-1지번 포레스트하우스 대지 경계안쪽 보도 밑(매립)(은학의집 인근),19931231,127.1423583,37.4096394,57.45
R,HH수내-0314-3,0.6,B,성남시 분당구 수내동 83-3지번 푸른마을 HS프라자 앞 보도,19951130,127.1262777,37.3671309,66.09
S,HH구미-0521-2,1.0,A,성남시 분당구 구미동 287번지 빌라 밖 보도,20140805,127.1254816,37.3440568,92.604
R,HH구미-0524-1,0.8,A,성남시 분당구 구미동 284번지 경비실 앞 보도,20180806,127.1248317,37.3443591,97.492
R,HH서현-0132-1,0.4,A,성남시 분당구 서현동 96번지 서현1동 시범단지 우성아파트 229동 옆 주차장,20100331,127.1312133,37.3801852,52.0774
R,HH서현-0131-1,0.4,A,성남시 분당구 서현동 96번지 서현1동 시범단지 우성아파트 단지 홍하유치원 내 녹지,19931231,127.1319163,37.3800431,52.85
R,HH정자-0016-1,0.7,A,성남시 분당구 정자동 102지번 한솔마을 주공APT 416동 앞 주차장 도로,20100331,127.1186561,37.3690189,54.0997
S,HH정자-0017-1,1.5,A,성남시 분당구 정자동 102지번 한솔마을 주공APT 416동 옆 놀이터 펜스 안,20100331,127.1180189,37.3691162,53.45
R,HH분당-0034-1,0.8,A,성남시 분당구 분당동 94번지 프라임하우스 앞 2차선 도로,20150805,127.1454294,37.3715444,63.505
S,HH금곡-0217-1,0.9,A,성남시 분당구 금곡동 177번지 영남아파트 102동 옆 녹지,20100331,127.1075905,37.3521373,52.1812
R,HH금곡-0216-1,1.2,A,성남시 분당구 금곡동 176번지 111동 뒤 녹지,20100331,127.1077145,37.3528135,53.51
R,HH구미-0495-1,2.0,B,성남시 분당구 구미동 250번지 경비실 앞 화단 내,19951231,127.1257953,37.3406196,91.1
S,HH구미-0494-1,0.4,B,성남시 분당구 구미동 251번지 경비실 앞,19970731,127.1254001,37.3403255,89.22
S,HH야탑-0257-1,1.0,A,성남시 분당구 야탑동 166번지 목련마을 주공1단지APT 101동 10호라인앞 녹지,20100331,127.1409296,37.4074374,45.8684
R,HH야탑-0270-1,0.3,A,성남시 분당구 야탑동 266지번 동신빌라 909동 좌측 녹지,20100331,127.1402631,37.4101313,53.19
R,HH구미-0349-1,0.5,A,성남시 분당구 구미동 120 하얀마을복지회관 옆 도로,20160510,127.1120708,37.3445218,54.073
S,HH정자-0075-1,1.2,A,"느티마을3,4단지 관리사무소옆",20200806,127.1124548,37.3674214,0.0
R,HH구미-0517-1,1.2,A,구미동 신세계빌라 옆,20200908,127.1262854,37.3444523,98.212
S,HH서현-0563-5,0.6,A,오벨리스크오피스텔앞,20211112,127.1259375,37.3860974,34.594
R,HH분당-0014-1,0.6,A,성남시 분당구 분당동 142번지 청구4차 주차장 입구,19980930,127.144791,37.3687775,76.6
R,HH분당-0012-1,1.4,A,성남시 분당구 분당동 145번지 신안시네하우스 내 102동 뒤 녹지,19970731,127.1447512,37.3682953,77.42
R,HH금곡-0559-1,1.2,A,성남시 분당구 금곡동 141번지 809동 앞 주차장,20100331,127.1119451,37.3517017,52.1385
S,HH구미-0436-1,0.5,A,성남시 분당구 구미동 205-8 무지개마을 가나안교회 앞 보도,20030530,127.1169292,37.3365923,59.983
S,HH정자-0449-2,0.6,A,성남시 분당구 정자동 79-3지번 느티마을 주택단지 내 백현초~백현중 사이 보증보도,20100331,127.1110033,37.3715377,40.35
S,HH정자-0450-1,0.3,A,성남시 분당구 정자동 77지번 느티마을 주택단지 내 백현중학교 내 뒤 보도,20100331,127.1105367,37.3715104,41.15
S,HH분당-0264-1,0.2,A,성남시 분당구 분당동 48지번 주택단지 내 하나빌라 내 계단 밑 창고 안,19970731,127.1353341,37.3707867,57.16
S,HH분당-0269-1,0.5,A,성남시 분당구 분당동 57-1지번 주택단지 내 청구2차빌라 맞은편 도로,20150805,127.1345173,37.3696394,59.305
R,HH구미-0341-1,0.7,A,성남시 분당구 구미동 145-4번지 대우종합상가 옆 보도,19970731,127.110853,37.3457065,57.302
S,HH구미-0344-1,0.7,B,성남시 분당구 구미동 144-3번지 큰나무정형외과 앞 보도,19980930,127.1115837,37.3457289,54.042
R,HH수내-0376-3,0.6,B,성남시 분당구 수내동 28-1지번 양지마을 신한은행 앞 보도,19931231,127.1194711,37.3743615,40.6068
S,HH수내-0429-1,0.5,A,성남시 분당구 수내동 16-6번지 수내역 신일빌딩 앞 보도,19970731,127.1129637,37.3767532,38.34
S,HH구미-0498-1,1.2,B,성남시 분당구 구미동 243번지 가동 옆 담장 화단 내,19951231,127.1259859,37.3419189,94.47
R,HH구미-0502-1,0.5,A,성남시 분당구 구미동 266-1번지 주차장입구 보도,20150805,127.1269392,37.3411691,99.439
S,HH정자-0015-1,1.2,B,성남시 분당구 정자동 102-1지번 한솔마을 주공APT 4단지 입구 상가 앞 보도,19951231,127.1194774,37.3687763,56.17
S,HH정자-0018-1,1.0,A,성남시 분당구 정자동 102지번 한솔마을 주공APT 402동 앞 쓰레기장,20100331,127.1190545,37.3683027,57.14
S,HH정자-0030-1,0.7,A,성남시 분당구 정자동 102지번 한솔마을 주공APT 408동 앞 녹지,20100331,127.1173139,37.3675548,58.98
R,HH정자-0035-3,0.8,B,성남시 분당구 정자동 115지번 한솔마을 한솔고등학교 내 뒤 보도,19951231,127.1159407,37.3670725,54.64
S,HH서현-0611-2,0.6,A,성남시 분당구 서현동 259-1번지 서현역 마사회 앞 진성빌딩 앞 도로 1차선,20160510,127.1213187,37.3869832,33.112
R,HH분당-0464-1,1.4,A,성남시 분당구 분당동 113번지 노루마을건영빌라 306동 앞 녹지,20080331,127.1487838,37.3715955,83.44
R,HH야탑-0273-2,1.3,A,성남시 분당구 야탑동 213-2지번 중탑초교후문,20200305,127.1400126,37.4134599,41.443
R,HH야탑-0525-2,0.6,A,성남시 분당구 야탑동 324-1지번 야탑청소년수련관앞,20200305,127.1421373,37.409768,56.678
S,HH이매-0084-1,0.9,A,성남시 분당구 이매동 99번지 이매촌 삼환아파트 1106동 옆 인도,20081031,127.1258299,37.4046195,32.14
R,HH구미-0356-1,1.3,A,성남시 분당구 구미동 121번지 108동 옆 화단,20100331,127.113891,37.3435758,56.46
S,HH구미-0351-1,1.2,A,성남시 분당구 구미동 112번지 613동 옆 녹지,20100331,127.1133562,37.3452201,54.28
R,HH구미-0350-1,1.0,A,성남시 분당구 구미동 112번지 관리사무소 옆 녹지,20100331,127.1136486,37.3451197,54.36
S,HH수내-0639-5,0.8,A,지웰푸르지오앞 보도,20211001,127.1179092,37.3811086,36.301
R,HH구미-0384-1,0.9,A,성남시 분당구 구미동 174번지 하역장 앞 보도,20000331,127.1072853,37.339283,59.22
R,HH서현-0690-1,1.0,A,성남시 분당구 분당동 277번지 서현역 분당세무서 뒤 화단,20180607,127.1190893,37.3854604,33.868
R,HH구미-0541-1,0.5,A,성남시 분당구 구미동 274-1 라임카운티 데크밑(현재 빈 상가),20030530,127.1273521,37.3436568,97.042
S,HH정자-0014-4,1.2,B,성남시 분당구 정자동 102-1지번 한솔마을 주공APT 4단지 입구 상가 앞 보도,19951231,127.120602,37.3640601,73.47
S,HH구미-0467-1,1.2,A,성남시 분당구 구미동 241 불곡초등학교 학교 내 정문 보도,20100331,127.1193847,37.3409318,57.606
R,HH정자-0666-1,0.5,A,성남시 분당구 정자동 106-5지번 한솔마을 한일APT 입구 도로,20160510,127.1213965,37.367557,56.48
S,HH서현-0200-1,1.0,B,서현동 농협은행 앞,20220128,127.1210308,37.3837349,36.164
S,HH서현-0145-1,1.5,A,SEC#26 시범삼성한신아파트 (108동 옆 단지내 녹지),20220315,127.130671,37.3834554,47.153
R,HH야탑-0329-5,0.7,A,참사랑어린이집앞,20200829,127.1393071,37.4152636,39.235
S,HH신흥-0552-1,1.5,A,산성역 자이푸르지오 2단지 어린이 정류장 보도 (sec#4-2),20230213,127.1490685,37.4500258,86.244
S,HH여수-0508-1,2.0,A,성남시 중원구 여수동 602번지 여수산들마을2단지 APT 209동 옆 보도,20121025,127.1362994,37.4195039,44.639
S,HH여수-0509-1,1.5,A,"성남시 중원구 여수동 602번지 여수산들마을2단지 APT 206동 1,2라인 앞 녹지",20121025,127.1367973,37.4203136,45.158
R,HH여수-0492-1,1.3,A,성남시 중원구 여수동 602번지 여수산들마을2단지APT정문입구,20121025,127.1355932,37.4187089,37.857
R,HH여수-0493-1,1.3,A,성남시 중원구 여수동 601번지 여수연꽃마을어울림4단지 APT 403동옆 도로 2차선,20121025,127.1363729,37.4183287,38.853
S,HH구미-0430-1,1.3,A,성남시 분당구 구미동 212번지 1203동 옆,20080331,127.1201172,37.3353146,78.28
R,HH정자-0178-1,0.3,A,성남시 분당구 정자동 255-5지번 정든마을 우성APT 6단지 신양유치원 앞 보증보도,20100331,127.1212579,37.3605344,79.09
R,HH이매-0532-1,1.0,A,이매1동행정복지센터옆,20200806,127.1273064,37.3994755,0.0
S,HH이매-0532-1,1.1,A,이매1동행정복지센터옆,20200806,127.1273112,37.3994753,0.0
S,HH분당-0284-1,1.8,A,성남시 분당구 분당동 35지번 샛별마을 동성APT 203동 옆 녹지,20100331,127.1318445,37.3723586,53.29
S,HH분당-0298-6,1.0,B,성남시 분당구 분당동 38지번 샛별마을 우방APT 입구 상가 뒤 주차장,19931231,127.1273708,37.3711801,56.1
R,HH분당-0299-6,1.5,B,성남시 분당구 분당동 38지번 샛별마을 따소미어린이집 입구 옆,19931231,127.1268554,37.371525,55.36
S,HH분당-0291-2,0.4,A,성남시 분당구 분당동 38지번 샛별마을 사랑보도육교 옆 보도,20140805,127.1278916,37.3733755,44.6448
R,HH야탑-0268-1,0.0,A,성남시 분당구 야탑동 222지번 CHA차의과대학연구소 옆 녹지(매립),20100331,127.1433815,37.4100237,62.12
R,HH성남-0497-2,0.4,A,성남시 중원구 성남동 4764번지 성남모란시장 입구 성남대로 도로 5차선,20121025,127.12924,37.4295817,27.834
S,HH야탑-0274-1,0.8,A,성남시 분당구 야탑동 267지번 대창빌라 804동 옆 보도,20100331,127.1394215,37.4106271,51.88
R,HH이매-0005-1,1.0,A,성남시 분당구 이매동 124번지 이매촌 한신아파트 202동 옆 놀이터 진입계단 앞 화단,20080331,127.1247039,37.3886021,35.3886
S,HH수내-0486-1,0.5,A,"성남시 분당구 수내동 40-5 수내역 랜드로버,재규어(자동차매장) 옆 도로",20160510,127.1151521,37.3794364,35.227
R,HH수내-0487-1,0.5,A,성남시 분당구 수내동 7-9 수내역 광진빌딩 앞 보증보도,20160510,127.1154946,37.3792802,35.455
R,HH수내-0418-1,0.7,B,성남시 분당구 수내동 7-9지번 수내역 동남빌딩 앞 화단,19970731,127.1155614,37.379407,37.12
S,HH구미-0449-1,0.8,A,성남시 분당구 구미동 201번지 307동 옆 보도,20100331,127.1150461,37.3397477,53.68
S,HH수내-0414-1,1.0,B,성남시 분당구 수내동 6-8지번 수내역 스탠다드차타드은행 주차장 내,19970731,127.1156641,37.3786247,36.95
S,HH수내-0576-1,0.5,A,성남시 분당구 수내동 6-2지번 수내역 그라테아 빌딩 입구 옆 보도,20040531,127.1171263,37.3797445,36.83
S,HH야탑-0333-5,0.9,A,313동앞 주차장,20200829,127.141972,37.4150782,41.366
R,HH구미-0671-1,1.5,A,까치마을 건영아파트 505동 앞,20200717,127.1083616,37.3481907,63.796
R,HH구미-0482-1,0.6,A,구미동 월드메르디앙 인입,20200427,127.1224894,37.3389984,73.923
R,HH여수-0425-1,0.9,A,성남시 중원구 여수동 197지번 바우하임앞,20200305,127.1277588,37.4183722,27.797
S,HH여수-0425-1,0.9,A,성남시 중원구 여수동 197지번 바우하임앞,20200305,127.1277541,37.4183687,27.81
S,HH분당-0048-1,0.6,A,성남시 분당구 분당동 70번지 건영아파트 112동 앞 주차장,20081031,127.1415921,37.3710277,56.95
S,HH구미-0582-1,1.2,A,성남시 분당구 구미동 158지번 오리역세권 분당포스빌 오피스텔 옆 도로(매립추정),20040531,127.1074616,37.340298,57.076
S,HH구미-0581-1,0.8,B,성남시 분당구 구미동 7-1번지 건물 뒤 도로,20040531,127.1067676,37.3494984,54.528
S,HH금곡-0244-1,1.4,A,성남시 분당구 금곡동 132번지 관리사무소 뒤 보도,20181031,127.1151793,37.3530569,48.5
S,HH수내-0575-2,0.5,A,성남시 분당구 수내동 5-4지번 수내역 한원빌딩 옆 보증보도,20020430,127.1176439,37.3798575,36.92
R,HH구미-0588-1,0.6,B,성남시 분당구 구미동 275지번 베스티아 주차장 입구 도로,19970731,127.1264113,37.3431124,91.354
R,HH구미-0389-1,0.4,A,성남시 분당구 구미동 187-1 오리역 한솔체리빌 오피스텔 옆 횡단보도 내,19951231,127.1102713,37.3397324,54.418
R,HH구미-0387-1,1.2,A,성남시 분당구 구미동 181번지 별관 뒤 녹지,19970731,127.1113163,37.3406033,54.585
S,HH서현-6551-2,0.5,A,성남시 분당구 서현동 245-2번지 서현역 인근 보람코아 주차장 앞,20140805,127.1257032,37.3862585,33.593
S,HH수내-0574-1,0.9,A,성남시 분당구 수내동 5-1지번 수내역 WMC(세계복음협회)빌딩 입구 앞 도로,20040530,127.1173361,37.3802083,36.55
R,HH분당-0272-3,0.7,B,성남시 분당구 분당동 50번지 (주택단지 내 청구1차빌라 경비실 옆 보도),19951130,127.1340019,37.3707623,57.5412
R,HH금곡-0676-2,0.2,A,동양 프라자 옆 보도,20201228,127.1111045,37.3505492,52.451
S,HH금곡-0676-2,0.2,A,동양 프라자 옆 보도,20201228,127.1111106,37.3505455,52.416
S,HH정자-0170-1,1.4,A,성남시 분당구 정자동 141 정든마을 동아APT 102동 앞 놀이터 내,20100331,127.1198075,37.3600437,72.109
R,HH분당-0619-1,1.2,B,성남시 분당구 분당동 45번지 (주택단지 내 동아빌라 내 경비실 맞은편 녹지),19951130,127.1336701,37.3711185,56.99
S,HH구미-0303-1,1.2,B,성남시 분당구 구미동 77번지 이화유치원 입구,19951231,127.1175595,37.3510723,51.38
R,HH구미-0346-1,0.9,B,성남시 분당구 구미동 144-4번지 옆 사거리 보도,19970731,127.1121036,37.3456917,53.001
R,HH서현-0191-4,0.7,B,성남시 분당구 서현동 265-5번지 서현역 국민은행 앞 보도,19951130,127.1221144,37.3832595,34.556
R,HH수내-0701-1,0.5,A,성남시 분당구 수내동 85지번 푸른마을 수내3동주민센터 입구 옆 도로,20180806,127.1260191,37.3666125,65.804
R,HH단대-0014-1,0.4,A,훼미리웰딩아파트 성남서중학교 사이 도로,20211028,127.1545125,37.447903,72.413
R,HH단대-0015-1,0.2,A,단대동 진로아파트 102동 뒤 보도,20210920,127.1561485,37.4505983,0.0
R,HH정자-0149-1,0.7,A,성남시 분당구 정자동 193 정든마을 한진APT 8단지 내 분당유치원 내 놀이터,20060331,127.1171857,37.3597725,71.63
R,HH서현-0626-1,0.6,A,성남시 분당구 서현동 319번지 효자촌 양영 초등학교 뒤 창고 옆 보도,20080331,127.1403092,37.3745636,51.157
R,HH서현-0125-1,0.8,A,성남시 분당구 서현동 92번지 서현1동 시범단지 현대아파트 427동 뒤 녹지,20100331,127.1294082,37.3791104,52.4
R,HH이매-0059-2,1.2,A,성남시 분당구 이매동 133번지 두산/삼호아파트 408동옆,20081031,127.1213779,37.4010788,33.83
R,HH정자-0560-1,1.4,A,성남시 분당구 정자동 97-4지번 정자역 두산위브제니스타워~플라리스빌딩 사이 보증보도 휀스 밑,20030530,127.1075763,37.3700712,41.01
R,HH수내-0304-3,0.7,B,성남시 분당구 수내동 88-5지번 주택단지 내 장터프라자 주차장 옆 보도,19951130,127.1274088,37.3666487,69.18
R,HH수내-0301-1,0.7,A,성남시 분당구 수내동 87-2 주택단지 내 동국대학교 분당한방병원 입구 옆 녹지,19951130,127.1276924,37.3672859,66.64
S,HH구미-0345-1,1.2,B,성남시 분당구 구미동 144-4 하얀마을 하나빌딩 앞 보도,19980930,127.1117606,37.3457395,54.034
S,HH분당-0025-2,1.0,A,스카이빌앞 버스정류장,20200901,127.1445536,37.3707716,62.657
S,HH수내-0389-1,1.2,A,성남시 분당구 수내동 24지번 양지마을 한양APT 517동 뒤 녹지,20120331,127.1151379,37.3744306,40.21
S,HH분당-0620-1,0.9,A,성남시 분당구 분당동 35지번 샛별마을 동성APT 208동 옆 녹지,20100331,127.1327512,37.3717739,53.83
R,HH정자-0646-1,0.6,A,성남시 분당구 정자동 108지번 한솔마을 LGAPT 207동 옆 보증보도,20140303,127.1213919,37.3661229,65.271
R,HH구미-0655-1,0.5,A,성남시 분당구 구미동 9-1번지 미용실 앞 인입,20140930,127.1079818,37.348923,59.145
S,HH구미-0312-1,0.4,A,성남시 분당구 구미동 82번지 102동 옆 녹지,20010430,127.1198547,37.3501328,51.5511
R,HH수내-0425-1,0.2,A,"성남시 분당구 수내동 40-5 수내역 재규어,랜드로버(자동차매장) 옆 도로",20020430,127.1148657,37.379378,37.09
S,HH수내-0490-1,0.5,A,성남시 분당구 수내동 40-5 수내역 한조(식당)~메디파크약국 사이 도로,20160510,127.112931,37.3778766,36.524
S,HH서현-0712-1,1.0,A,시범단지한양아파트 306동옆,20200806,127.1266686,37.3801058,0.0
S,HH수내-0639-2,0.7,A,성남시 분당구 수내동 3-1 펀스테이션 옆 보증보도,20080401,127.117731,37.3809431,37.09
S,HH야탑-0184-1,0.5,A,성남시 분당구 야탑동 330번지 동부코오롱APT 124동 뒤 도로,20080331,127.1247717,37.4152168,29.48
S,HH구미-0314-1,1.0,A,성남시 분당구 구미동 82번지 106동 옆 녹지,20010430,127.1198555,37.3494462,51.9056
S,HH수내-0356-1,0.2,A,성남시 분당구 수내동 51 파크타운 내정초등학교 옆 보도,20100331,127.1221291,37.3735711,44.3988
R,HH수내-0355-1,1.9,A,성남시 분당구 수내동 51 파크타운 대림APT 104동 놀이터 옆 담밑 녹지,20100331,127.1235016,37.3734927,45.0
S,HH수내-0366-1,0.7,A,성남시 분당구 수내동 51 파크타운 대림APT 107동 옆 녹지,20100331,127.1206439,37.3736367,44.52
R,HH구미-0496-1,2.0,B,경기도 성남시 구미동 244번지 102동 뒤 녹지,19951231,127.1253303,37.3412976,90.28
R,HH구미-0472-4,1.3,B,성남시 분당구 구미동 225번지 상가 앞 보도,19951231,127.121245,37.3396042,64.491
R,HH구미-0414-1,1.3,A,성남시 분당구 구미동 202번지 205동 뒤 녹지,20080331,127.1143785,37.3378982,56.33
R,HH야탑-0340-1,1.5,A,성남시 분당구 야탑동 156번지 목련마을 영남APT 관리사무소 뒤 기계실 환기구 뒤,20100331,127.1464361,37.405556,56.19
S,HH수내-0582-1,1.4,A,성남시 분당구 수내동 16-3번지 수내역 코포모타워 빌딩 앞 보도,20040531,127.1137077,37.377267,38.08
R,HH구미-0304-2,2.0,A,성남시 분당구 구미동 77번지 106동 옆 녹지,20081031,127.1175916,37.3513957,50.99
S,HH정자-0092-4,1.1,B,성남시 분당구 정자동 97-3지번 정자역 동양파라곤 입구 앞 보증보도,19951231,127.1065534,37.370031,41.93
S,HH서현-0168-1,1.5,A,성남시 분당구 서현동 91번지 서현1동 한양아파트 327동 옆 녹지,20081031,127.1228059,37.3816419,42.05
R,HH구미-0465-2,0.4,A,성남시 분당구 구미동 213번지 놀이터 밖 보도,19951231,127.1189286,37.3368933,64.801
S,HH수내-0649-1,0.5,B,성남시 분당구 수내동 126-2지번 푸른마을 수내3동주민센터 앞 2차선 도로,19951130,127.12585,37.3666635,68.2
S,HH구미-0444-1,0.8,A,성남시 분당구 구미동 201번지 희소유치원 보도,20100331,127.1146921,37.3385932,54.41
R,HH구미-0439-1,0.7,A,성남시 분당구 구미동 205-8번지 뒤 보도,19970731,127.1168386,37.3374024,56.218
R,HH야탑-0138-2,0.6,A,야탑동 탑마을 선경110동,20220331,127.1210319,37.4077202,31.716
S,HH야탑-0138-2,0.6,A,야탑동 탑마을 선경110동,20220331,127.1210264,37.4077138,31.729
S,HH야탑-0105-2,1.9,A,야탑동 탑마을 타워빌301동,20220408,127.1280964,37.4097112,30.658
R,HH야탑-2851-1,0.5,A,성남시 분당구 야탑동 270번지 매화마을화성빌라702동703동사이보도,19951231,127.140438,37.4118041,51.02
S,HH수내-0387-1,0.2,A,양지마을 한양아파트 525동옆,20200806,127.1169146,37.3726238,0.0
R,HH이매-0531-1,0.8,A,성남시 분당구 이매동 132지번 태영A305동앞,20200305,127.1214216,37.4047736,29.574
S,HH금곡-0252-1,0.2,B,성남시 분당구 금곡동 141번지 대원8단지아파트 내 즐거운유치원 데크아래,19951231,127.1116179,37.3516019,52.44
R,HH구미-0511-1,1.2,A,성남시 분당구 구미동 278-1 무지개마을 빌라드와이 측구 보도,20140805,127.1261278,37.343255,89.029
S,HH구미-0487-1,1.1,A,무지개마을 라이프아파트 인입,20200117,127.1231705,37.3421839,79.871
S,HH성남-0533-1,1.1,A,아리스타시티 오피스텔 인입,20201228,127.1287167,37.4294611,0.0
R,HH정자-0032-1,1.2,A,정자동 한솔초등학교 내,20211229,127.1180125,37.3670784,63.183
R,HH서현-0686-1,0.7,A,성남시 분당구 서현동 245-2번지 서현역 보람코아 주차장 출구 앞 도로,20140805,127.125812,37.3861614,33.756
S,HH야탑-0144-1,0.2,A,성남시 분당구 야탑동 537-4번지 우당프라자 입구 우측 건물사이,19980930,127.1219707,37.4087054,29.42
S,HH금곡-0240-1,1.3,A,성남시 분당구 금곡동 133지번 청솔마을 주공9단지아파트 관리사무소 앞 녹지,20081031,127.1139338,37.3524544,50.65
R,HH금곡-0243-1,1.0,A,성남시 분당구 금곡동 133번지 903동 앞 통행로,20081031,127.1147292,37.3528835,49.49
S,HH구미-0438-1,0.4,A,성남시 분당구 구미동 204-3 무지개마을 하나프라자 농협 앞 보도,19980930,127.1163552,37.3367551,58.914
R,HH구미-0441-1,0.6,A,성남시 분당구 구미동 205-1번지 파리바케트 앞 보도,19970731,127.1163339,37.3378188,54.157
S,HH도촌-0470-1,1.5,A,성남시 중원구 도촌동 704번지 섬마을 휴먼시아5단지APT 관리사무소 좌측 정자좌측 녹지,20100331,127.1568033,37.4160477,59.8557
R,HH야탑-0223-1,1.5,B,성남시 분당구 야탑동 170-2번지 가나안 복지재단 뒤쪽 입구,19931231,127.1434983,37.4085012,54.15
R,HH분당-0261-3,0.2,B,성남시 분당구 분당동 53지번 주택단지 내 쌍용빌라 쓰레기장 내,19951130,127.1358098,37.3703794,58.2488
R,HH구미-0528-2,1.3,B,성남시 분당구 구미동 297-1 정문 앞,19951231,127.1237984,37.3482478,160.407
S,HH서현-0612-2,0.5,A,성남시 분당구 서현동 259-1번지 서현역 마사회 앞 도로 2차선,20160510,127.1209608,37.3867982,33.186
R,HH야탑-0524-2,0.8,A,성남시 분당구 야탑동 262지번 야탑청소년수련관앞,20200305,127.1420591,37.4098508,56.482
R,HH정자-0160-1,0.7,A,성남시 분당구 정자동 192지번 정든마을 신화APT 508동 옆 도로,19951231,127.1174803,37.3629436,68.65
S,HH여수-0494-1,1.7,A,성남시 중원구 여수동 587번지 여수산들마을2단지 APT 201동 맞은편 옥토교회 삼거리 도로,20121025,127.1373314,37.4178151,40.416
S,HH수내-0538-2,1.7,A,성남시 분당구 수내동 44 수내동 44 분당천법면,20200305,127.117466,37.3821756,32.293
R,HH수내-0538-2,1.7,A,성남시 분당구 수내동 44 수내동 44 분당천법면,20200305,127.1174645,37.3821688,32.481
R,HH수내-0539-1,1.7,A,성남시 분당구 수내동 44 수내동 44 초림교밑교각,20200305,127.11744,37.3823988,30.186
S,HH금곡-0578-1,1.0,A,성남시 분당구 금곡동 165번지 오피스텔2 옆 보도,20020430,127.1079794,37.3504242,52.964
S,HH서현-0140-1,1.2,A,서현동 분당올림픽스포츠센터,20220313,127.1290935,37.3811648,49.863
S,HH구미-0510-1,0.7,B,"성남시 분당구 구미동 278-1번지 빌라드와이, 제일8단지 사이 진입도로",20180607,127.1247856,37.3427496,83.803
R,HH정자-0612-1,0.6,A,성남시 분당구 정자동 96-2지번 정자역 분당현대아이파크 3단지 옆 도로,20060614,127.1057737,37.3693543,41.82
S,HH구미-0287-2,1.4,A,성남시 분당구 구미동 66번지 310동 앞 보도,20140805,127.1138179,37.3492999,51.3492
S,HH금곡-0547-1,1.3,A,성남시 분당구 금곡동 172번지 청솔마을 서광영남아파트 입구 머릿돌 앞 보도,20030530,127.1064373,37.3513458,51.24
S,HH수내-0378-1,2.0,A,성남시 분당구 수내동 28-4 양지마을 하나이엔지 앞 보도,19980930,127.1190175,37.3742882,40.43
R,HH야탑-0279-1,0.6,A,성남시 분당구 야탑동 300지번 한국유치원내 녹지(3동사무소 인근),19980930,127.1364695,37.4112856,56.22
S,HH구미-0326-1,0.8,A,성남시 분당구 구미동 88번지 208동 옆 녹지,20181031,127.1181351,37.3472072,52.27
R,HH구미-0325-1,1.8,A,성남시 분당구 구미동 92번지 뒤편 보도,20100331,127.1192291,37.3474544,50.167
S,HH수내-0395-1,1.5,A,성남시 분당구 수내동 24지번 양지마을 한양APT 513동 뒤 보도,20140805,127.114433,37.3748573,38.8388
S,HH수내-0396-1,1.7,A,성남시 분당구 수내동 24 양지마을 한양APT 506동 뒤 주차장,20140805,127.1139057,37.375032,38.31
R,HH수내-0398-1,2.0,A,성남시 분당구 수내동 24지번 양지마을 한양APT 511동 앞 녹지,20140805,127.1145014,37.3759545,40.45
S,HH구미-0307-1,1.8,A,성남시 분당구 금곡동 80번지 가동 옆 화단 내,20080331,127.1183721,37.3507473,49.406
R,HH구미-0302-1,1.2,A,성남시 분당구 구미동 77번지 107동 앞 도로,20081031,127.1173149,37.3508239,51.423
S,HH구미-0301-1,1.8,B,성남시 분당구 구미동 77번지 상가 뒤 단지내 도로,20080331,127.1169241,37.3496343,51.71
S,HH야탑-0529-2,1.6,A,야탑역 BYC 뒤 주차장 입구 도로,20201228,127.1294841,37.4110755,28.888
S,HH야탑-0192-1,0.3,A,"SEC#53 장미마을현대아파트 (809동,810동 사이 단지내 도로)",20221010,127.1302169,37.4162157,31.227
R,HH구미-0413-1,1.3,A,성남시 분당구 구미동 202번지 204동 놀이터 옆 보도,20080331,127.1135448,37.3377536,55.7
R,HH구미-0412-1,1.1,A,성남시 분당구 구미동 202번지 201동 옆 녹지,20080331,127.1143884,37.3373183,57.26
S,HH수내-0380-1,1.0,A,성남시 분당구 수내동 36지번 양지마을 청구APT 212동 뒤 주차장 입구,20120331,127.1204031,37.3751441,40.38
S,HH구미-0460-1,1.0,A,성남시 분당구 구미동 220번지 402동 옆 보도,20180806,127.117616,37.3399723,53.082
S,HH구미-0459-1,1.4,A,성남시 분당구 구미동 221 무지개마을 청구아파트 내 성지유치원 계단 앞,20081031,127.1177825,37.3383885,55.91
S,HH단대-0014-1,0.4,A,훼미리웰딩아파트 성남서중학교 사이 도로,20211028,127.1545194,37.4479024,72.436
R,HH수내-0303-1,0.5,A,성남시 분당구 수내동 87-3 주택단지 내 수내그린프라자 옆 보도,20180806,127.1276146,37.3668801,65.565
S,HH정자-0109-2,0.6,B,성남시 분당구 정자동 96-1지번 정자역 광장~젤존타워3 사이 도로,19951231,127.107575,37.3656471,40.23
S,HH이매-0001-1,0.9,A,성남시 분당구 이매동 124번지 이매촌 한신아파트 209동 뒤 녹지,20081031,127.1265314,37.3880615,36.97
R,HH수내-0430-2,1.5,A,성남시 분당구 수내동 16-7번지 수내역 한솔 인피니티 오피스텔 앞 보도,20170810,127.1124618,37.3764078,36.039
S,HH이매-0057-1,2.0,A,성남시 분당구 이매동 136번지 매송초교정문 안쪽 화단,20180804,127.1223337,37.4012968,30.499
R,HH이매-0007-1,1.1,B,성남시 분당구 이매동 117번지 이매촌 동신아파트 303동 옆 벽면 화단,20060331,127.1276468,37.3899216,37.24
S,HH정자-0038-1,0.7,A,성남시 분당구 정자동 115지번 한솔고등학교 운동장 옆 보증보도 휀스 밑,20180806,127.1161658,37.3662492,56.146
S,HH서현-0493-1,0.9,A,효자촌 대우아파트 세화유치원옆,20200806,127.1369415,37.3714669,0.0
R,HH구미-0616-1,0.3,A,성남시 분당구 구미동 248번지 주차장입구 앞 도로,20071231,127.1272939,37.3416394,100.688
S,HH구미-0649-1,1.3,A,성남시 분당구 구미동 276 무지개마을 분당대우빌라로얄카운티이스트 담장 내(매립),19970731,127.1267473,37.3428955,93.954
R,HH분당-0024-1,0.8,A,성남시 분당구 분당동 138번지 월드메르디앙빌라 옆 횡단보도,20150805,127.1439306,37.3703156,62.32
S,HH수내-0339-1,1.3,A,성남시 분당구 수내동 76지번 푸른마을 쌍용APT 503동 앞 보도,20180806,127.1227564,37.3689394,57.492
S,HH수내-0334-1,0.9,A,성남시 분당구 수내동 76지번 푸른마을 쌍용APT 505동 옆 녹지,20180806,127.1235809,37.3689389,59.234
R,HH수내-0399-2,1.3,A,성남시 분당구 수내동 38-2지번 양지마을 한양APT 단지 입구 옆 보도,20140805,127.1155532,37.3766419,38.54
R,HH수내-0402-1,2.2,A,성남시 분당구 수내동 38 양지마을 금호상가 쓰레기장 내,20100331,127.1171596,37.3764027,40.29
S,HH구미-0321-1,0.8,B,성남시 분당구 구미동 82번지 108동 옆 녹지,19951231,127.118954,37.3486332,49.571
R,HH이매-0108-1,1.5,A,성남시 분당구 이매동 132번지 아름마을 건영아파트 111동 옆 상가 뒤 보도,20081031,127.1211018,37.4037462,33.26
S,HH수내-0358-1,1.6,A,성남시 분당구 수내동 24지번 양지마을 한양APT 528동 앞 보도,20140805,127.1157547,37.3758982,39.8095
S,HH구미-0504-1,1.5,B,성남시 분당구 구미동 265지번 무지개마을 현대타운하우스빌라 B동 뒤 녹지,19970731,127.1269427,37.3405205,101.873
R,HH구미-0431-1,1.4,A,성남시 분당구 구미동 212번지 단지 상가 내,19951231,127.1187479,37.3360256,67.38
S,HH정자-0117-1,1.3,B,성남시 분당구 정자동 169-1지번 정자역 아데나팰리스 A동 앞 보도,19951231,127.1078994,37.3603645,41.99
S,HH정자-0567-1,0.2,A,성남시 분당구 정자동 168-1지번 정자역 대림아크로텔 오피스텔 옆 보도,20040531,127.1073024,37.3632899,42.503
R,HH분당-0052-1,0.8,A,장안 건영아파트 인입,20201013,127.1398239,37.3702676,60.349
R,HH구미-0494-1,0.4,B,성남시 분당구 구미동 251번지 경비실 앞,19970731,127.125404,37.3403256,89.25
S,HH구미-0497-1,0.5,A,성남시 분당구 구미동 245번지 주차장입구 도로,20140805,127.125363,37.341443,87.0
S,HH야탑-2751-1,0.0,A,성남시 분당구 야탑동 307지번 야탑3동사무소 좌측 건너편 녹지,19931231,127.1379548,37.4105384,47.07
S,HH정자-0654-2,0.5,A,성남시 분당구 정자동 26지번 정자역 4번출구 구두수선소 옆 보도,20140805,127.1078813,37.3665357,42.28
S,HH구미-0530-1,0.6,B,성남시 분당구 구미동 297-1번지 본관 앞,20000331,127.1230775,37.3481668,80.61
S,HH이매-0531-1,0.8,A,성남시 분당구 이매동 132지번 태영A305동앞,20200305,127.1214126,37.4047774,29.591
S,HH이매-0044-2,1.2,A,이매동 풍림상가 앞 보도,20220518,127.1232396,37.395881,32.381
R,HH수내-0489-1,0.5,A,성남시 분당구 수내동 40-5 수내역 짬뽕타임24시 앞 삼거리 도로,20160510,127.115727,37.3789223,35.655
R,HH수내-0419-1,0.4,A,성남시 분당구 수내동 8-7지번 수내역 호텔JJ 입구 옆 보증보도,20010430,127.1156723,37.3795196,36.73
S,HH구미-0580-1,1.0,A,성남시 분당구 구미동 8-2번지 미도프라자 옆 보도,20020430,127.1079724,37.3496057,56.058
S,HH구미-0411-6,1.0,B,성남시 분당구 구미동 202지번 무지개마을 LG아파트 동은유치원 내 놀이방,19951231,127.1133173,37.3371696,58.37
S,HH구미-0410-1,0.3,A,성남시 분당구 구미동 202번지 207동 경비실 앞 보도,20080331,127.1145492,37.3371613,57.68
S,HH수내-0321-1,0.6,A,성남시 분당구 수내동 77지번 푸른마을 수내초등학교 철봉 밖 보도,19951130,127.1241121,37.3671321,66.4398
R,HH정자-0638-2,0.2,A,성남시 분당구 정자동 178-1 네이버 빌딩 앞 사거리 도로,20100324,127.1058944,37.3598001,43.492
R,HH구미-0613-1,0.3,A,성남시 분당구 구미동 8-1번지 할리스커피 앞 보도,20060614,127.1074306,37.3498784,54.305
R,HH금곡-0576-1,0.4,A,성남시 분당구 금곡동 202지번 하우스토리 101동 옆 보증보도 사이,20020430,127.1052472,37.3513254,51.731
S,HH금곡-0575-1,1.0,B,성남시 분당구 금곡동 208번지 주차장입구 도로,20020430,127.105403,37.3515182,51.406
R,HH구미-0489-1,1.8,A,성남시 분당구 구미동 240번지 관리사무소 옆 보도,20180607,127.1241756,37.3410251,77.719
R,HH구미-0499-3,2.1,B,성남시 분당구 구미동 249번지 빌라 내 녹지,19951231,127.1264018,37.3413362,94.658
R,HH수내-0400-1,1.8,A,성남시 분당구 수내동 38-2 양지마을 청구상가 옆 도로,20100331,127.1164831,37.3770523,40.49
S,HH구미-0367-1,1.0,A,성남시 분당구 구미동 110번지 501동 옆,20081031,127.1174247,37.3459852,52.3204
R,HH구미-0366-1,1.3,B,성남시 분당구 구미동 110번지 기계실 환기구 옆,20181031,127.11739,37.3452097,53.62
R,HH금곡-0614-2,1.2,B,성남시 분당구 금곡동 210 코오롱트리폴리스 C동 옆 도로,20060331,127.105471,37.3513397,50.939
R,HH정자-0674-1,1.2,A,성남시 분당구 정자동 4-6지번 한국잡월드 건물뒤 녹지,20110315,127.1059116,37.3789445,47.625
R,HH정자-0061-1,1.0,A,성남시 분당구 정자동 122지번 상록마을 우성APT 희언유치원 내 녹지,20100331,127.1111478,37.3652916,47.29
S,HH구미-0309-1,1.2,A,성남시 분당구 구미동 80번지 다동 뒤 녹지,19951231,127.1185209,37.3502686,51.63
S,HH분당-0045-1,0.8,A,성남시 분당구 분당동 91번지 장안초등학교 뒤 인도,20100331,127.1444774,37.3725328,58.79
S,HH정자-0601-2,0.6,A,성남시 분당구 정자동 185-1지번 정자역 대명제스트빌딩 입구 옆 도로,20050614,127.1075352,37.3643836,40.57
S,HH서현-0678-1,0.9,A,시범단지현대아파트 현대유치원,20200806,127.1298551,37.3778518,0.0
S,HH서현-0095-2,0.6,A,성남시 분당구 서현동 298-3번지 서현2동 창인프라자 앞 보도,20180607,127.1338183,37.3768784,48.878
S,HH수내-0578-1,0.8,A,성남시 분당구 수내동 7-9지번 수내역 대덕글로리 빌딩 앞 보증보도,20040531,127.1163724,37.3798989,36.86
R,HH수내-0577-1,0.9,A,성남시 분당구 수내동 7-9지번 수내역 영성라벤더 빌딩 앞 보증보도,20040531,127.1162357,37.3799182,36.86
R,HH구미-0417-1,0.4,B,성남시 분당구 구미동 203-1 편의점 앞 보도,19951231,127.1158692,37.3379711,53.103
S,HH여수-0510-1,1.0,A,성남시 중원구 여수동 602번지 여수산들마을2단지 APT 204동 옆 녹지,20121025,127.1374578,37.4191597,43.832
S,HH구미-0318-1,1.2,A,성남시 분당구 구미동 88번지 202동 앞 보도,20181031,127.1170621,37.3476961,52.06
S,HH구미-0317-1,0.6,A,성남시 분당구 구미동 88번지 209동 옆 보도,20181031,127.117427,37.3469007,51.83
S,HH구미-0320-1,1.0,A,"성남시 분당구 구미동 88번지 주공2단지아파트 204, 205동 주차장",20081031,127.1179241,37.3481779,52.05
R,HH구미-0319-1,0.9,A,성남시 분당구 구미동 88번지 하늘교회 앞,20181031,127.1172381,37.3482321,51.73
S,HH구미-0298-1,1.1,A,성남시 분당구 구미동 66번지 313동 앞 보도,20100331,127.1155997,37.3499773,51.8
R,HH구미-0520-1,0.1,A,구미동 다원빌리지 내 보도,,127.1257891,37.3442129,95.625
S,HH구미-0520-1,0.1,A,구미동 다원빌리지 내 보도,,127.1257933,37.3442145,95.641
S,HH서현-0139-1,0.42,A,경기도 성남시 분당구 서현동 289-4번지,20230527,127.1298668,37.380641,50.118
R,HH구미-0695-1,0.4,A,성남시 분당구 구미동 305-1 삼익파크빌라 맞은편 삼정타운하우스 주차장 입구 앞 보도,20240531,127.1270071,37.3412331,99.985
R,HH구미-0424-1,0.9,A,성남시 분당구 구미동 211 무지개마을 1단지 대림아파트 101동 서편 벽체 옆 녹지,20230909,127.1169693,37.3355351,67.043
R,HH야탑-0540-2,1.0,A,SEC#30 성남터미널 하나은행앞 버스정류장도로,20230527,127.1286444,37.4114055,29.654
S,HH구미-0368-1,0.8,A,성남시 분당구 구미동 110번지 주공5단지아파트 관리사무소 옆,20081031,127.1172368,37.3460053,52.05
S,HH구미-0416-3,0.3,A,성남시 분당구 구미동 203-1 입구 앞 보도,19951231,127.1154372,37.3375825,54.013
R,HH정자-0647-2,1.4,A,성남시 분당구 정자동 189-12 한솔마을 주공APT 504동 뒤 단지 밖 보도,20140930,127.1188584,37.3645035,67.607
S,HH구미-0500-1,0.5,B,성남시 분당구 구미동 248지번 무지개마을 삼익파크빌라 내 녹지,19970731,127.1269613,37.3414084,100.084
S,HH구미-0523-1,1.0,A,성남시 분당구 구미동 293번지 802동 화단 내,19980930,127.1260605,37.3452477,108.1419
R,HH구미-0419-1,0.6,B,성남시 분당구 구미동 202지번 무지개마을 LG아파트 207동 옆 하모니마트 뒤 도로,19951231,127.1154445,37.3373573,54.322
S,HH구미-0422-1,0.5,B,성남시 분당구 구미동 211번지 103동 옆 단지 밖 보도,19951231,127.1165797,37.3363635,59.404
R,HH정자-0161-1,0.5,B,성남시 분당구 정자동 192지번 정든마을 신화APT 예쁜유치원 뒤 녹지\,19951231,127.1170542,37.3624217,69.77
S,HH금곡-0206-1,1.0,A,성남시 분당구 금곡동 180지번 청솔마을 화인유천2단지 아파트 208동 옆 녹지,20100331,127.106199,37.3536421,50.79
R,HH구미-0358-1,1.7,A,성남시 분당구 구미동 115번지 오리초 옆 녹지,20180607,127.1147958,37.3446466,51.921
R,HH분당-0293-2,1.4,A,성남시 분당구 분당동 39지번 샛별마을 삼부APT 408동 뒤 보증보도,20100331,127.1288187,37.3714209,54.2437
R,HH정자-0587-1,0.7,A,성남시 분당구 정자동 95-2지번 분당정자청소년 수련관 입구 옆 화단사이,20040531,127.1067822,37.3725492,40.7821
S,HH정자-0125-1,1.5,A,성남시 분당구 정자동 124지번 상록마을 라이프APT 관리사무소 앞 보도,20100331,127.1114353,37.3622841,50.74
S,HH여수-0450-1,0.7,A,성남시 중원구 여수동 200번지 성남시청 (성남시청 인근),20200305,127.1271442,37.4185546,27.871
R,HH여수-0450-1,0.7,A,성남시 중원구 여수동 200번지 성남시청 (성남시청 인근),20200305,127.1271393,37.4185526,27.828
S,HH정자-0055-1,1.3,A,성남시 분당구 정자동 112지번 한솔마을한솔마을 주공APT 510동 앞 녹지,20100331,127.1182311,37.3656522,67.88
S,HH정자-0190-1,1.5,B,성남시 분당구 정자동 181번지 407동 놀이터 옆 녹지,19951231,127.1080305,37.3572471,46.4041
S,HH금곡-0205-4,1.7,B,성남시 분당구 금곡동 180번지 208동 옆 사거리 보도,19951231,127.1061438,37.3536628,47.853
S,HH서현-0162-1,0.3,A,성남시 분당구 서현동 87번지 시범단지 삼성.한신아파트 122동 앞 단지 내 보도,20180607,127.1261856,37.3844842,41.485
S,HH정자-0175-1,0.8,B,성남시 분당구 정자동 198지번 정든마을 우성APT 6단지 신양유치원 내 옆 녹지,19951231,127.1212912,37.361498,78.94
R,HH서현-0174-1,2.6,A,성남시 분당구 서현동 91번지 서현1동 한양아파트 307동 옆 녹지,20180806,127.1252226,37.3793994,48.717
R,HH야탑-0541-2,1.0,A,SEC#30 성남터미널 우리은행앞 버스정류장도로,20230527,127.1286709,37.4112405,29.727
S,HH정자-0011-1,0.3,A,SEC#58 한솔아파트 (한솔마을3단지한일아파트 301동 진입로 인근 보도),20210421,127.1211206,37.3669388,62.118
S,HH수내-0330-1,1.1,A,성남시 분당구 수내동 75 푸른마을 쌍용APT 401동 옆 화단,20160804,127.1245673,37.3694106,58.544
R,HH정자-0663-1,0.7,A,성남시 분당구 정자동 76지번 느티마을 주택단지 내 백현초등학교 내 뒤 보도,20100331,127.1111158,37.3724093,40.17
S,HH구미-0503-1,1.2,A,성남시 분당구 구미동 266-1번지 주차장 옆 보도 오르막,20150805,127.1268582,37.34104,98.723
S,HH분당-0636-1,0.7,A,성남시 분당구 분당동 61-2번지 (주택단지 내 한솔빌라 내 보도),20010430,127.1363449,37.368381,69.84
R,HH정자-0054-1,0.9,A,성남시 분당구 정자동 112지번 한솔마을한솔마을 주공APT 505동 뒤 주차장 도로,20100331,127.1180215,37.3648412,66.16
S,HH수내-0350-6,2.0,B,성남시 분당구 수내동 53지번 파크타운 돌고래상가 지하주차장 출구 도로,19931231,127.1216642,37.3712313,52.3546
R,HH여수-0504-1,0.5,A,성남시 중원구 여수동 205번지 신야탑푸리지오상가앞보도(성남시청인근),20140930,127.1270752,37.4170365,28.231
R,HH정자-0597-1,0.5,B,성남시 분당구 정자동 97-1지번 정자역 분당클리닉 입구 앞 도로,20040531,127.107147,37.3705747,40.73
R,HH정자-0596-1,0.7,B,성남시 분당구 정자동 15-3지번 정자역 플라리스빌딩 앞 보도,20040531,127.1071783,37.370198,41.16
R,HH구미-0442-1,0.5,B,성남시 분당구 구미동 205-1번지 파리바케트 앞 보도,19970731,127.1163388,37.3378391,54.336
S,HH구미-0445-1,1.1,A,성남시 분당구 구미동 201번지 312동 옆 보도,20100331,127.1147654,37.3388547,54.4
S,HH이매-0106-1,1.5,A,성남시 분당구 이매동 132번지 아름마을 건영 한성 아파트 206동 앞,20081031,127.121829,37.4029728,31.58
R,HH이매-0082-1,0.8,A,성남시 분당구 이매동 99번지 이매촌 삼환아파트 1108동 옆 꾸러기 유치원,20081031,127.125589,37.4038591,32.14
S,HH여수-0528-1,1.1,A,여수동 어반스퀘어 앞 보도,20201228,127.1272418,37.4170563,27.891
S,HH야탑-0527-2,0.8,A,성남시 분당구 야탑동 264-1지번 포레스트하우스앞,20200305,127.1424116,37.4097121,56.53
S,HH야탑-0524-2,0.8,A,성남시 분당구 야탑동 262지번 야탑청소년수련관앞,20200305,127.142065,37.4098501,56.476
S,HH금곡-0198-1,1.6,A,성남시 분당구 금곡동 181번지 한별유치원 옆 녹지,20100331,127.1067374,37.3551644,48.95
S,HH구미-0486-1,1.2,A,성남시 분당구 분당동 242번지 라이프아파트 상가,20100331,127.123341,37.34196,76.13
S,HH구미-0485-1,1.4,A,성남시 분당구 구미동 242번지 라이프아파트,20160804,127.1233392,37.3416885,73.589
R,HH성남-0533-1,1.1,A,아리스타시티 오피스텔 인입,20201228,127.1287228,37.4294576,0.0
S,HH이매-0038-2,1.2,A,이매동 코오롱스포렉스,20220518,127.1234233,37.395135,31.904
S,HH야탑-0515-2,1.5,A,성남시 분당구 야탑동 330번지 장미마을 동부코오롱 APT 113동 옆 여수천 법사면,20170810,127.127945,37.4143221,25.164
R,HH정자-0114-4,0.6,A,성남시 분당구 정자동 186-3지번 정자역 아데나루체~엠코헤리츠 사이 보증보도,19951231,127.1066898,37.3616893,43.93
R,HH수내-0491-1,0.5,A,성남시 분당구 수내동 40-5 수내역농협~알파문고 사이 도로,20160510,127.1134616,37.3774192,36.762
R,HH수내-0432-1,1.5,B,성남시 분당구 수내동 40-5번지 수내역 그린프라자 농협 입구 옆 도로,19980930,127.1132769,37.3775657,37.9
R,HH수내-0534-1,1.7,A,성남시 분당구 수내동 20-7 수내역 경원빌딩(한조) 앞 보증보도,20170810,127.1131218,37.377612,35.949
R,HH수내-0431-1,0.4,A,성남시 분당구 수내동 20-7 수내역 경원빌딩 한조음식점 옆 보증보도,19980930,127.1130977,37.3776743,37.9511
R,HH구미-0271-1,0.5,B,성남시 분당구 구미동 16 구미도서관 옆 대순진지회 건물 화단 내(소화전 앞),19951231,127.1082487,37.3457521,63.484
R,HH정자-0026-1,0.6,A,성남시 분당구 정자동 101지번 한솔마을 주공APT 7단지 출입구 옆 녹지,20100331,127.1157365,37.3684722,48.82
R,HH정자-0023-1,1.3,A,성남시 분당구 정자동 101지번 한솔마을 주공APT 706동 뒤 녹지,20100331,127.1159167,37.3686311,49.3083
S,HH구미-0333-1,0.3,A,성남시 분당구 구미동 146번지 2동 경비실 옆 보도,20140805,127.1098521,37.3455751,60.105
S,HH구미-0335-1,0.6,B,성남시 분당구 구미동 147번지 한전박스 앞 보도,19951231,127.109776,37.3447094,59.388
S,HH구미-0380-2,0.4,A,성남시 분당구 구미동 172번지 담장 밖 보도,19951231,127.104777,37.3398238,58.308
R,HH금곡-0213-1,1.2,B,성남시 분당구 금곡동 207번지 입구 옆 보도,19970731,127.1053905,37.3520595,51.8988
R,HH수내-0316-1,1.5,B,성남시 분당구 수내동 74지번 푸른마을 신성APT 404동 옆 놀이터 내,19931231,127.1260635,37.3677523,64.73
R,HH구미-0640-1,2.4,A,성남시 분당구 구미동 222번지 1003동 옆 녹지,20140805,127.1224023,37.3389506,71.681
S,HH정자-0648-1,0.5,A,성남시 분당구 구미동 206지번 KT꿈나무 어린이집 앞 도로,20140930,127.1142225,37.3598242,62.395
S,HH구미-0644-1,1.1,A,성남시 분당구 구미동 278-1번지 구미동 빌라드 와이 인입,20120331,127.1256041,37.3430391,88.941
S,HH서현-0137-1,1.4,A,성남시 분당구 서현동 96번지 서현1동 시범단지 우성아파트 202동 옆 녹지,20100331,127.1307765,37.3815315,51.88
S,HH정자-0664-1,0.4,A,성남시 분당구 정자동 104-3 한솔마을 주공4단지 입구 앞 도로,20160510,127.1193282,37.3692976,50.958
S,HH구미-0300-1,1.1,A,성남시 분당구 구미동 77번지 상가 옆 보도,20081031,127.1164668,37.3495923,51.31
R,HH야탑-0147-2,0.6,A,성남시 분당구 야탑1동 351번지 차병원 뒤쪽 주차장 입구 옆 도로,20190510,127.1246136,37.4102552,28.051
R,HH구미-0392-3,0.3,A,성남시 분당구 구미동 187-5 오리역 노블빌리지 오피스텔 105동 뒤 보도,19951231,127.1113984,37.339763,54.115
R,HH구미-0391-1,0.5,A,성남시 분당구 구미동 187-1번지 체리빌오피스텔 앞 보도,20010430,127.1103691,37.3395685,55.867
S,HH구미-0651-2,0.8,B,성남시 분당구 구미동 205-1지번 무지개사거리 오성프라자 앞 횡단보도 내,20140805,127.1162811,37.3379004,53.193
R,HH구미-0587-1,0.8,A,성남시 분당구 구미동 300 서울대병원 장례식장 입구 도로(주차 차단기 전),20040531,127.1246343,37.3472404,88.7
R,HH금곡-0548-1,0.6,B,성남시 분당구 금곡동 158 미금역세권 미도프라자 주차장 입구,20030530,127.109811,37.3509878,52.059
R,HH구미-0310-1,1.2,A,성남시 분당구 구미동 80번지 다동 뒤 녹지,19951231,127.1188655,37.3507424,51.8
R,HH서현-0641-1,0.7,A,성남시 분당구 서현동 257번지 서현역 우체국 내 녹지,20100331,127.1232919,37.3870965,33.164
R,HH여수-0494-1,1.7,A,성남시 중원구 여수동 587번지 여수산들마을2단지 APT 201동 맞은편 옥토교회 삼거리 도로,20121025,127.1373355,37.417809,40.399
R,HH서현-0003-4,1.6,A,성남시 분당구 서현동 92번지 서현1동 시범단지 현대아파트 422동 옆,19931231,127.1317518,37.3778602,52.49
R,HH서현-0239-2,1.0,A,성남시 분당구 서현동 255-2번지 서현역 분당재생병원 본관 뒤 녹지,20140805,127.1222047,37.3882575,34.64
S,HH정자-0628-1,0.7,B,성남시 분당구 정자동 96-1 정자역 백궁지엔느 앞 횡단보도,20040331,127.1059764,37.3708557,41.48
S,HH정자-0626-1,0.7,B,성남시 분당구 정자동 96-1 정자역 백궁지엔느~동양파라곤 사이도로,20040331,127.1059785,37.3705205,41.52
S,HH분당-0637-1,0.6,A,성남시 분당구 분당동 61-1번지 (주택단지 내 석류빌라 내 보도),20010430,127.1364339,37.3686494,69.22
S,HH정자-0053-1,1.3,A,성남시 분당구 정자동 112지번 한솔마을주공APT 5단지 테니스장 옆 녹지,20180806,127.1186648,37.3645695,67.576
S,HH이매-0058-2,1.6,A,성남시 분당구 이매동 133번지 두산/삼호아파트 419동앞,20081031,127.122708,37.4008167,33.67
R,HH구미-0378-1,1.5,A,성남시 분당구 구미동 111번지 205동 앞 보도,20120331,127.1173642,37.3428869,55.1
R,HH구미-0577-1,0.7,A,"성남시 분당구 구미동 77 까치마을 대우,롯데,선경1단지아파트 106동 앞",20100331,127.1174795,37.351128,51.47
S,HH수내-0372-4,0.7,B,성남시 분당구 수내동 28-2지번 양지마을 양지프라임빌딩 앞 보도,19931231,127.11912,37.3736663,40.87
S,HH정자-0049-1,1.5,A,성남시 분당구 정자동 112지번 한솔마을 주공APT 503동 앞 녹지,20180806,127.1170794,37.3642391,65.07
R,HH수내-0341-1,1.0,A,성남시 분당구 수내동 52지번 파크타운 서안APT 114동 뒤 녹지,20100331,127.124381,37.3715742,53.32
S,HH수내-0349-1,0.8,A,"성남시 분당구 수내동 53지번 파크타운 서안APT 140,141동 주차장 입구 앞 도로",20100331,127.1224564,37.371792,52.4267
S,HH수내-0343-1,1.7,A,성남시 분당구 수내동 52지번 파크타운 서안APT 109동 옆 녹지,20100331,127.1244646,37.3724985,51.81
S,HH수내-0351-1,1.5,A,성남시 분당구 수내동 54 파크타운 삼익APT 119동 앞 보도,20080331,127.1209876,37.3702567,53.53
R,HH수내-0329-1,0.5,A,성남시 분당구 수내동 72지번 푸른마을 벽산APT 201동 옆 보도,20100331,127.1249963,37.3698442,61.28
R,HH정자-0087-1,1.1,A,성남시 분당구 정자동 121지번 상록마을 우성APT 311동 뒤 보도,20160804,127.1134987,37.3655109,50.821
R,HH구미-0641-1,1.4,A,성남시 분당구 구미동 293번지 무지개마을 청구빌라 801동 옆 도로(대광사 인입밸브),19951231,127.1260423,37.3457945,104.98
R,HH서현-0474-1,2.5,A,성남시 분당구 서현동 260-5번지 서현역 피아자코코빌딩 앞,20010430,127.1223461,37.3863878,34.98
R,HH서현-0472-1,0.7,A,성남시 분당구 서현동 261-4번지 서현역 메이트 호텔 입구 앞 보도,20121025,127.121744,37.3863041,34.128
S,HH서현-0710-1,0.6,A,성남시 분당구 서현동 281-2지번 롯데마트옆,20200305,127.1211978,37.3861016,34.142
S,HH서현-0711-1,0.7,A,성남시 분당구 서현동 261-3지번 카인드호텔앞,20200305,127.1211876,37.3862252,33.662
R,HH야탑-0105-2,1.9,A,야탑동 탑마을 타워빌301동,20220408,127.1280997,37.4097164,30.207
R,HH이매-0044-2,1.2,A,이매동 풍림상가 앞 보도,20220518,127.123236,37.3958876,32.428
R,HH이매-0049-1,0.8,A,성남시 분당구 이매동 141번지 아름마을 풍림아파트 514동옆,20081031,127.1216073,37.398198,33.64
R,HH이매-0048-6,0.6,B,성남시 분당구 이매동 141번지 이매유치원옆 화단,19931231,127.1224522,37.397662,33.2
R,HH구미-0491-1,0.5,A,성남시 분당구 구미동 243번지 803동 담장 밖 보도,20180607,127.1246985,37.3408831,81.95
S,HH야탑-0341-1,1.7,A,성남시 분당구 야탑동 156번지 목련마을 영남APT 502동 옆 보증보도,20100331,127.1462328,37.4060177,56.21
R,HH서현-0164-1,1.4,A,성남시 분당구 서현동 91번지 서현1동 한양아파트 333동 옆 단지 입구 도로,20140805,127.1242194,37.3827997,43.95
R,HH정자-0627-1,0.3,A,성남시 분당구 정자동 96-1지번 정자역 백궁지엔느~동양파라곤 사이도로 중앙선,20030530,127.1059519,37.3706158,41.56
S,HH정자-0632-1,0.5,A,성남시 분당구 정자동 8-4지번 정자역 태남프라자 주차장 입구 앞 보도,20040530,127.1060269,37.3713315,41.2588
S,HH이매-0111-1,1.2,A,성남시 분당구 이매동 132번지 아름마을 태영아파트 305동 뒤 녹지,20081031,127.1214868,37.4043597,31.88
R,HH수내-0573-1,1.2,A,성남시 분당구 수내동 4-3지번 수내역 두산위브센티움2동 입구 옆 보도,20040530,127.1166669,37.3807339,36.37
R,HH정자-0623-1,0.7,A,성남시 분당구 정자동 14-1지번 정자역 동양파라곤아파트 103동~104동 옆 보도,20040531,127.1060539,37.3696587,41.93
S,HH정자-0619-1,0.7,A,성남시 분당구 정자동 96-1지번 정자역 젤존타워1 옆 도로,20040531,127.1061979,37.3684787,42.31
R,HH구미-0584-1,0.5,A,성남시 분당구 구미동 187-3번지 세종그랑시아2 앞 보도,20040531,127.1103782,37.3390483,54.183
R,HH이매-0083-1,1.0,A,성남시 분당구 이매동 99번지 이매촌 삼환아파트 1104동 앞 인도,20081031,127.126936,37.4044643,32.0519
R,HH서현-0711-1,0.7,A,성남시 분당구 서현동 261-3지번 카인드호텔앞,20200305,127.1211878,37.3862296,33.701
S,HH서현-0699-1,0.7,A,성남시 분당구 서현동 281-2지번 롯데마트옆,20200305,127.1209732,37.3863343,33.696
R,HH서현-0699-1,0.7,A,성남시 분당구 서현동 281-2지번 롯데마트옆,20200305,127.1209734,37.3863406,33.721
S,HH야탑-0273-2,1.3,A,성남시 분당구 야탑동 213-2지번 중탑초교후문,20200305,127.1400184,37.4134615,41.442
S,HH구미-0499-3,2.1,B,성남시 분당구 구미동 249번지 빌라 내 녹지,19951231,127.1263997,37.3413391,94.622
R,HH정자-0088-1,0.4,A,성남시 분당구 정자동 97-4지번 정자역 두산위브제니스타워~플라리스빌딩 사이 보증보도,20020430,127.107836,37.3700826,40.7794
R,HH금곡-0544-1,0.5,A,성남시 분당구 금곡동 202지번 하우스토리 103동 앞 도로,20030530,127.1053324,37.3523208,51.043
S,HH야탑-0377-1,3.2,A,성남시 분당구 야탑동 147번지 목련마을 SK아파트 601동 뒤 놀이터 사이길,19931231,127.1545303,37.4057792,75.47
S,HH분당-0293-2,1.4,A,성남시 분당구 분당동 39지번 샛별마을 삼부APT 408동 뒤 보증보도,20100331,127.1288251,37.3714167,54.2502
R,HH야탑-0246-1,0.9,A,성남시 분당구 야탑2동 518번지 탑마을주공8단지A808동앞주차장,20100331,127.1346342,37.4085143,37.37
S,HH서현-0131-1,0.4,A,성남시 분당구 서현동 96번지 서현1동 시범단지 우성아파트 단지 홍하유치원 내 녹지,19931231,127.131915,37.3800445,52.85
S,HH야탑-0366-2,0.7,B,성남시 분당구 야탑동 151번지 분당테크노파크 D동 진입 도로,19931231,127.1502858,37.404856,70.75
S,HH정자-0044-1,0.63,A,"성남시 분당구 정자동 116-2지번 한솔마을 주공APT 5,6단지 관리사무소 옆 보증보도",20120331,127.1167904,37.3649432,63.1954
R,HH정자-0453-1,0.8,A,성남시 분당구 정자동 29지번 느티마을 경남/선경빌라 관리사무소 앞 도로,19951231,127.1116171,37.3734827,40.01
R,HH구미-0291-2,1.2,A,성남시 분당구 구미동 63번지 406동 옆 녹지,20100331,127.1129181,37.3474341,54.55
S,HH구미-0331-1,0.4,A,성남시 분당구 구미동 146 하얀마을 서울그린빌 2동 옆 횡단보도(미금사거리),20180607,127.1092794,37.3457527,61.69
S,HH야탑-0233-1,0.9,A,성남시 분당구 야탑동 514-4지번 프리아 오피스텔 입구 좌측 보도(돌마초교 인근),20020430,127.1307162,37.4096507,32.41
S,HH야탑-0416-1,0.5,A,성남시 분당구 야탑동 219-1번지 아델파크 오피스텔 좌측 앞 보도,20050614,127.1434784,37.412732,47.22
R,HH금곡-0241-1,1.0,A,성남시 분당구 금곡동 131지번 청솔초등학교 뒤 주차장(인입),20080331,127.1138125,37.3543546,46.737
S,HH야탑-0232-1,1.6,B,성남시 분당구 야탑2동 512지번 동아빌라 입구 경비실 옆 녹지(돌마초교 인근),19931231,127.1294659,37.4084827,31.21
R,HH정자-0182-1,0.7,A,성남시 분당구 정자동 220지번 정든마을 분당중앙고등학교 내 뒤 보도,20100331,127.1241151,37.3607755,84.979
S,HH분당-0274-1,0.1,A,성남시 분당구 분당동 44-1번지 주택단지 내 건영옴니빌라 입구 옆 도로,20010430,127.1331056,37.3707495,56.343
S,HH분당-0273-1,1.0,A,성남시 분당구 분당동 44-3지번 주택단지 내 정다운빌라 입구 앞 도로,20010430,127.1332047,37.3704371,56.784
R,HH분당-0273-1,0.61,A,성남시 분당구 분당동 44-3지번 주택단지 내 정다운빌라 입구 앞 도로,20010430,127.1332088,37.3704417,56.782
S,HH분당-0271-1,0.5,A,성남시 분당구 분당동 44-4번지 주택단지 내 화목빌라 내 보도,20010430,127.1334067,37.3699843,58.799
R,HH분당-0271-1,0.51,A,성남시 분당구 분당동 44-4번지 주택단지 내 화목빌라 내 보도,20010430,127.1334144,37.3699836,58.802
S,HH분당-0072-1,1.35,A,성남시 분당구 분당동 70번지 장안건영아파트 126동 테니스장 옆 녹지,20160804,127.1404597,37.3698695,59.656
R,HH분당-0072-1,1.35,A,성남시 분당구 분당동 70번지 장안건영아파트 126동 테니스장 옆 녹지,20160804,127.1404602,37.3698742,59.589
S,HH분당-0286-2,0.7,A,성남시 분당구 분당동 34지번 샛별마을 라이프APT 108동 옆 도로,20060331,127.1304811,37.3736161,46.63
R,HH분당-0286-2,0.7,A,성남시 분당구 분당동 34지번 샛별마을 라이프APT 108동 옆 도로,20060331,127.1304779,37.3736201,46.649
R,HH분당-0281-2,1.0,A,성남시 분당구 분당동 34지번 샛별마을 라이프APT 입구 옆 보도,20100331,127.1313537,37.3743142,45.677
S,HH분당-0281-2,1.0,A,성남시 분당구 분당동 34지번 샛별마을 라이프APT 입구 옆 보도,20100331,127.1313585,37.3743118,45.675
S,HH분당-0276-2,0.6,A,성남시 분당구 분당동 44-1번지 주택단지 내 건영옴니빌라 뒤 횡단보도 앞 보도,20060331,127.1330628,37.3713441,52.839
R,HH분당-0276-2,0.6,A,성남시 분당구 분당동 44-1번지 주택단지 내 건영옴니빌라 뒤 횡단보도 앞 보도,20060331,127.133072,37.3713461,52.869
R,HH분당-0277-1,0.8,A,성남시 분당구 분당동 44-1번지 주택단지 내 건영옴니빌라 뒤 큰길 옆 보도,19931231,127.1327019,37.3711572,53.082
S,HH분당-0277-1,0.8,A,성남시 분당구 분당동 44-1번지 주택단지 내 건영옴니빌라 뒤 큰길 옆 보도,19931231,127.1326994,37.3711592,53.128
S,HH서현-0068-1,0.7,B,성남시 분당구 서현동 311번지 효자촌 미래타운 B 상가 옆 인도,19931231,127.138447,37.3724591,51.824
R,HH서현-0068-1,0.6,B,성남시 분당구 서현동 311번지 효자촌 미래타운 B 상가 옆 인도,19931231,127.138449,37.3724573,51.843
R,HH정자-0661-1,0.7,A,성남시 분당구 정자동 186-6지번 정자역 엠코헤리츠 4단지 주차장 입구 옆 도로,20160510,127.1070373,37.3620029,43.544
S,HH야탑-0205-1,1.2,A,성남시 분당구 야탑1동 366-1번지 관보빌딩 후문 앞 택시승강장,20180806,127.1295134,37.4114912,28.963
S,HH정자-0635-1,0.9,A,성남시 분당구 정자동 22지번 정자역 국립국제교육원 입구 옆 보도,20160510,127.1058221,37.3671863,41.991
S,HH여수-0464-1,0.6,A,성남시 중원구 여수동 200번지 동부코오롱아파트139동 맞은편 성남시청녹지앞 보도,20100324,127.1244777,37.4171713,27.36
R,HH서현-0112-1,0.7,A,성남시 분당구 서현동 96번지 시범단지 우성아파트 216동 옆 녹지,20100331,127.1349118,37.3793199,55.37
R,HH정자-0099-1,0.2,A,성남시 분당구 정자동 98-3지번 정자역 글로리아 모텔 앞 도로,20010430,127.1069006,37.3675013,43.17
S,HH정자-0659-1,0.7,A,성남시 분당구 정자동 186-6지번 정자역 엠코헤리츠 3단지 주차장 입구 옆 도로,20160510,127.1070388,37.3623892,43.391
R,HH정자-0045-1,0.7,B,성남시 분당구 정자동 117-2지번 한솔마을 주공APT 6단지 입구 상가 뒤 보도,19951231,127.1152532,37.364785,60.53
S,HH정자-0016-1,0.7,A,성남시 분당구 정자동 102지번 한솔마을 주공APT 416동 앞 주차장 도로,20100331,127.118651,37.3690222,54.0999
R,HH구미-0411-6,1.0,B,성남시 분당구 구미동 202지번 무지개마을 LG아파트 동은유치원 내 놀이방,19951231,127.1133219,37.3371695,58.37
S,HH여수-0488-1,1.5,A,성남시 중원구 여수동 600번지 여수센트럴타운3단지 APT 319동 맞은편 상가 코너 보도,20121025,127.1307209,37.4188671,32.193
R,HH야탑-0301-1,1.8,A,성남시 분당구 야탑동 211번지 매화마을주공4단지아파트관리사무소주차장,20060331,127.1418572,37.4134212,44.07
R,HH이매-0041-1,1.3,A,성남시 분당구 이매동 142번지 아름마을 선경아파트603동 기계실옆,20081031,127.1218422,37.3957516,34.21
R,HH야탑-0300-1,1.8,B,성남시 분당구 야탑동 211번지 매화마을 주공4단지APT 407동 앞 좌측 주차장,20060331,127.1430818,37.4132345,43.78
R,HH구미-0440-1,0.5,A,"성남시 분당구 구미동 205-1번지 오성, 국민프라자 사이 보도",19970731,127.1163961,37.3374283,56.154
R,HH정자-0127-2,0.7,A,성남시 분당구 정자동 189-7지번 상록마을 라이프APT UCiC어린이집 앞 보도,19951231,127.1120644,37.3617553,51.099
S,HH서현-0481-1,0.9,A,성남시 분당구 서현동 312-5번지 미래타운B상가 범한프라자 옆 청소년 문화센타 주차장 입구,20030530,127.1395955,37.3721698,51.724
R,HH서현-0481-1,0.85,A,성남시 분당구 서현동 312-5번지 미래타운B상가 범한프라자 옆 청소년 문화센타 주차장 입구,20030530,127.1395976,37.3721735,51.723
S,HH서현-0069-4,0.8,B,성남시 분당구 서현동 311번지 효자촌 미래타운 범한프라자 뒤 보도,19931231,127.1391415,37.371872,52.057
R,HH서현-0069-4,0.65,B,성남시 분당구 서현동 311번지 효자촌 미래타운 범한프라자 뒤 보도,19931231,127.1391378,37.3718758,52.013
S,HH분당-0255-1,0.5,A,성남시 분당구 분당동 61-4번지 (주택단지 내 하나빌라 입구 안 보도),20010430,127.1356813,37.3681483,68.361
R,HH분당-0255-1,0.48,A,성남시 분당구 분당동 61-4번지 (주택단지 내 하나빌라 입구 안 보도),20010430,127.1356798,37.3681533,68.433
R,HH분당-0251-1,0.51,A,성남시 분당구 분당동 62-2번지 (주택단지 내 쌍용예술빌라 입구 옆 녹지),19951130,127.1364983,37.3683027,69.35
S,HH분당-0251-1,0.2,A,성남시 분당구 분당동 62-2번지 (주택단지 내 쌍용예술빌라 입구 옆 녹지),19951130,127.136497,37.368304,69.32
R,HH분당-0635-1,1.35,B,성남시 분당구 분당동 63-9번지 (주택단지 내 그린빌라 옆 도로),19951130,127.1352322,37.3687021,61.477
R,HH분당-0252-1,0.21,A,성남시 분당구 분당동 60-8번지 (주택단지 내 한화프레스티지빌라 앞 보도),19951130,127.1356385,37.3680189,69.373
S,HH분당-0252-1,0.3,A,성남시 분당구 분당동 60-8번지 (주택단지 내 한화프레스티지빌라 앞 보도),19951130,127.1356363,37.3680208,69.362
S,HH분당-0614-1,0.7,B,성남시 분당구 분당동 60-7번지 (주택단지 내 그룹가빌라 입구 옆 보도),19961130,127.1361736,37.3678821,70.665
S,HH분당-0253-1,0.9,A,성남시 분당구 분당동 60-6번지 (주택단지 내 아름빌라 맞은편 도로),20100331,127.1363501,37.367937,70.799
R,HH분당-0253-1,0.96,A,성남시 분당구 분당동 60-6번지 (주택단지 내 아름빌라 맞은편 도로),20100331,127.1363516,37.3679405,70.877
S,HH분당-0615-1,0.5,B,성남시 분당구 분당동 60-5번지 (주택단지 내 공간빌라 입구 보도),19961130,127.1367533,37.3678259,73.06
R,HH분당-0615-1,0.43,B,성남시 분당구 분당동 60-5번지 (주택단지 내 공간빌라 입구 보도),19961130,127.1367561,37.3678254,73.081
S,HH수내-0580-1,0.9,A,성남시 분당구 수내동 16-7번지 수내역 한솔 인피니티 오피스텔 개 용품점 앞 보도,20040531,127.1127207,37.3765601,38.52
R,HH수내-0576-1,0.5,A,성남시 분당구 수내동 6-2지번 수내역 그라테아 빌딩 입구 옆 보도,20040531,127.1171264,37.3797395,36.83
R,HH구미-0639-1,0.6,A,성남시 분당구 구미동 188번지 엠타워 주차장입구 도로,20090506,127.1102819,37.3377392,53.175
R,HH수내-0585-2,0.5,A,성남시 분당구 수내동 16-10번지 수내역 로얄팰리스하우스빌 뒤 보증보도,20040531,127.112428,37.376292,38.52
R,HH이매-0113-1,0.3,A,성남시 분당구 이매동 132번지 아름마을 태영 아파트 305동 좌측진입 도로,20081031,127.1214395,37.4047227,30.88
R,HH구미-0422-1,0.5,B,성남시 분당구 구미동 211번지 103동 옆 단지 밖 보도,19951231,127.1165757,37.3363655,59.379
S,HH서현-0105-1,1.3,A,성남시 분당구 서현동 301번지 서현2동 효자촌 삼환아파트 511동 옆 인도,20100331,127.1353612,37.3739724,52.32
R,HH서현-0146-1,1.6,A,성남시 분당구 서현동 87번지 시범단지 삼성아파트 110동 옆 주차장,20100331,127.1293757,37.3837987,49.44
R,HH야탑-0342-1,1.5,A,성남시 분당구 야탑3동 161번지 상탑초교후문안주차장끝,20100331,127.1463315,37.4063434,54.66
S,HH수내-0435-2,2.2,A,성남시 분당구 수내동 20-7 수내역 동현프라자~세인프라자 사이 보증보도,20170810,127.1120961,37.3768918,35.579
S,HH분당-0688-1,1.4,A,성남시 분당구 분당동 72번지 대진고 뒤 보증보도(녹지),20180806,127.1393261,37.3692069,63.439
S,HH정자-0623-1,0.7,A,성남시 분당구 정자동 14-1지번 정자역 동양파라곤아파트 103동~104동 옆 보도,20040531,127.1060481,37.369655,41.93
R,HH서현-0073-1,2.0,A,성남시 분당구 서현동 323번지 대명빌라 101동 뒤 녹지,19951130,127.1414816,37.3738923,57.9
R,HH야탑-0371-1,0.8,A,성남시 분당구 야탑3동 151번지 테크노파크E동건물앞,20100331,127.152052,37.4042551,85.74
S,HH수내-0394-1,0.8,A,성남시 분당구 수내동 24지번 양지마을 한양APT 관리사무소(분당고 옆) 옆 보도,20140805,127.1148907,37.375296,38.97
R,HH정자-0657-1,0.6,A,성남시 분당구 정자동 96-3지번 정자역 정자1동 주민센터 옆 도로,20140303,127.1056165,37.3633703,42.555
S,HH도촌-0471-1,1.2,A,성남시 중원구 도촌동 704번지 섬마을 휴먼시아5단지APT 관리사무소 앞 보도,20100331,127.1570784,37.4159084,60.015
R,HH도촌-0471-1,1.2,A,성남시 중원구 도촌동 704번지 섬마을 휴먼시아5단지APT 관리사무소 앞 보도,20100331,127.1570757,37.4159063,60.015
R,HH분당-0471-1,0.3,A,성남시 분당구 분당동 63-1번지 (주택단지 내 한화빌라 앞 도로),20010430,127.1372435,37.3681828,71.046
S,HH분당-0471-1,0.4,A,성남시 분당구 분당동 63-1번지 (주택단지 내 한화빌라 앞 도로),20010430,127.1372476,37.3681895,71.022
R,HH분당-0254-1,0.43,B,성남시 분당구 분당동 60-6번지 (주택단지 내 아름빌라 맞은편 보도),19951130,127.13633,37.3679692,72.026
S,HH분당-0254-1,0.5,B,성남시 분당구 분당동 60-6번지 (주택단지 내 아름빌라 맞은편 보도),19951130,127.1363251,37.3679694,71.965
S,HH분당-0256-1,0.9,B,성남시 분당구 분당동 60-9번지 (주택단지 내 삼성빌라 옆 도로),19970731,127.1350033,37.3685193,64.597
S,HH분당-0258-1,0.5,A,성남시 분당구 분당동 55번지 (주택단지 내 동신빌라 경비실 앞 보도),20160804,127.1360006,37.368962,62.127
R,HH분당-0260-3,0.63,B,성남시 분당구 분당동 56번지 (주택단지 내 벽산빌라 쓰레기장 뒤 녹지),19951130,127.1351454,37.3694782,61.316
S,HH분당-0260-3,0.6,B,성남시 분당구 분당동 56번지 (주택단지 내 벽산빌라 쓰레기장 뒤 녹지),19951130,127.1351428,37.3694804,61.316
S,HH분당-0638-3,0.8,B,성남시 분당구 분당동 65-7 주택단지 내 청구2차빌라 옆 보증보도 녹지,19951130,127.1350171,37.3700333,58.365
R,HH분당-0638-3,0.77,B,성남시 분당구 분당동 65-7 주택단지 내 청구2차빌라 옆 보증보도 녹지,19951130,127.1350131,37.3700315,58.411
R,HH분당-0267-1,0.7,A,성남시 분당구 분당동 49번지 주택단지 내 진로빌라 옆 보증보도 녹지,19951130,127.135045,37.3702315,57.634
S,HH분당-0267-1,0.7,A,성남시 분당구 분당동 49번지 주택단지 내 진로빌라 옆 보증보도 녹지,19951130,127.1350469,37.3702275,57.671
S,HH분당-0259-3,0.7,B,성남시 분당구 분당동 54지번 주택단지 내 현대맨숀 경비실 앞 녹지,19951130,127.1363785,37.3698708,58.345
R,HH분당-0259-3,0.6,B,성남시 분당구 분당동 54지번 주택단지 내 현대맨숀 경비실 앞 녹지,19951130,127.1363803,37.3698726,58.305
S,HH분당-0247-1,0.4,A,성남시 분당구 분당동 60-3번지 (주택단지 내 한울빌라 입구 옆 도로),20010430,127.1373778,37.3684225,68.755
R,HH분당-0247-1,0.4,A,성남시 분당구 분당동 60-3번지 (주택단지 내 한울빌라 입구 옆 도로),20010430,127.1373789,37.3684263,68.741
S,HH분당-0248-2,0.3,A,성남시 분당구 분당동 62-1번지 (주택단지 내 가람빌라 앞 도로),20160804,127.1371293,37.3685888,66.017
R,HH분당-0248-2,0.4,A,성남시 분당구 분당동 62-1번지 (주택단지 내 가람빌라 앞 도로),20160804,127.1371252,37.3685926,66.035
R,HH구미-0322-1,0.8,A,성남시 분당구 구미동 91번지 뒤편 주차장 내,20100331,127.1190005,37.3484242,50.888
R,HH서현-0058-1,1.6,A,성남시 분당구 서현동 310번지 618동 우측 화단 내,20081031,127.1368256,37.3703994,56.744
R,HH구미-0357-1,1.8,A,성남시 분당구 구미동 116번지 한양씨티빌 내 녹지,19951231,127.114845,37.3434908,54.74
R,HH분당-0647-1,0.8,A,성남시 분당구 분당동 92번지 풍림 아이원빌라 앞,20140805,127.1442562,37.3714748,61.21
R,HH서현-0166-1,0.7,A,성남시 분당구 서현동 91-1번지 서현고등학교 내 인도,20140805,127.1236446,37.3818927,46.13
S,HH구미-0374-1,0.75,A,SEC#39하얀마을그랜드빌411동301동사이 보도,20210330,127.118111,37.3446738,52.977
S,HH구미-0698-2,0.3,A,성남시 분당구 구미동 211번지 무지개마을 대림1단지아파트 관리사무소 건너 보도(우체통 옆),20230909,127.1170962,37.3353807,68.165
S,HH분당-0687-1,0.5,A,성남시 분당구 분당동 65-6지번 주택단지 현대맨숀 옆 사거리 보도,20160510,127.1368238,37.3694718,59.496
R,HH서현-0140-1,1.2,A,서현동 분당올림픽스포츠센터,20220313,127.1290899,37.381168,49.87
S,HH수내-0373-1,0.9,A,성남시 분당구 수내동 27지번 양지마을 금호APT 303동 밖 사거리 보도,20100331,127.1190029,37.3735415,40.95
R,HH수내-0412-1,0.4,A,성남시 분당구 수내동 6-6 수내역 동양트레빌 빌딩 앞 보도,19931231,127.1161583,37.3790343,36.91
R,HH구미-0278-1,0.9,B,성남시 분당구 구미동 25-2 엘레강스프라자 A동 주차장 내,19951231,127.111548,37.349595,53.33
R,HH이매-0025-1,1.2,A,이매동 청구613동,20220602,127.1275812,37.3929883,36.052
R,HH정자-0004-1,0.6,A,SEC#58 한솔아파트 (철쭉어린이공원 앞 공원내 보도),20210417,127.1218102,37.3664265,63.645
S,HH구미-0429-1,1.3,A,성남시 분당구 구미동 212번지 1208동 뒤 녹지,20080331,127.118808,37.3350849,72.79
S,HH구미-0531-1,0.7,A,성남시 분당구 구미동 278-1번지 주차장입구 도로,20180607,127.1251196,37.3423964,85.384
S,HH수내-0411-1,0.6,A,성남시 분당구 수내동 6-5지번 수내역 예미지 빌딩 앞 보도,20090506,127.1163253,37.3791621,36.97
S,HH분당-0017-1,0.6,B,성남시 분당구 분당동 90-10지번 태영 B/D뒤 보도,19970731,127.1430874,37.3704315,62.215
R,HH분당-0017-1,0.4,B,성남시 분당구 분당동 90-10지번 태영 B/D뒤 보도,19970731,127.1430893,37.3704327,62.215
S,HH분당-0000-1,0.7,Z,,,127.1426609,37.3693223,64.013
S,HH서현-0617-1,1.2,A,성남시 분당구 서현동 96번지 시범 우성아파트 216동 앞 녹지,20100331,127.1347976,37.378864,52.269
R,HH서현-0617-1,0.9,A,성남시 분당구 서현동 96번지 시범 우성아파트 216동 앞 녹지,20100331,127.1347956,37.3788702,52.321
R,HH이매-0023-1,1.6,A,성남시 분당구 이매동 123번지 이매촌 청구아파트 관리사무소옆,20140805,127.1270023,37.3917762,35.008
R,HH이매-0024-2,1.8,A,성남시 분당구 야탑3동 123번지 이매촌 청구아파트 611동옆,20100331,127.127799,37.392337,33.913
S,HH이매-0039-1,0.2,A,성남시 분당구 이매동 106-6번지 동신아파트내 장수빌딩옆,20020430,127.1274606,37.3988284,30.202
R,HH이매-0039-1,0.2,A,성남시 분당구 이매동 106-6번지 동신아파트내 장수빌딩옆,20020430,127.1274648,37.3988263,30.172
S,HH이매-0069-1,1.15,A,성남시 분당구 이매동 179번지 이매촌 동신아파트 입구 진입도로횡단보도(901동옆),20081031,127.1275427,37.3990111,29.029
R,HH이매-0069-1,1.15,A,성남시 분당구 이매동 179번지 이매촌 동신아파트 입구 진입도로횡단보도(901동옆),20081031,127.127545,37.3990143,29.051
R,HH이매-0065-1,0.9,A,성남시 분당구 이매동 110번지 동신아파트907동뒤 보도,20081031,127.1262635,37.3981142,30.094
S,HH이매-0065-1,0.9,A,성남시 분당구 이매동 110번지 동신아파트907동뒤 보도,20081031,127.1262685,37.3981135,30.014
R,HH이매-0066-1,0.7,A,성남시 분당구 이매동 110번지 동신아파트905동옆 도로,20081031,127.1274083,37.3978526,30.114
S,HH이매-0066-1,0.7,A,성남시 분당구 이매동 110번지 동신아파트905동옆 도로,20081031,127.1274076,37.3978568,30.133
R,HH이매-0027-1,2.2,A,성남시 분당구 이매동 116번지 이매촌 성지아파트 704동옆,20081031,127.127858,37.3939295,33.941
S,HH이매-0027-1,2.2,A,성남시 분당구 이매동 116번지 이매촌 성지아파트 704동옆,20081031,127.1278527,37.3939324,33.864
R,HH수내-0311-1,0.7,A,성남시 분당구 수내동 85지번 푸른마을 수내3동주민센터 입구 옆 도로,20180806,127.1260399,37.3666116,66.074
S,HH구미-0421-3,0.2,B,성남시 분당구 구미동 211번지 103동 옆 단지 밖 보도,19951231,127.1165592,37.3364733,59.824
R,HH서현-0611-2,0.6,A,성남시 분당구 서현동 259-1번지 서현역 마사회 앞 진성빌딩 앞 도로 1차선,20160510,127.1213108,37.3869831,33.104
S,HH구미-0336-1,1.0,B,성남시 분당구 구미동 148번지 경비실 옆 보도,19970731,127.1097997,37.3444947,59.28
S,HH서현-0129-1,0.5,A,성남시 분당구 서현동 250-4번지 서현역 금호리빙스텔 주차장 입구 보도,20180607,127.1239244,37.3862131,33.804
R,HH정자-0625-1,0.3,A,성남시 분당구 정자동 96-1지번 정자역 샹떼뷰르젠시 앞 도로 중앙선,20030530,127.1059525,37.3704096,41.65
S,HH수내-0328-1,1.0,A,성남시 분당구 수내동 71지번 푸른마을 벽산APT 104동 입구 옆 녹지,20100331,127.1251574,37.3706736,59.37
R,HH분당-0614-1,0.79,B,성남시 분당구 분당동 60-7번지 (주택단지 내 그룹가빌라 입구 옆 보도),19961130,127.1361768,37.3678824,70.714
R,HH분당-0000-1,0.7,Z,,,127.1426571,37.3693166,64.042
S,HH분당-0301-1,0.6,A,성남시 분당구 분당동 90-2번지 폴스 캐비넷(구.독수리 기독학교) 앞 보도,20010430,127.1433917,37.3701637,62.714
R,HH분당-0025-1,0.4,B,성남시 분당구 분당동 137지번 신명스카이빌라 옆 보도,19970731,127.1445506,37.3707756,61.813
S,HH서현-0085-1,1.7,A,성남시 분당구 서현동 292번지 효자촌 임광아파트 303동 계단 옆 녹지,20080331,127.1374391,37.3760045,50.852
S,HH분당-0473-1,1.0,A,성남시 분당구 분당동 109번지 분당 소망교회 뒤 녹지,20030530,127.1455428,37.3778953,78.126
R,HH야탑-0157-1,0.7,A,성남시 분당구 야탑1동 355-3번지 여성차병원 옆 보증보도,19980930,127.1265772,37.4109896,28.381
R,HH야탑-0173-1,1.05,A,성남시 분당구 야탑1동 344-1번지 코리아디자인쎈타주차장입구좌측보도,20071231,127.1239126,37.412948,26.815
R,HH서현-0180-1,0.7,B,성남시 분당구 서현동 247-2번지 서현역 대명코아 앞 인도,19931231,127.125462,37.3859353,33.647
R,HH이매-0068-1,1.0,A,성남시 분당구 이매동 110번지 이매촌 동신아파트 903동 옆,20081031,127.128015,37.3984984,30.208
S,HH이매-0068-1,1.0,A,성남시 분당구 이매동 110번지 이매촌 동신아파트 903동 옆,20081031,127.1280151,37.3985023,30.174
R,HH이매-0404-1,0.4,A,성남시 분당구 이매동 106-3번지 동신A 아거스 빌딩 내 농협 앞 보도,20030530,127.1262439,37.3990729,29.873
S,HH이매-0404-1,0.4,A,성남시 분당구 이매동 106-3번지 동신A 아거스 빌딩 내 농협 앞 보도,20030530,127.1262503,37.3990696,29.88
R,HH이매-0067-1,0.75,A,성남시 분당구 이매동 113번지 성남상공회의소옆 보도,20010430,127.1256751,37.3986429,30.165
S,HH이매-0067-1,0.75,A,성남시 분당구 이매동 113번지 성남상공회의소옆 보도,20010430,127.1256793,37.3986464,30.302
S,HH이매-0071-2,0.9,A,성남시 분당구 이매동 179번지 이매촌 동신아파트 901동 앞 도로(진입로),20081031,127.1275286,37.3990525,29.014
R,HH이매-0071-2,0.9,A,성남시 분당구 이매동 179번지 이매촌 동신아파트 901동 앞 도로(진입로),20081031,127.1275282,37.3990564,29.048
S,HH이매-0480-1,0.65,A,성남시 분당구 이매동 106-1번지 이매1동 장수빌딩 앞 도로,20080401,127.1273082,37.3991485,29.215
R,HH이매-0480-1,0.65,A,성남시 분당구 이매동 106-1번지 이매1동 장수빌딩 앞 도로,20080401,127.127303,37.3991534,29.235
R,HH이매-0075-1,1.25,A,성남시 분당구 이매동 109번지 주민센터 옆 골목,19931231,127.1269384,37.3996421,30.266
S,HH이매-0075-1,1.25,A,성남시 분당구 이매동 109번지 주민센터 옆 골목,19931231,127.1269437,37.3996448,30.24
S,HH이매-0076-1,1.1,A,성남시 분당구 이매동 104번지 KT분당지사 성남대로방향 쪽 녹지,20120331,127.1282465,37.3999178,30.686
S,HH서현-0680-1,0.9,A,성남시 분당구 서현동 299번지 서현2동 현대아파트 입구 111동 옆 아파트입구 횡단보도,20140805,127.1334551,37.3766067,48.851
R,HH서현-0680-1,0.9,A,성남시 분당구 서현동 299번지 서현2동 현대아파트 입구 111동 옆 아파트입구 횡단보도,20140805,127.1334555,37.3766133,48.813
R,HH분당-0301-1,0.6,A,성남시 분당구 분당동 90-2번지 폴스 캐비넷(구.독수리 기독학교) 앞 보도,20010430,127.1433873,37.3701606,62.713
S,HH분당-0016-1,0.3,A,성남시 분당구 분당동 141번지 신안시네하우스 뒤 보도,19970731,127.1452342,37.3686245,78.302
R,HH서현-0660-1,0.6,A,성남시 분당구 서현동 260-1번지 제일산부인과 지하 주차장입구 옆,20021130,127.1215652,37.387025,33.487
S,HH서현-0196-1,0.5,B,성남시 분당구 서현동 269-3번지 산호트윈스 건물 앞 보도,19980930,127.1218782,37.3839931,35.276
S,HH분당-0052-4,0.8,A,장안 건영아파트 인입,20201013,127.1398267,37.3702612,60.376
R,HH정자-0669-2,0.6,A,성남시 분당구 정자동 96-1 경기 성남시 분당구 정자동백궁동양파라곤앞도로,20200305,127.1069987,37.3684857,40.554
R,HH서현-0231-1,0.3,A,"성남시 분당구 서현동 276-2번지 서현역 우리교회 앞 보도 (R-화단 , S-보도)",19970731,127.1195598,37.3850446,34.819
R,HH대장-0016-1,0.9,A,대장동 판교오피스텔 101동 보도,20221011,127.0673134,37.362607,107.28
S,HH수내-0466-1,1.6,A,성남시 분당구 수내동 3 분당구청 ~ 잔디광장 사이 보증보도,20080331,127.1202534,37.3826992,34.508
R,HH하대-0001-1,0.4,A,성남소방서 앞,20220404,127.13621,37.4283046,36.218
R,HH서현-0065-1,1.8,A,성남시 분당구 서현동 308번지 서현2동 그린타운 LG아파트 606동 옆 녹지,20100331,127.1369301,37.3731559,51.59
R,HH분당-0467-1,0.42,A,성남시 분당구 분당동 60-6번지 (주택단지 내 아름빌라 입구 옆 보도),20010430,127.1365795,37.3678238,72.844
S,HH야탑-0185-2,0.2,A,SEC#41 여수천코오롱 (장미마을1단지 코오롱아파트 128동 앞 도로),20221005,127.1264282,37.4152488,29.903
S,HH서현-0226-1,0.6,A,성남시 분당구 서현동 272-6번지 한국폴리텍 대학 융합기술 교육원 앞 보도,19931231,127.1213945,37.385889,33.76
R,HH야탑-0125-1,0.6,A,성남시 분당구 야탑2동 533-3번지 동양프라자 입구 앞 보도,20100331,127.122162,37.4055808,28.817
S,HH야탑-0130-2,1.5,A,성남시 분당구 야탑2동 535번지 탑마을대우아파트212동뒤좌측녹지,20100331,127.1230663,37.4061234,28.946
S,HH야탑-0149-1,1.0,A,성남시 분당구 야탑1동 486번지 성남운동장 앞 사송교 삼거리,19980930,127.1207617,37.4129016,27.248
R,HH분당-0016-1,0.35,A,성남시 분당구 분당동 141번지 신안시네하우스 뒤 보도,19970731,127.1452417,37.3686235,78.306
S,HH분당-0470-1,1.0,A,성남시 분당구 분당동 90-6번지 바디작 휘트니스 건물 뒤 테라스 밑,20030530,127.1423506,37.3698801,62.382
R,HH분당-0470-1,1.0,A,성남시 분당구 분당동 90-6번지 바디작 휘트니스 건물 뒤 테라스 밑,20030530,127.142353,37.3698845,62.375
R,HH분당-0171-1,0.2,A,성남시 분당구 분당동 90-9번지 현대차서비스 옆 보도,20020430,127.1428702,37.3701901,62.424
S,HH분당-0171-1,0.2,A,성남시 분당구 분당동 90-9번지 현대차서비스 옆 보도,20020430,127.1428692,37.3701941,62.436
R,HH분당-0480-1,0.85,A,성남시 분당구 분당동 90-1번지 태현공원 앞 한일빌딩 홈플러스 앞 보도,20030530,127.1436066,37.3705461,61.456
S,HH분당-0480-1,0.8,A,성남시 분당구 분당동 90-1번지 태현공원 앞 한일빌딩 홈플러스 앞 보도,20030530,127.1436034,37.3705499,61.433
R,HH분당-0021-1,0.45,A,성남시 분당구 분당동 138번지 월드메르디앙빌라 앞 도로,20000331,127.1447806,37.3699458,66.69
S,HH분당-0021-1,0.5,A,성남시 분당구 분당동 138번지 월드메르디앙빌라 앞 도로,20000331,127.1447808,37.3699508,66.68
R,HH분당-0023-1,1.2,A,성남시 분당구 분당동 137번지 신명스카이빌라 내 녹지,20000331,127.1451824,37.3701283,66.831
S,HH분당-0023-1,1.3,A,성남시 분당구 분당동 137번지 신명스카이빌라 내 녹지,20000331,127.1451879,37.3701267,66.849
S,HH분당-0022-1,0.8,A,성남시 분당구 분당동 137번지 신명스카이빌라 옆 동문굿모닝힐 계단 앞 도로,20120331,127.1451156,37.3700181,66.654
R,HH분당-0022-1,0.8,A,성남시 분당구 분당동 137번지 신명스카이빌라 옆 동문굿모닝힐 계단 앞 도로,20120331,127.1451136,37.3700228,66.68
R,HH서현-0079-1,0.5,B,성남시 분당구 서현동 321번지 삼성교회 옆 도로,19931231,127.1391031,37.3755566,53.733
S,HH서현-0079-1,0.5,B,성남시 분당구 서현동 321번지 삼성교회 옆 도로,19931231,127.1391006,37.375559,53.675
S,HH서현-0074-1,0.2,A,성남시 분당구 서현동 316번지 효자촌 양영고교 후문 앞 보도,19951130,127.1402722,37.3744238,51.162
R,HH분당-0019-1,1.5,A,성남시 분당구 분당동 139번지 두앙노빌리티 옆 보증보도,20180607,127.144872,37.3692777,70.35
S,HH분당-0019-1,1.5,A,성남시 분당구 분당동 139번지 두앙노빌리티 옆 보증보도,20180607,127.1448727,37.3692821,70.384
S,HH야탑-0236-1,1.4,A,성남시 분당구 야탑2동 517번지 탑마을벽산아파트상가주자장앞녹지,20060331,127.1322289,37.408872,36.87
S,HH야탑-0237-1,0.8,A,성남시 분당구 야탑동 166번지 목련마을주공1단지APT110앞주차장,20180607,127.1393988,37.4085135,39.976
S,HH이매-0107-1,2.0,A,성남시 분당구 이매동 132번지 아름마을 건영아파트 111동 앞 녹지(기계실뒤),20081031,127.1208207,37.4037316,33.8261
S,HH구미-0418-1,0.9,B,성남시 분당구 구미동 203-1 신한은행 앞 보도,19951231,127.1159915,37.3378688,53.578
S,HH정자-0186-1,1.2,B,성남시 분당구 정자동 211번지 이마트 옆 녹지,19951231,127.119371,37.3584999,71.01
S,HH금곡-0209-1,1.0,B,성남시 분당구 금곡동 200번지 앞 보도,19951231,127.1059082,37.3532783,48.821
R,HH분당-0001-1,1.9,A,성남시 분당구 분당동 132번지 요한성당옆 화단 내,20000331,127.1477513,37.3687786,90.824
S,HH분당-0001-1,2.0,A,성남시 분당구 분당동 132번지 요한성당옆 화단 내,20000331,127.1477469,37.3687804,90.906
R,HH서현-0077-1,0.5,A,성남시 분당구 서현동 322번지 정도빌라 102동 앞 화단내,19951130,127.1393049,37.37584,55.906
S,HH서현-0077-1,0.5,A,성남시 분당구 서현동 322번지 정도빌라 102동 앞 화단내,19951130,127.1393079,37.375842,55.88
R,HH서현-0085-1,1.9,A,성남시 분당구 서현동 292번지 효자촌 임광아파트 303동 계단 옆 녹지,20080331,127.1374432,37.3760007,50.833
S,HH서현-0081-2,2.0,A,성남시 분당구 서현동 292번지 효자촌 임광아파트 301동 옆 보도 철팥 밑,20100331,127.1380168,37.3755367,50.906
R,HH서현-0081-2,1.4,A,성남시 분당구 서현동 292번지 효자촌 임광아파트 301동 옆 보도 철팥 밑,20100331,127.1380121,37.3755343,50.922
R,HH서현-0083-1,1.7,A,성남시 분당구 서현동 292번지 효자촌 임광아파트 315동 옆 도로,20100331,127.1378938,37.3756091,50.892
S,HH서현-0083-1,1.6,A,성남시 분당구 서현동 292번지 효자촌 임광아파트 315동 옆 도로,20100331,127.1378909,37.3756125,50.971
S,HH서현-0082-1,1.3,A,성남시 분당구 서현동 292번지 효자촌 임광아파트 315동 옆 녹지,20100331,127.1381888,37.3757921,53.689
R,HH서현-0084-1,1.5,A,성남시 분당구 서현동 292번지 효자촌 임광아파트 307동 앞 화단 내,20100331,127.1377524,37.3762431,54.788
S,HH서현-0084-1,1.6,A,성남시 분당구 서현동 292번지 효자촌 임광아파트 307동 앞 화단 내,20100331,127.1377488,37.3762473,54.768
S,HH서현-0630-1,1.1,A,성남시 분당구 서현동 320번지 백산오페라 하우스 앞 녹지,20040531,127.1387946,37.3748424,51.441
R,HH서현-0630-1,1.15,A,성남시 분당구 서현동 320번지 백산오페라 하우스 앞 녹지,20040531,127.1387952,37.3748461,51.56
R,HH서현-0080-1,0.4,A,성남시 분당구 서현동 320번지 서현2동 장미아파트(군인APT) 101동 옆 놀이터,19980930,127.1382172,37.375009,50.886
S,HH서현-0080-1,0.4,A,성남시 분당구 서현동 320번지 서현2동 장미아파트(군인APT) 101동 옆 놀이터,19980930,127.1382124,37.3750091,50.937
S,HH서현-0091-1,0.7,A,성남시 분당구 서현동 296번지 서현2동사무소 뒤 녹지,20120331,127.1347358,37.3760729,48.465
R,HH서현-0091-1,0.4,A,성남시 분당구 서현동 296번지 서현2동사무소 뒤 녹지,20120331,127.1347335,37.3760804,48.464
S,HH야탑-0505-1,0.5,A,성남시 분당구 야탑동 166번지 목련마을 주공1단지APT 101동 앞 진입 도로,20140930,127.1409073,37.4076884,44.642
R,HH수내-0625-1,1.7,B,성남시 분당구 수내동 38-2지번 양지마을 크리스탈빌딩 옆 도로,20020430,127.1154712,37.3768979,38.467
S,HH수내-0625-1,1.7,B,성남시 분당구 수내동 38-2지번 양지마을 크리스탈빌딩 옆 도로,20020430,127.1154764,37.3769006,38.466
S,HH도촌-0507-1,0.7,A,성남시 중원구 도촌동 578번지 정가오피스텔 앞 도로(놀부본사 인근),20170810,127.1510857,37.415435,50.612
S,HH도촌-0484-1,0.4,A,성남시 중원구 도촌동 571번지 파크 오피스텔 앞 보도,20110315,127.151965,37.4155368,53.081
S,HH수내-0360-1,0.8,A,성남시 분당구 수내동 56 파크타운 코끼리상가 옆 녹지,20190510,127.1204597,37.3725462,41.643
R,HH서현-0093-1,1.0,A,성남시 분당구 서현동 291번지 서현2동 효자촌 동아아파트 216동 옆도로,20100331,127.1348182,37.3765718,48.048
S,HH서현-0093-1,1.0,A,성남시 분당구 서현동 291번지 서현2동 효자촌 동아아파트 216동 옆도로,20100331,127.134816,37.3765763,48.043
S,HH서현-0092-6,0.3,B,성남시 분당구 서현동 296번지 사무소 뒤 녹지,19931231,127.1347543,37.376083,48.271
R,HH서현-0092-6,0.6,B,성남시 분당구 서현동 296번지 사무소 뒤 녹지,19931231,127.1347563,37.3760841,48.25
R,HH서현-0088-1,1.1,B,성남시 분당구 서현동 291번지 효자촌 동아아파트 209동 옆 인도,19931231,127.1362181,37.3776587,54.563
S,HH서현-0088-1,1.1,B,성남시 분당구 서현동 291번지 효자촌 동아아파트 209동 옆 인도,19931231,127.1362148,37.3776564,54.518
R,HH서현-0089-1,1.9,B,성남시 분당구 서현동 291번지 효자촌 동아아파트 214동 앞 녹지,19931231,127.1355405,37.377154,52.587
S,HH서현-0089-1,1.8,B,성남시 분당구 서현동 291번지 효자촌 동아아파트 214동 앞 녹지,19931231,127.1355369,37.3771516,52.619
R,HH서현-0681-2,1.3,A,성남시 분당구 서현동 297번지 서현2동 동아아파트 상가 창인프라자 건너 우리은행 앞 도로,20140805,127.1337241,37.3766806,48.324
R,HH서현-0119-1,0.4,A,성남시 분당구 서현동 94-2번지 서현1동 시범단지 메디피아병원 앞 좌측 녹지,20081031,127.1323774,37.3786582,50.141
S,HH서현-0176-1,1.3,A,성남시 분당구 서현동 91번지 서현1동 한양아파트 316동 뒤 주차장,20100331,127.1276224,37.3799639,50.64
R,HH서현-0176-1,0.8,A,성남시 분당구 서현동 91번지 서현1동 한양아파트 316동 뒤 주차장,20100331,127.1276255,37.3799613,50.652
S,HH서현-0130-1,1.1,A,성남시 분당구 서현동 92번지 서현1동 시범단지 현대아파트 429동 건너편 인도,20100331,127.1281858,37.3790393,50.702
R,HH서현-0130-1,1.3,A,성남시 분당구 서현동 92번지 서현1동 시범단지 현대아파트 429동 건너편 인도,20100331,127.1281812,37.3790382,50.701
R,HH서현-0127-1,0.7,A,성남시 분당구 서현동 92번지 시범단지 현대아파트 410동 앞 관리사무소 지하주차장입구 옆,20100331,127.1290952,37.3779028,51.912
S,HH서현-0127-1,1.0,A,성남시 분당구 서현동 92번지 시범단지 현대아파트 410동 앞 관리사무소 지하주차장입구 옆,20100331,127.1290993,37.3779061,51.927
S,HH서현-0116-1,0.4,A,성남시 분당구 서현동 92번지 서현1동 시범단지 현대아파트 423동 옆 도로,20100331,127.1304905,37.3777359,50.495
R,HH서현-0116-1,0.8,A,성남시 분당구 서현동 92번지 서현1동 시범단지 현대아파트 423동 옆 도로,20100331,127.1304862,37.3777405,50.499
S,HH서현-0117-1,1.1,B,성남시 분당구 서현동 92번지 시범단지 현대아파트 상가 앞 보도,20060331,127.1303926,37.3775463,50.006
R,HH서현-0117-1,1.5,B,성남시 분당구 서현동 92번지 시범단지 현대아파트 상가 앞 보도,20060331,127.1304042,37.3775412,49.802
R,HH분당-0046-1,0.3,A,성남시 분당구 분당동 91번지 장안초등학교 급식소 건물 뒤,20100331,127.1445121,37.372677,57.924
S,HH분당-0046-1,0.3,A,성남시 분당구 분당동 91번지 장안초등학교 급식소 건물 뒤,20100331,127.1445113,37.3726824,57.888
S,HH분당-0013-1,0.2,A,성남시 분당구 분당동 143번지 유로홈즈 입구 보도,19980930,127.1445878,37.368582,75.572
R,HH분당-0013-1,0.3,A,성남시 분당구 분당동 143번지 유로홈즈 입구 보도,19980930,127.1445849,37.3685792,75.591
R,HH분당-0076-1,0.4,A,성남시 분당구 서현동 98-4번지 렉서스매장 옆 도로,20010430,127.1456571,37.3742126,61.894
S,HH분당-0076-1,0.3,A,성남시 분당구 서현동 98-4번지 렉서스매장 옆 도로,20010430,127.1456626,37.3742163,61.844
R,HH분당-0473-1,0.5,A,성남시 분당구 분당동 109번지 분당 소망교회 뒤 녹지,20030530,127.1455459,37.3778915,78.13
R,HH분당-0035-1,1.6,A,성남시 분당구 분당동 158번지 청구빌라 내 302동 앞 녹지,20100331,127.1423649,37.3690552,70.026
S,HH분당-0035-1,1.6,A,성남시 분당구 분당동 158번지 청구빌라 내 302동 앞 녹지,20100331,127.1423621,37.3690587,70.037
R,HH분당-0036-1,1.6,A,성남시 분당구 분당동 158번지 청구빌라 내 301동 앞 녹지,20100331,127.1421146,37.3688946,70.021
S,HH분당-0036-1,1.6,A,성남시 분당구 분당동 158번지 청구빌라 내 301동 앞 녹지,20100331,127.1421186,37.3688972,70.014
R,HH분당-0007-1,1.1,B,성남시 분당구 분당동 155번지 이화연립 뒤 내 녹지,19951130,127.142697,37.3682137,71.247
R,HH분당-0010-1,1.5,A,성남시 분당구 분당동 145번지 신안시네하우스2 내 101동 뒤 녹지,20010430,127.1435417,37.367974,76.057
S,HH분당-0010-1,2.0,A,성남시 분당구 분당동 145번지 신안시네하우스2 내 101동 뒤 녹지,20010430,127.1435446,37.367973,76.097
R,HH분당-0009-1,0.4,A,성남시 분당구 분당동 161-2번지 롯데슈퍼분당점 앞 보도(한전박스앞),19970731,127.143342,37.3680035,74.624
S,HH야탑-4361-1,0.7,A,성남시 분당구 야탑3동 150번지 테크노파크A동우축도로옆보도,19931231,127.1518311,37.4049532,73.22
S,HH정자-0622-1,0.9,A,성남시 분당구 정자동 12-3지번 정자역 상떼뷰리젠시 앞 보도,20040531,127.1058153,37.3695539,42.05
S,HH정자-0051-1,0.6,A,성남시 분당구 정자동 112 한솔마을 주공APT 504동 앞 주차장,20100331,127.1183736,37.3640583,71.25
S,HH정자-0042-1,2.0,A,성남시 분당구 정자동 117지번 한솔마을 주공APT 608동 뒤 녹지,20180806,127.1160209,37.365333,58.443
S,HH분당-0009-1,0.3,A,성남시 분당구 분당동 161-2번지 롯데슈퍼분당점 앞 보도(한전박스앞),19970731,127.1433468,37.3680059,74.645
S,HH정자-0102-1,0.4,A,성남시 분당구 정자동 98-3지번 정자역 월호텔 주차장 옆 도로,20010430,127.1074488,37.3674924,43.05
S,HH이매-0010-2,0.8,A,성남시 분당구 이매동 121번지 이매촌 동부코오롱아파트 106동 뒤 녹지(테니스장 옆),20170810,127.1252109,37.3902561,33.366
S,HH이매-0024-2,1.8,A,성남시 분당구 야탑3동 123번지 이매촌 청구아파트 611동옆,20100331,127.1278049,37.3923377,33.941
S,HH수내-0353-1,1.1,A,성남시 분당구 수내동 54 파크타운 삼익APT 125동 옆 녹지,20100331,127.1202108,37.3694345,54.0
S,HH야탑-0136-1,2.2,A,성남시 분당구 야탑2동 536번지 탑마을 선경 APT 110동 옆,20160804,127.1204565,37.4079441,29.807
S,HH정자-0569-1,0.4,A,성남시 분당구 정자동 96-1지번 정자역 월드비터 빌딩 옆 도로,20040531,127.1060496,37.3636736,43.75
S,HH야탑-0153-1,0.5,A,성남시 분당구 야탑1동 354-5번지 대우빌딩 앞 보도(여성차병원뒤 먹자골목),19980930,127.1265475,37.4103464,28.246
S,HH야탑-0512-2,1.2,A,성남시 분당구 야탑동 355-5번지 바른세상병원내카페옆보증보도,20170810,127.1266216,37.410133,27.371
S,HH야탑-0096-1,0.6,A,성남시 분당구 야탑2동 511번지 탑마을타워빌A307동뒤녹지,20120331,127.1272142,37.4085163,31.45
S,HH야탑-0097-1,0.7,A,성남시 분당구 야탑2동 511번지 303동옆녹지(기계실환기구앞),20120331,127.1282764,37.4089802,31.68
S,HH정자-0023-1,1.3,A,성남시 분당구 정자동 101지번 한솔마을 주공APT 706동 뒤 녹지,20100331,127.1159174,37.3686353,49.2985
S,HH정자-0028-1,1.2,A,성남시 분당구 정자동 101지번 한솔마을 주공APT 703동 앞 녹지,20100331,127.1155243,37.367662,51.2
S,HH정자-0019-1,0.7,A,성남시 분당구 정자동 102지번 한솔마을 주공4단지 내 남서울어린이집 맞은편 녹지,20100331,127.1178617,37.36847,56.66
S,HH서현-0603-1,0.6,A,성남시 분당구 서현동 249-5번지 서현역 호텔리젠시 앞 도로,20020430,127.1239991,37.3866357,33.186
S,HH서현-0686-1,0.7,A,성남시 분당구 서현동 245-2번지 서현역 보람코아 주차장 출구 앞 도로,20140805,127.1258067,37.3861714,34.142
S,HH서현-0186-1,0.4,A,성남시 분당구 서현동 246-6번지 서현역 서현 현대 프라자 앞 보도,19970731,127.1245687,37.3850972,34.424
S,HH수내-0326-2,1.2,A,성남시 분당구 수내동 123-2지번 푸른마을 수내중학교 정문 옆 보증보도,20140805,127.1263928,37.3697575,59.8
S,HH야탑-0410-1,0.8,A,성남시 분당구 야탑동 342-1번지 리더스빌딩주차장입구우측보도(디지인쎈타인근),20170810,127.1250702,37.4133077,26.92
S,HH야탑-0281-1,0.3,A,성남시 분당구 야탑동 275-4지번 성원프라자입구 좌측 보도(3동사무소 인근),19931231,127.1382405,37.4116583,48.89
R,HH야탑-0136-1,2.2,A,성남시 분당구 야탑2동 536번지 탑마을 선경 APT 110동 옆,20160804,127.120451,37.4079444,29.803
R,HH구미-0353-1,1.0,A,성남시 분당구 구미동 112번지 상가 뒤 보도,20100331,127.1137546,37.3457222,53.17
S,HH이매-0073-1,1.2,A,성남시 분당구 이매동 109번지 109번지 이매1동 주민센터 옆 골목,19931231,127.1271456,37.3994639,31.92
R,HH정자-0187-2,0.7,B,성남시 분당구 정자동 180번지 버스정류장 옆 보도,19951231,127.1079425,37.3588343,43.592
R,HH분당-0071-1,0.8,A,성남시 분당구 분당동 96번지 장안타운 한신라이프연립 빌라 내 인도,20100331,127.1427122,37.3734614,59.3382
S,HH금곡-0201-1,0.9,A,성남시 분당구 금곡동 180번지 202동 옆 녹지,20100331,127.1064861,37.3546453,49.94
S,HH구미-0332-1,1.3,A,성남시 분당구 구미동 146번지 2동 경비실 옆 녹지,20140805,127.1098018,37.345596,59.6
S,HH구미-0539-1,0.5,A,성남시 분당구 구미동 185-1번지 주차장 입구 보도,19951231,127.1095706,37.3393014,54.038
S,HH구미-0274-1,1.2,A,성남시 분당구 구미동 23-1번지 분당프라자 현대프라자 사이 보도,20020430,127.1098724,37.3496231,54.036
R,HH이매-0109-2,1.5,A,성남시 분당구 이매동 132번지 아름마을 건영 아파트 104동 옆 도로,20081031,127.1225261,37.4037294,31.61
S,HH분당-0012-1,1.4,A,성남시 분당구 분당동 145번지 신안시네하우스 내 102동 뒤 녹지,19970731,127.1447557,37.368297,77.42
S,HH야탑-0339-1,1.5,A,성남시 분당구 야탑동 158번지 목련마을 대진빌라 802동 앞,20100331,127.1450792,37.405259,61.48
S,HH서현-0073-1,2.0,A,성남시 분당구 서현동 323번지 대명빌라 101동 뒤 녹지,19951130,127.14148,37.3738884,57.98
S,HH서현-0126-1,0.7,A,성남시 분당구 서현동 92번지 서현1동 시범단지 현대유치원 내 녹지,19931231,127.1294877,37.3776645,52.61
S,HH대장-0003-1,1.4,A,211-1 풍경채 701동 앞 대로,20200402,127.0681695,37.368034,121.607
S,HH신흥-0554-1,1.8,A,산성역 자이푸르지오 4단지 경비실옆 녹지 (sec#4-3),20221220,127.1496332,37.4503824,88.299
R,HH신흥-0554-1,1.8,A,산성역 자이푸르지오 4단지 경비실옆 녹지 (sec#4-3),20221220,127.1496333,37.4503885,88.246
R,HH대장-0018-1,1.6,A,대장동 판교포레나인 9단지 (SEC#014)_903동앞 완충녹지,20221128,127.0674616,37.3646302,116.929
R,HH서현-0715-1,1.0,A,서현동 라포르테블랑 (SEC#009)앞 도로,20221025,127.12037,37.3863039,34.608
S,HH금광-0002-1,0.95,A,대림아파트 203동 단남초교 사이 삼거리,20220324,127.1615718,37.4431249,105.929
R,HH금광-0002-1,0.95,A,대림아파트 203동 단남초교 사이 삼거리,20220324,127.1615755,37.4431305,105.879
S,HH금광-0003-1,0.0,A,대림아파트 304동 앞,20220527,127.1646615,37.4427705,113.973
R,HH서현-0124-1,1.9,A,성남시 분당구 서현초등학교 뒤편 녹지,20240118,127.1295639,37.3790859,53.162
R,HH이매-0555-1,0.5,A,성남시 분당구 이매동 140 아름마을 풍림아파트 515동 단지 옆 녹지,20221024,127.1224092,37.3981559,33.228
R,HH이매-0556-1,0.7,A,성남시 분당구 이매동 129-2 이매동 성당 앞 보도,20230803,127.1259921,37.3991031,30.618
R,HH야탑-0427-2,1.3,B,성남시 분당구 야탑동 357-1번지 야탑동 킴스(뉴코아) 앞 도로,20080331,127.1278438,37.4104819,27.621
S,HH야탑-0157-1,0.7,A,성남시 분당구 야탑1동 355-3번지 여성차병원 옆 보증보도,19980930,127.1265804,37.4109931,28.381
R,HH야탑-0155-1,0.5,A,성남시 분당구 야탑1동 355-5번지 중앙빌딩 앞 보도(여성차병원뒤 먹자골목),19980930,127.1265689,37.4105599,28.352
S,HH야탑-0155-1,0.5,A,성남시 분당구 야탑1동 355-5번지 중앙빌딩 앞 보도(여성차병원뒤 먹자골목),19980930,127.1265661,37.4105603,28.342
R,HH야탑-0154-1,0.5,A,성남시 분당구 야탑1동 355-5번지 바른세상병원 후문 보도(여성차병원뒤 먹자골목),19980930,127.1265957,37.4103655,28.285
S,HH야탑-0154-1,0.5,A,성남시 분당구 야탑1동 355-5번지 바른세상병원 후문 보도(여성차병원뒤 먹자골목),19980930,127.1265982,37.4103622,28.274
R,HH야탑-0153-1,0.5,A,성남시 분당구 야탑1동 354-5번지 대우빌딩 앞 보도(여성차병원뒤 먹자골목),19980930,127.1265443,37.4103431,28.235
S,HH야탑-0148-1,0.9,A,바른세상병원 후문 보도(여성차병원뒤 먹자골목),20200805,127.1266116,37.4102027,27.685
R,HH야탑-0160-1,0.55,B,성남시 분당구 야탑1동 358-1번지 하나은행 주차장 입구 물받이,19931231,127.1279643,37.4110713,28.961
S,HH야탑-0160-1,0.9,B,성남시 분당구 야탑1동 358-1번지 하나은행 주차장 입구 물받이,19931231,127.1279608,37.4110718,28.941
R,HH야탑-0158-1,0.5,A,성남시 분당구 야탑1동 355-1번지 세화2001빌딩 옆 보증보도(여성차병원 먹자골목),20120331,127.1266167,37.4112786,28.781
S,HH야탑-0158-1,0.5,A,성남시 분당구 야탑1동 355-1번지 세화2001빌딩 옆 보증보도(여성차병원 먹자골목),20120331,127.1266198,37.4112754,28.776
S,HH야탑-0169-1,0.3,A,성남시 분당구 야탑1동 352-5번지 미관광장 꽁지네김밥 앞 보증보도(퐁퐁나이트 먹자골목),19980930,127.1277303,37.4118634,28.199
R,HH야탑-0169-1,0.3,A,성남시 분당구 야탑1동 352-5번지 미관광장 꽁지네김밥 앞 보증보도(퐁퐁나이트 먹자골목),19980930,127.1277311,37.4118682,28.188
R,HH야탑-0168-1,0.3,A,성남시 분당구 야탑1동 352-4번지 퐁퐁나이트앞 편의점 앞 보증보도,19980930,127.1272067,37.4118365,29.028
S,HH야탑-0168-1,0.3,A,성남시 분당구 야탑1동 352-4번지 퐁퐁나이트앞 편의점 앞 보증보도,19980930,127.1272118,37.4118405,29.0
R,HH야탑-0167-1,0.3,A,성남시 분당구 야탑1동 352-4번지 퐁퐁나이트앞보증보도,19980930,127.1270922,37.4118699,28.897
S,HH구미-0282-1,0.4,A,까치마을 건영빌라303동옆 보도,20200806,127.109854,37.3486385,0.0
R,HH구미-0282-1,0.4,A,까치마을 건영빌라303동옆 보도,20200806,127.1098589,37.3486445,0.0
S,HH구미-0443-1,0.5,A,무지개마을 신한건영아파트입구,20200806,127.1148155,37.3383422,0.0
R,HH수내-0287-1,0.79,A,경기도 성남시 분당구 수내동 65번지,20220605,127.1202086,37.3807552,37.884
R,HH수내-0335-4,1.2,A,경기도 성남시 분당구 수내동 126-2번지,20230908,127.1234569,37.3693539,58.382
R,HH서현-0139-1,0.42,A,경기도 성남시 분당구 서현동 289-4번지,20230527,127.1298666,37.3806358,50.005
S,HH수내-0287-1,0.82,A,경기도 성남시 분당구 수내동 65번지,20220605,127.1202093,37.3807603,37.889
R,HH이매-0537-1,1.15,A,경기도 성남시 분당구 이매동 112번지,20220929,127.1260325,37.3972022,33.467
S,HH구미-0385-1,0.58,A,경기도 성남시 분당구 구미동 197-2번지,20221130,127.1078782,37.3395979,57.514
S,HH야탑-0167-1,0.3,A,성남시 분당구 야탑1동 352-4번지 퐁퐁나이트앞보증보도,19980930,127.1270873,37.4118669,28.92
R,HH야탑-0166-2,0.65,B,성남시 분당구 야탑1동 354-2번지 동아프라자 옆 보증보도(퐁퐁나이트 먹자골목),19980930,127.1266331,37.4117842,28.715
S,HH야탑-0166-2,0.7,B,성남시 분당구 야탑1동 354-2번지 동아프라자 옆 보증보도(퐁퐁나이트 먹자골목),19980930,127.1266271,37.4117861,28.692
R,HH야탑-0161-1,0.55,A,성남시 분당구 야탑1동 352-1번지 터미널프라자입구우측보도,19951130,127.12652,37.4118975,28.525
S,HH야탑-0161-1,0.55,A,성남시 분당구 야탑1동 352-1번지 터미널프라자입구우측보도,19951130,127.1265193,37.4119023,28.556
R,HH야탑-0400-1,0.7,A,성남시 분당구 야탑동 342-2번지 르네상스오피스텔뒤후문앞도로(디자인쎈타인근),20040331,127.1250463,37.4129186,27.31
S,HH야탑-0400-1,0.7,A,성남시 분당구 야탑동 342-2번지 르네상스오피스텔뒤후문앞도로(디자인쎈타인근),20040331,127.1250412,37.4129228,27.34
S,HH야탑-0173-1,1.05,A,성남시 분당구 야탑1동 344-1번지 코리아디자인쎈타주차장입구좌측보도,20071231,127.1239072,37.4129481,26.803
S,HH야탑-0174-1,0.6,A,성남시 분당구 야탑1동 343-2번지 한국통신앞도로(두루넷),20071231,127.1240354,37.4131362,27.054
R,HH야탑-0174-1,0.6,A,성남시 분당구 야탑1동 343-2번지 한국통신앞도로(두루넷),20071231,127.1240286,37.4131323,27.083
R,HH야탑-0152-1,1.0,A,성남시 분당구 야탑1동 354-6번지 차병원건너강남빌딩앞보도,19980930,127.1261637,37.4101188,27.417
S,HH야탑-0152-1,1.0,A,성남시 분당구 야탑1동 354-6번지 차병원건너강남빌딩앞보도,19980930,127.1261675,37.4101162,27.406
S,HH야탑-0418-1,0.7,B,성남시 분당구 야탑동 354-1번지 여성차병원 앞 횡단보도 도로,20060331,127.1261236,37.4112976,28.178
R,HH야탑-0418-1,0.7,B,성남시 분당구 야탑동 354-1번지 여성차병원 앞 횡단보도 도로,20060331,127.1261284,37.4113008,28.192
R,HH야탑-0171-2,0.7,A,성남시 분당구 야탑1동 346번지 법원기록보존소입구좌측보도,20120331,127.1253625,37.4122843,27.873
S,HH야탑-0171-2,0.7,A,성남시 분당구 야탑1동 346번지 법원기록보존소입구좌측보도,20120331,127.1253532,37.4122818,27.924
R,HH야탑-0449-1,0.6,A,성남시 분당구 야탑동 342-3번지 엔즈빌오피스텔입구우측도로,20060331,127.1250371,37.4125359,27.629
S,HH야탑-0449-1,0.6,A,성남시 분당구 야탑동 342-3번지 엔즈빌오피스텔입구우측도로,20060331,127.1250429,37.4125305,27.628
R,HH야탑-0151-2,0.9,B,성남시 분당구 야탑1동 351번지 351 차병원 뒤 주차장 입구 도로,19951130,127.1246697,37.4102187,27.641
S,HH야탑-0151-2,0.8,B,성남시 분당구 야탑1동 351번지 351 차병원 뒤 주차장 입구 도로,19951130,127.1246748,37.4102143,27.658
R,HH야탑-0163-1,0.7,A,성남시 분당구 야탑1동 349번지 분당보건소 옆,19931231,127.1247116,37.4112883,28.054
S,HH야탑-0163-1,0.7,A,성남시 분당구 야탑1동 349번지 분당보건소 옆,19931231,127.1247156,37.4112895,28.052
R,HH야탑-0170-1,0.7,A,성남시 분당구 야탑1동 345-1번지 파인디지탈사옥좌측화단,20020430,127.1242507,37.412239,27.718
S,HH야탑-0170-1,0.7,A,성남시 분당구 야탑1동 345-1번지 파인디지탈사옥좌측화단,20020430,127.1242475,37.4122437,27.785
S,HH야탑-0409-1,0.6,A,성남시 분당구 야탑동 345-2번지 베네치아오피스텔앞도로(디자인쎈타인근),20050614,127.1245627,37.4123024,27.622
R,HH야탑-0409-1,0.6,A,성남시 분당구 야탑동 345-2번지 베네치아오피스텔앞도로(디자인쎈타인근),20050614,127.1245626,37.4123061,27.632
R,HH야탑-0175-1,0.65,A,성남시 분당구 야탑1동 343-1번지 GNG텔레콤앞도로(디자인쎈타주차장입구건너),20071231,127.1240294,37.4133609,26.839
S,HH야탑-0175-1,0.65,A,성남시 분당구 야탑1동 343-1번지 GNG텔레콤앞도로(디자인쎈타주차장입구건너),20071231,127.1240347,37.4133652,26.885
S,HH야탑-0172-1,0.45,A,성남시 분당구 야탑1동 344-1번지 코리아디자인 쎈타좌측입구앞,20020430,127.1234232,37.4124856,27.301
R,HH야탑-0172-1,0.45,A,성남시 분당구 야탑1동 344-1번지 코리아디자인 쎈타좌측입구앞,20020430,127.1234172,37.4124872,27.251
S,HH야탑-0176-1,1.07,A,성남시 분당구 야탑1동 393번지 만나교회뒤 밴치옆보도,19980930,127.1215822,37.4147933,26.584
R,HH야탑-0177-1,1.15,B,성남시 분당구 야탑1동 393번지 만나교회 입구 좌측끝 녹지,19931231,127.1224091,37.4144567,27.528
S,HH서현-0669-6,0.4,B,성남시 분당구 서현동 250-2번지 서현역 우리은행 옆 보도,19951130,127.1231677,37.38612,33.776
S,HH대장-0010-1,2.5,A,185-14 포스코11블럭 앞 공원녹지,20201017,127.0728235,37.368061,127.139
S,HH대장-0012-1,1.4,A,"246-1 공공 1,2 진입로",20200912,127.068526,37.365326,112.831
R,HH정자-0152-1,0.5,A,금곡동 정든마을 한진802동 옆(100A),20211019,127.116836,37.3602364,68.664
R,HH정자-0683-1,0.5,A,금곡동 정든마을 한진(분당유치원 옆-100A),20211019,127.1168272,37.3598989,68.653
R,HH정자-0075-1,1.1,A,"느티마을3,4단지 관리사무소옆",20200806,127.1124495,37.3674259,0.0
R,HH정자-0673-1,0.0,A,한솔마을 한솔어린이공원내 녹지,20200806,127.1173375,37.3669202,0.0
S,HH분당-0020-1,0.8,A,장안타운 두앙노빌리티옆 보도,20200806,127.1445945,37.3697886,0.0
R,HH분당-0020-1,0.8,A,장안타운 두앙노빌리티옆 보도,20200806,127.1445895,37.3697911,0.0
R,HH분당-0064-1,2.8,A,분당동 장안어린이공원 내(장안유치원),20210330,127.140721,37.3706854,58.019
S,HH분당-0008-1,1.0,A,분당동 인호프라자(롯데슈퍼),20210406,127.1432253,37.3679485,75.043
S,HH이매-0557-1,0.8,A,성남시 분당구 이매동 129-2 이매동 성당 앞 도로,20230803,127.1259364,37.3991286,30.532
S,HH서현-0717-1,1.0,A,성남시 분당구 서현동 353-8 당촌초등학교~효자촌현대아파트 횡단보도 맞은편 보도,20231117,127.1326188,37.3736896,49.603
R,HH서현-0716-1,1.2,A,성남시 분당구 서현동 87 시범삼성한신아파트 내 서현유치원 옆 보도,20230414,127.1282995,37.3833296,44.954
R,HH야탑-0280-1,1.2,A,성남시 분당구 야탑동 성산빌딩 옆 보도,20240206,127.1384177,37.4114719,48.605
R,HH금곡-0693-1,1.2,A,성남시 분당구 금곡동 128 청솔마을 5단지~6단지아파트 사이 보중보도 내 (청솔초 방향),20230504,127.1120159,37.3545969,47.767
S,HH서현-0477-1,0.5,A,성남시 분당구 서현동 성지하이츠텔 출입구 앞 보도,20230310,127.1253342,37.3866452,34.357
S,HH서현-0716-1,1.2,A,성남시 분당구 서현동 87 시범삼성한신아파트 내 서현유치원 옆 보도,20230414,127.1283052,37.3833276,45.029
R,HH금곡-0230-1,0.5,A,성남시 분당구 금곡동 128 청솔마을 5단지~6단지아파트 사이 보중보도 내 (5단지 방향),20230504,127.1118566,37.3547225,47.675
R,HH야탑-0392-1,0.4,A,야탑보듬이 나눔 어린이집 앞 도로,20201228,127.1514265,37.4062333,63.4
S,HH야탑-0392-1,0.4,A,야탑보듬이 나눔 어린이집 앞 도로,20201228,127.1514318,37.406229,63.41
S,HH서현-0180-1,1.1,B,성남시 분당구 서현동 247-2번지 서현역 대명코아 앞 인도,19931231,127.1254665,37.3859388,33.64
S,HH서현-0217-1,0.3,B,성남시 분당구 서현동 270-3번지 서현역 천지오피스텔 입구 앞 도로,19980930,127.1214838,37.384701,34.502
S,HH서현-1921-1,1.3,B,성남시 분당구 서현동 265-5번지 태성빌딩앞 주차장 내,19931231,127.1219679,37.3831951,34.693
R,HH서현-1921-1,1.3,B,성남시 분당구 서현동 265-5번지 태성빌딩앞 주차장 내,19931231,127.1219709,37.383197,34.831
R,HH서현-0227-1,0.6,B,성남시 분당구 서현동 272-5번지 서현역 대한수의사회 앞 보도,19931231,127.121028,37.3858071,33.877
S,HH서현-0227-1,0.5,B,성남시 분당구 서현동 272-5번지 서현역 대한수의사회 앞 보도,19931231,127.1210215,37.3858079,33.888
S,HH서현-0565-1,0.4,A,성남시 분당구 서현동 276-1번지 시그마파크빌딩 앞 주차장잎구 옆 보도,20190510,127.120078,37.3846159,34.744
R,HH서현-0565-1,0.4,A,성남시 분당구 서현동 276-1번지 시그마파크빌딩 앞 주차장잎구 옆 보도,20190510,127.1200843,37.3846169,34.721
R,HH서현-0153-1,0.1,A,성남시 분당구 서현동 89-2번지 서현1동 우체국 좌측 출입구 앞 철판아래,19931231,127.1264451,37.3826988,44.649
S,HH서현-0660-1,0.9,A,성남시 분당구 서현동 260-1번지 제일산부인과 지하 주차장입구 옆,20021130,127.1215666,37.3870204,33.503
S,HH서현-0236-1,0.9,A,성남시 분당구 서현동 259-1번지 서현역 마사회건물 건너 보증보도 (진성빌딩 옆),20140805,127.1213287,37.3868857,32.437
R,HH서현-0236-1,0.9,A,성남시 분당구 서현동 259-1번지 서현역 마사회건물 건너 보증보도 (진성빌딩 옆),20140805,127.1213266,37.3868799,32.444
S,HH서현-0568-1,0.8,A,성남시 분당구 서현동 272-4번지 서현역 삼헌빌딩 앞 보도,20040531,127.120874,37.385707,33.727
R,HH서현-0568-1,0.7,A,성남시 분당구 서현동 272-4번지 서현역 삼헌빌딩 앞 보도,20040531,127.1208753,37.3857104,33.604
R,HH서현-0567-1,0.5,A,성남시 분당구 서현동 272-3번지 정가빌딩 주차장 입구,20040531,127.1206979,37.3855979,33.909
S,HH서현-0567-1,0.5,A,성남시 분당구 서현동 272-3번지 정가빌딩 주차장 입구,20040531,127.1206945,37.3855954,33.908
S,HH서현-0671-1,0.5,A,성남시 분당구 서현동 274-3번지 필립병원 옆 도로,20090506,127.1201647,37.3852885,34.163
R,HH서현-0671-1,0.5,A,성남시 분당구 서현동 274-3번지 필립병원 옆 도로,20090506,127.1201634,37.3852834,34.181
R,HH분당-0268-1,2.8,A,성남시 분당구 분당동 52번지 주택단지 내 청구2차빌라 입구 내 경계석 녹지,19931231,127.1348299,37.3699017,60.4711
R,HH여수-0387-1,0.8,A,성남시 중원구 여수동 353지번 스마트캐슬앞,20200305,127.1279699,37.4172549,28.416
S,HH여수-0426-1,0.6,A,성남시 중원구 여수동 181지번 시그너스옆,20200305,127.1273089,37.4184489,27.84
R,HH여수-0426-1,0.6,A,성남시 중원구 여수동 181지번 시그너스옆,20200305,127.1273036,37.4184459,27.879
S,HH야탑-0523-1,1.0,A,성남시 분당구 야탑동 324-1지번 YWCA은학의집앞,20200305,127.1422694,37.4100745,59.77
S,HH대장-0006-1,0.0,A,,20201017,127.0667564,37.3731131,147.578
R,HH대장-0019-1,0.8,A,대장동 A10BL (대장초 맞은편 보도)SEC#13-2,20230226,127.0703467,37.3687528,120.38
R,HH분당-0008-1,1.0,A,분당동 인호프라자(롯데슈퍼),20210406,127.1432252,37.3679441,75.061
S,HH구미-0264-1,1.6,A,구미동 2001아울렛,20210207,127.1079468,37.349454,58.251
R,HH중앙-0010-1,1.7,A,코오롱아파트 401동 뒤 자전거 보관소 앞,20210716,127.1492176,37.4398112,56.424
S,HH중앙-0007-1,0.8,A,코오롱아파트 401동 주차장입구,20211108,127.1500493,37.440011,47.812
R,HH야탑-0194-2,0.2,A,SEC# 장미마을현대아파트 (808동 첫번째 출입문 건너편),20221010,127.1303151,37.4154303,31.09
R,HH서현-0145-1,1.5,A,SEC#26 시범삼성한신아파트 (108동 옆 단지내 녹지),20220315,127.1306717,37.3834609,47.162
R,HH이매-0015-1,0.8,A,SEC#24 금강아파트105동동부코오롱아파트관리사무소사이 보도,20230710,127.1243092,37.3910119,34.085
R,HH정자-0681-1,0.5,A,정자동 상록마을 우성319동,20210618,127.1123749,37.3650636,50.565
S,HH분당-0031-1,0.5,A,분당동 한일빌딩(홈플러스),20210622,127.1436636,37.3703015,63.396
R,HH분당-0031-1,0.5,A,분당동 한일빌딩(홈플러스),20210622,127.1436645,37.3703066,63.438
R,HH구미-0406-1,0.5,A,구미동 오리뜰어린이집,20210813,127.1112199,37.335806,54.285
R,HH금곡-0245-2,0.8,A,성남시 분당구 금곡동 133지번 청솔마을 주공9단지아파트 902동 단지 밖 보도,20170810,127.1159239,37.3521009,48.027
S,HH금곡-0245-2,0.8,A,성남시 분당구 금곡동 133지번 청솔마을 주공9단지아파트 902동 단지 밖 보도,20170810,127.1159175,37.3521052,47.972
S,HH서현-0222-1,1.2,B,성남시 분당구 서현동 271-2번지 서현역 유니퀘스트 빌딩(구.휴맥스 빌딩) 옆 보도,19980930,127.1207311,37.3842787,34.379
R,HH서현-0222-1,1.1,B,성남시 분당구 서현동 271-2번지 서현역 유니퀘스트 빌딩(구.휴맥스 빌딩) 옆 보도,19980930,127.1207376,37.3842781,34.371
S,HH서현-0215-1,0.6,A,성남시 분당구 서현동 269-1번지 서현역 산호프라자 뒤 인도,19951130,127.1221124,37.3847813,34.508
R,HH서현-0215-1,0.5,A,성남시 분당구 서현동 269-1번지 서현역 산호프라자 뒤 인도,19951130,127.1221166,37.3847838,34.525
S,HH서현-0216-1,0.6,A,성남시 분당구 서현동 269-3번지 서현역 산호 트윈스 옆 보도,19951130,127.1216869,37.3844616,34.083
R,HH서현-0219-1,0.7,A,성남시 분당구 서현동 271-3번지 킨코스코리아 앞 보도,19951130,127.1208648,37.3841665,34.786
S,HH서현-0221-1,0.4,A,성남시 분당구 서현동 267-3번지 서현역 서울나우병원 앞 보도,19980930,127.1205654,37.3841756,34.557
S,HH서현-0193-1,0.5,B,성남시 분당구 서현동 269-2번지 피아자코코빌딩 앞 인도,19980930,127.1223925,37.384423,35.141
R,HH서현-0193-1,0.7,B,성남시 분당구 서현동 269-2번지 피아자코코빌딩 앞 인도,19980930,127.1223988,37.3844218,35.128
S,HH서현-0644-1,1.4,B,성남시 분당구 서현동 269-2번지 피아자코코빌딩 앞 인도,19951130,127.1224009,37.3843915,34.19
R,HH서현-0651-1,1.6,A,성남시 분당구 서현동 269-5번지 서현역 서원프라자 테라스 밑 (카페베네 입구 테라스),20120331,127.121768,37.3839309,34.298
S,HH서현-0237-1,0.5,A,성남시 분당구 서현동 256번지 비젼월드빌딩 앞 보도,19980930,127.1220031,37.3873966,32.875
R,HH서현-0237-1,0.5,A,성남시 분당구 서현동 256번지 비젼월드빌딩 앞 보도,19980930,127.1220104,37.3873963,32.907
R,HH서현-0235-1,0.8,B,성남시 분당구 서현동 260-1번지 서현역 분당동 제일 산부인과 앞 화단내,19980930,127.1215808,37.3870617,33.607
S,HH서현-0235-1,0.8,B,성남시 분당구 서현동 260-1번지 서현역 분당동 제일 산부인과 앞 화단내,19980930,127.121582,37.3870659,33.622
R,HH서현-0656-1,0.7,A,성남시 분당구 서현동 259-1번지 한국마사회 앞 보증보도,20100331,127.1209379,37.3871248,32.967
S,HH서현-0656-1,0.7,A,성남시 분당구 서현동 259-1번지 한국마사회 앞 보증보도,20100331,127.1209392,37.387131,32.972
R,HH서현-0569-1,0.1,A,성남시 분당구 서현동 259-1번지 서현역 한국마사회 건물옆 보증보도,20040531,127.1211371,37.3870227,33.656
R,HH수내-0342-1,2.0,A,성남시 분당구 수내동 52지번 파크타운 서안APT 노인정 앞 도로,20100331,127.1240812,37.3719376,50.501
S,HH정자-0057-1,1.0,A,SEC#37 신기사거리 (상록마을우성아파트 328동과 놀이터 사이 공원내),20220816,127.1123581,37.3640663,52.679
R,HH구미-0364-1,0.75,A,SEC#39 하얀마을그랜드빌 공원입구보도,20210330,127.1175424,37.3447466,52.907
S,HH이매-0015-1,0.8,A,SEC#24 금강아파트105동동부코오롱아파트관리사무소사이 보도,20230710,127.1243153,37.3910126,34.095
S,HH정자-0004-1,0.6,A,SEC#58 한솔아파트 (철쭉어린이공원 앞 공원내 보도),20210417,127.1218101,37.3664203,63.686
S,HH정자-0552-2,0.4,A,SEC#8 계원예고 (계원예고 진입로 앞 도로),20200926,127.1159672,37.3597484,67.23
S,HH야탑-0540-2,1.0,A,SEC#30 성남터미널 하나은행앞 버스정류장도로,20230527,127.1286486,37.4113977,29.657
S,HH야탑-0289-2,0.3,A,SEC#02 투아이센터삼거리앞도로,20201103,127.1435951,37.4115704,56.403
R,HH정자-0552-2,0.4,A,SEC#8 계원예고 (계원예고 진입로 앞 도로),20200926,127.1159657,37.3597547,67.189
R,HH정자-0680-5,1.1,A,버스정류장 뒷편,20210810,127.1179072,37.3544466,49.304
S,HH정자-0155-1,0.9,A,탄천초등학교 단지내 보도,20200806,127.1157518,37.3620428,0.0
S,HH대장-0007-1,1.4,A,산19-46 금강B2 인입,20200402,127.066565,37.3730991,148.233
R,HH분당-0028-1,0.3,A,장안타운 건영두산아파트210동뒤,20200806,127.1466442,37.3720408,0.0
R,HH서현-0216-1,0.8,A,성남시 분당구 서현동 269-3번지 서현역 산호 트윈스 옆 보도,19951130,127.1216919,37.3844644,34.095
S,HH서현-0219-1,0.7,A,성남시 분당구 서현동 271-3번지 킨코스코리아 앞 보도,19951130,127.1208619,37.3841641,34.777
S,HH서현-0194-1,0.7,B,성남시 분당구 서현동 268-2번지 이랜드 빌딩 앞 보도,19951130,127.1224078,37.384161,34.851
R,HH서현-0194-1,0.8,B,성남시 분당구 서현동 268-2번지 이랜드 빌딩 앞 보도,19951130,127.1224111,37.3841629,34.844
R,HH서현-0195-1,0.4,A,성남시 분당구 서현동 254-5번지 서현역 서현프라자 옆 인도,19951130,127.1221863,37.3840252,35.276
S,HH서현-0195-1,0.4,A,성남시 분당구 서현동 254-5번지 서현역 서현프라자 옆 인도,19951130,127.1221819,37.3840232,35.275
R,HH서현-0196-1,0.4,B,성남시 분당구 서현동 269-3번지 산호트윈스 건물 앞 보도,19980930,127.1218784,37.3839896,35.257
S,HH서현-0646-1,0.3,B,성남시 분당구 서현동 269-2번지 서현역 앞길 서현프라자 인입밸브,19951130,127.1219803,37.3838909,35.259
R,HH서현-0646-1,0.5,B,성남시 분당구 서현동 269-2번지 서현역 앞길 서현프라자 인입밸브,19951130,127.1219776,37.3838892,35.267
S,HH서현-0198-1,0.7,B,성남시 분당구 서현동 269-6번지 에이원 프라자 앞 보도,19970731,127.1215268,37.3836877,35.316
R,HH서현-0198-1,0.6,B,성남시 분당구 서현동 269-6번지 에이원 프라자 앞 보도,19970731,127.121523,37.3836896,35.307
S,HH서현-0197-1,0.4,B,성남시 분당구 서현동 268-6번지 동호프라자 좌측 보도,19970731,127.1217421,37.3836936,35.65
R,HH서현-0197-1,0.4,B,성남시 분당구 서현동 268-6번지 동호프라자 좌측 보도,19970731,127.1217399,37.3836987,35.524
S,HH서현-0643-1,1.2,A,성남시 분당구 서현동 268-6번지 서현역 앞길 동호프라자 앞 보도,19951130,127.1216928,37.3836825,34.694
R,HH서현-0199-2,0.6,A,성남시 분당구 서현동 269-6번지 서현역 동호프라자 옆 도로,20120331,127.1214913,37.3835749,35.194
S,HH서현-0199-2,0.7,A,성남시 분당구 서현동 269-6번지 서현역 동호프라자 옆 도로,20120331,127.1214984,37.383575,35.119
R,HH서현-0200-1,0.6,B,성남시 분당구 서현동 267-1번지 농협 내 주차장,19970731,127.1210181,37.3836926,34.798
R,HH분당-0263-5,0.8,A,쌍용빌라옆 보도,20201008,127.1355145,37.3704551,57.336
R,HH분당-0262-5,1.3,A,쌍용빌라옆 녹지,20201008,127.1355507,37.3704529,57.765
R,HH이매-0032-1,3.5,A,이매동 아름마을 효성705동,20220610,127.1209459,37.3940121,33.764
R,HH정자-0688-1,0.5,A,정자동 한솔마을 주공610동,20220706,127.1168227,37.36584,61.326
S,HH정자-0688-1,0.5,A,정자동 한솔마을 주공610동,20220706,127.1168277,37.3658341,61.363
R,HH신흥-0553-1,1.9,A,산성역 자이푸르지오 2단지 203동뒤 (sec#06-1),20230204,127.1491494,37.4490304,102.247
R,HH야탑-0551-1,0.6,A,상탑초등하교 대진빌라앞 보도(sec#8-1),20231102,127.1450489,37.4054358,57.367
S,HH대장-0014-1,0.8,A,대장동 판교오피스텔 주차장 입구인근,20221011,127.0663993,37.3628672,113.196
R,HH정자-0686-1,0.7,A,정자동 한솔마을 주공407동(80A),20210803,127.1173468,37.3672556,58.306
S,HH구미-0406-1,0.0,A,구미동 오리뜰어린이집,20210813,127.11122,37.3358111,54.326
R,HH분당-0250-1,0.9,A,성남시 분당구 분당동 60-1번지 (주택단지 내 글로리빌라 뒤 펜스 안 녹지),20010430,127.1370995,37.3691804,63.7139
S,HH분당-0249-1,0.2,A,성남시 분당구 분당동 60-2번지 (주택단지 내 보람빌라 뒤 녹지),20010430,127.1374299,37.3688669,67.94
R,HH서현-0207-1,0.3,B,성남시 분당구 서현동 249-4번지 서현역 유성그린 타워 옆 도로,19980930,127.1241675,37.3864944,33.462
R,HH서현-0601-1,0.5,A,성남시 분당구 서현동 249-3번지 서현역 대정빌딩 앞 보도,20050614,127.1246187,37.3867129,33.492
S,HH서현-0601-1,0.3,A,성남시 분당구 서현동 249-3번지 서현역 대정빌딩 앞 보도,20050614,127.1246189,37.3867182,33.482
R,HH서현-0476-1,0.3,A,성남시 분당구 서현동 249-2번지 서현역 기영 프라자 앞 보도,20030530,127.1247235,37.3867909,33.582
S,HH서현-0476-1,0.3,A,성남시 분당구 서현동 249-2번지 서현역 기영 프라자 앞 보도,20030530,127.1247313,37.386792,33.59
R,HH서현-0209-1,0.7,B,성남시 분당구 서현동 249-1번지 서현역 공평저축은행(구.동양생명) 주차장 입구,19931231,127.1245647,37.3870837,33.034
S,HH서현-0209-1,0.7,B,성남시 분당구 서현동 249-1번지 서현역 공평저축은행(구.동양생명) 주차장 입구,19931231,127.1245668,37.3870852,33.02
S,HH서현-0208-1,0.5,A,성남시 분당구 서현동 245-5번지 서현역 삼성생명 앞 보도,20000331,127.1247302,37.3871851,32.936
R,HH서현-0208-1,0.7,A,성남시 분당구 서현동 245-5번지 서현역 삼성생명 앞 보도,20000331,127.1247245,37.3871843,32.916
S,HH서현-0212-1,0.6,A,성남시 분당구 서현동 262-1번지 서현역 리빙프라자 옆 보도,20000331,127.1230198,37.3861066,33.788
R,HH서현-0212-1,0.5,A,성남시 분당구 서현동 262-1번지 서현역 리빙프라자 옆 보도,20000331,127.1230174,37.3861087,33.781
R,HH서현-0669-6,0.5,B,성남시 분당구 서현동 250-2번지 서현역 우리은행 옆 보도,19951130,127.1231753,37.3861206,33.779
R,HH서현-0242-1,0.5,B,성남시 분당구 서현동 257번지 서현역 우체국 옆 도로,19980930,127.123478,37.3870975,33.06
R,HH서현-0679-1,0.5,A,성남시 분당구 분당동 254-4번지 서현역 여암빌딩 앞 도로,20080401,127.1229367,37.387539,32.82
S,HH서현-0679-1,0.5,A,성남시 분당구 분당동 254-4번지 서현역 여암빌딩 앞 도로,20080401,127.1229364,37.3875441,32.82
R,HH서현-0246-1,0.5,A,성남시 분당구 서현동 253-4번지 서현역 경림빌딩 앞 보도,20020430,127.1238461,37.3877349,32.917
S,HH서현-0246-1,0.6,A,성남시 분당구 서현동 253-4번지 서현역 경림빌딩 앞 보도,20020430,127.1238453,37.3877402,32.909
S,HH서현-0243-1,1.0,B,성남시 분당구 서현동 251-1번지 서현역 야베스벨리 앞 보도,19980930,127.1242049,37.3876434,32.504
R,HH신흥-0552-1,1.5,A,산성역 자이푸르지오 2단지 어린이 정류장 보도 (sec#4-2),20230214,127.1490762,37.4500249,86.323
S,HH서현-0715-1,1.0,A,서현동 라포르테블랑 (SEC#009)앞 도로,20221025,127.1203623,37.3863035,34.607
S,HH대장-0016-1,0.9,A,대장동 판교오피스텔 101동 보도,20221011,127.0673096,37.3626034,107.29
S,HH대장-0019-1,0.8,A,대장동 A10BL (대장초 맞은편 보도)SEC#13-2,20230226,127.0703551,37.3687522,120.363
S,HH신흥-0553-1,2.3,A,산성역 자이푸르지오 2단지 203동뒤 (sec#06-1),20220204,127.1491498,37.4490369,102.322
S,HH금광-0006-1,0.0,A,대림아파트 405동 앞,20220217,127.1651929,37.4455884,79.626
R,HH금광-0006-1,0.0,A,대림아파트 405동 앞,20220217,127.1651979,37.4455932,79.598
R,HH정자-0679-5,1.0,A,더샾파크리버앞,20201123,127.1182108,37.3547251,49.318
R,HH수내-0347-1,1.0,A,수내동 파크타운 동산유치원,20210916,127.1233283,37.37254,47.381
R,HH구미-0519-1,1.5,A,구미동 다원빌리지 옆 도로,20211021,127.1261636,37.3446393,99.384
R,HH서현-0243-1,0.9,B,성남시 분당구 서현동 251-1번지 서현역 야베스벨리 앞 보도,19980930,127.1242017,37.3876449,32.498
S,HH서현-0244-1,0.8,B,성남시 분당구 서현동 251-2번지 이노와이어리스 본사 앞 보도,19980930,127.1240269,37.3878062,32.477
R,HH서현-0244-1,0.8,B,성남시 분당구 서현동 251-2번지 이노와이어리스 본사 앞 보도,19980930,127.1240244,37.3878096,32.456
R,HH서현-0562-1,0.4,A,성남시 분당구 서현동 251-3번지 서현역 LG 에클라트 앞 도로,20030530,127.1236815,37.3881051,32.478
S,HH서현-0562-1,0.4,A,성남시 분당구 서현동 251-3번지 서현역 LG 에클라트 앞 도로,20030530,127.1236818,37.3881114,32.465
S,HH서현-0233-1,0.5,B,성남시 분당구 서현동 278번지 서현역 분당 소방서 주차장 내,19980930,127.119864,37.3861925,34.025
R,HH서현-0233-1,0.6,B,성남시 분당구 서현동 278번지 서현역 분당 소방서 주차장 내,19980930,127.119869,37.3861921,34.011
S,HH서현-0478-1,0.5,A,성남시 분당구 서현동 278번지 서현역 분당 소방서 앞 도로,20030530,127.1195385,37.3857435,34.072
R,HH서현-0478-1,0.5,A,성남시 분당구 서현동 278번지 서현역 분당 소방서 앞 도로,20030530,127.1195439,37.3857428,34.078
S,HH서현-0606-1,0.4,A,성남시 분당구 서현동 274-3번지 필립병원 옆 도로,20060614,127.1196815,37.3851516,34.313
S,HH서현-0231-1,1.3,A,"성남시 분당구 서현동 276-2번지 서현역 우리교회 앞 보도 (R-화단 , S-보도)",19970731,127.1195633,37.3850516,34.576
R,HH서현-0229-4,0.9,B,성남시 분당구 서현동 276-2번지 서현역 우리교회 앞 도로,19980930,127.1197649,37.384963,33.891
S,HH서현-0229-4,0.5,B,성남시 분당구 서현동 276-2번지 서현역 우리교회 앞 도로,19980930,127.1197685,37.3849602,33.875
S,HH서현-0241-2,0.3,A,성남시 분당구 서현동 255-1번지 서현역 풍림아이원 뒤 도로,20010430,127.1220784,37.3895205,32.229
R,HH서현-0241-2,0.3,A,성남시 분당구 서현동 255-1번지 서현역 풍림아이원 뒤 도로,20010430,127.1220831,37.3895166,32.248
R,HH서현-0650-2,0.4,A,성남시 분당구 서현동 255-2번지 서현역 분당 재생병원 본관 앞 보도,20140805,127.1214912,37.3876077,32.91
S,HH서현-0650-2,0.4,A,성남시 분당구 서현동 255-2번지 서현역 분당 재생병원 본관 앞 보도,20140805,127.1214961,37.3876123,32.9
R,HH서현-0618-1,0.6,B,성남시 분당구 이매동 258-2번지 서현역 분당 제생병원 별관 앞 보도,19980930,127.1206459,37.3879519,33.834
S,HH야탑-0551-1,0.6,A,상탑초등하교 대진빌라앞 보도(sec#8-1),20231102,127.1450428,37.4054345,57.339
S,HH대장-0015-1,1.0,A,대장동 판교오피스텔 (디오르나인분기밸브),20221011,127.0671659,37.3628119,108.055
S,HH대장-0018-1,1.6,A,대장동 판교포레나인 9단지 (SEC#014)_903동앞 완충녹지,20221128,127.0674572,37.3646352,116.952
S,HH대장-0020-1,1.9,A,대장동 A10BL 단지내 출입구,20240311,127.0716622,37.3678733,119.456
R,HH대장-0015-1,1.0,A,대장동 판교오피스텔 (디오르나인분기밸브),20221011,127.0671612,37.3628059,108.032
R,HH대장-0014-1,0.8,A,대장동 판교오피스텔 주차장 입구인근,20221011,127.0663957,37.362872,113.244
R,HH정자-0691-1,0.7,A,SEC#36 신화5단지아파트 (정든마을신화5단지 아파트 예쁜유치원 앞 도로),20220711,127.1171272,37.3621497,68.748
R,HH구미-0698-2,0.3,A,성남시 분당구 구미동 211번지 무지개마을 대림1단지아파트 관리사무소 건너 보도(우체통 옆),20230909,127.1170956,37.3353737,68.171
R,HH구미-0696-1,0.5,A,성남시 분당구 구미동 305-1 삼익파크빌라 앞 도로 (변압기 앞),20240531,127.1268248,37.3411957,0.0
S,HH이매-0537-1,1.14,A,경기도 성남시 분당구 이매동 112번지,20220929,127.1260275,37.3972034,33.467
R,HH대장-0017-1,1.5,A,대장동 SK-데라스VEIW (비상차량 출입구 인근),20230404,127.0678811,37.3739794,156.839
R,HH구미-0374-1,0.75,A,SEC#39하얀마을그랜드빌411동301동사이 보도,20210330,127.1181151,37.3446684,53.0
R,HH야탑-0534-2,0.4,A,SEC#34 이코노샤르망빌딩삼거리앞 도로,20210628,127.1305001,37.4137551,32.224
R,HH야탑-0289-2,0.3,A,SEC#2 투아이센터삼거리앞도로,20201103,127.1435998,37.4115758,56.402
R,HH야탑-0290-1,1.7,A,SEC#02 아델파크빌앞 도로,20201103,127.1438451,37.4124958,47.624
R,HH정자-0690-1,1.0,A,SEC#37 신기사거리 (상록마을우성 316동~315동 사이 보도),20220608,127.1123888,37.3661034,47.069
R,HH서현-0225-2,0.7,A,성남시 분당구 서현동 271-2번지 서현역 유니퀘스트 빌딩 옆 앞 도로(한전박스 앞),20160804,127.1205833,37.3845444,34.26
S,HH서현-0225-2,0.9,A,성남시 분당구 서현동 271-2번지 서현역 유니퀘스트 빌딩 옆 앞 도로(한전박스 앞),20160804,127.1205915,37.3845455,34.248
R,HH서현-0221-1,0.8,A,성남시 분당구 서현동 267-3번지 서현역 서울나우병원 앞 보도,19980930,127.1205644,37.3841706,34.54
R,HH서현-0220-1,0.7,A,성남시 분당구 서현동 267-2번지 한국정보통신기술협회 앞 인도,19980930,127.1207202,37.3840736,34.695
S,HH서현-0220-1,0.7,A,성남시 분당구 서현동 267-2번지 한국정보통신기술협회 앞 인도,19980930,127.1207221,37.3840802,34.565
R,HH수내-0466-1,1.5,A,성남시 분당구 수내동 3 분당구청 ~ 잔디광장 사이 보증보도,20080331,127.1202488,37.3827035,34.545
S,HH서현-0179-1,0.6,B,성남시 분당구 서현동 247-1번지 서현역 영건 프라자 앞 인도,19931231,127.1255417,37.3859989,33.673
R,HH서현-0179-1,0.5,B,성남시 분당구 서현동 247-1번지 서현역 영건 프라자 앞 인도,19931231,127.1255382,37.3860021,33.706
R,HH서현-0177-4,1.0,B,성남시 분당구 서현동 246-1번지 서현역 금화빌딩 앞 도로,19931231,127.1258279,37.3860277,33.158
S,HH서현-0177-4,1.1,B,성남시 분당구 서현동 246-1번지 서현역 금화빌딩 앞 도로,19931231,127.1258317,37.3860246,33.148
S,HH서현-0564-1,1.0,A,성남시 분당구 서현동 246-2번지 서현역 신영팰리스 앞 보도 (카페베네 옆),20040531,127.1255752,37.3857931,33.466
S,HH서현-0183-1,1.3,B,성남시 분당구 서현동 246-2번지 서현역 신영팰리스 타워 앞 보도,19970731,127.1253515,37.3856513,33.906
R,HH서현-0181-1,0.5,A,성남시 분당구 서현동 247-3번지 서현역 삼보프라자 앞 인도,19951130,127.12514,37.385693,33.959
R,HH서현-0182-3,0.5,B,성남시 분당구 서현동 247-4번 서현역 은성 프라자 앞 인도,19931231,127.125008,37.3856135,34.01
S,HH서현-0182-3,0.6,B,성남시 분당구 서현동 247-4번 서현역 은성 프라자 앞 인도,19931231,127.1250105,37.3856115,33.986
R,HH서현-0184-1,0.6,B,성남시 분당구 서현동 246-4번지 서현역 대명 프라자 앞 보도,19980930,127.1251319,37.3854683,34.282
R,HH서현-0187-1,0.2,A,성남시 분당구 서현동 247-6번지 서현역 센트로빌딩(구.앤비백화점) 뒤 주차장 입구 보도,19980930,127.1245057,37.3852522,34.639
R,HH야탑-0558-2,0.15,A,성남시 분당구 야탑동 197-11 탑마을6단지벽산~주공8단지아파트 사이 보중보도 내 (6단지 방향),20221024,127.1337614,37.4091364,38.544
R,HH서현-0477-1,0.5,A,성남시 분당구 서현동 성지하이츠텔 출입구 앞 보도,20230310,127.1253279,37.3866459,34.372
R,HH금곡-0233-1,0.7,A,성남시 분당구 금곡동 128 청솔마을 5단지~6단지아파트 사이 보중보도 내 (중앙교차지점),20230504,127.1118536,37.3546414,47.765
R,HH이매-0557-1,0.8,A,성남시 분당구 이매동 129-2 이매동 성당 앞 도로,20230803,127.12594,37.3991325,30.558
R,HH정자-0692-2,0.5,A,성남시 분당구 정자동 188-1 미켈란쉐르빌 B동 앞 버스정류장 건너편 성남대로 우회전차로,20230519,127.1083515,37.3588385,44.283
R,HH서현-0224-1,0.7,A,서현동 동양G타워,20210607,127.1209348,37.3847402,35.456
R,HH대장-0007-1,1.4,A,산19-46 금강B2 인입,20200402,127.0665589,37.3730953,148.243
R,HH대장-0003-1,1.4,A,211-1 풍경채 701동 앞 대로,20200402,127.0681675,37.3680288,121.598
R,HH대장-0010-1,2.5,A,185-14 포스코11블럭 앞 공원녹지,20201017,127.07282,37.3680699,127.046
S,HH야탑-0137-1,0.7,A,야탑동 탑마을 선경101동,,127.1221753,37.4078703,30.501
R,HH야탑-0137-1,0.7,A,야탑동 탑마을 선경101동,20220317,127.1221752,37.4078756,30.502
S,HH정자-0685-1,0.5,A,수내동 금곡프라자,20220325,127.1142642,37.3628996,61.112
R,HH정자-0103-1,0.4,A,성남시 분당구 정자동 98-3지번 정자동 정자역 칼튼호텔 앞 도로,20000331,127.1074483,37.3674188,43.06
S,HH수내-0335-4,1.15,A,경기도 성남시 분당구 수내동 126-2번지,20230908,127.1234649,37.3693552,58.373
R,HH구미-0385-1,0.6,A,경기도 성남시 분당구 구미동 197-2,20221130,127.1078831,37.3395931,57.468
R,HH정자-0572-1,0.86,A,경기도 성남시 분당구 정자동 257-5번지,20220831,127.1189322,37.3587189,71.075
S,HH서현-0618-1,0.6,B,성남시 분당구 이매동 258-2번지 서현역 분당 제생병원 별관 앞 보도,19980930,127.1206494,37.3879485,33.832
S,HH서현-0190-1,0.4,A,성남시 분당구 서현동 265-4번지 서현역 하나은행 센트럴타워(구.신명타워)사이 보도,19970731,127.122763,37.3837815,35.199
R,HH서현-0190-1,0.4,A,성남시 분당구 서현동 265-4번지 서현역 하나은행 센트럴타워(구.신명타워)사이 보도,19970731,127.122767,37.3837819,35.185
S,HH서현-0189-1,0.3,A,성남시 분당구 서현동 265-2번지 서현역 하나은행 앞 보도,19970731,127.1229378,37.3839162,35.273
R,HH서현-0189-1,0.3,A,성남시 분당구 서현동 265-2번지 서현역 하나은행 앞 보도,19970731,127.1229363,37.383918,35.271
R,HH서현-0188-1,0.6,A,성남시 분당구 서현동 263번지 서현역 AK프라자 C주차장 앞 보도,19970731,127.1231356,37.3840184,34.892
R,HH서현-0645-1,0.5,A,성남시 분당구 이매동 268-1번지 서현역 블루홀 빌딩 인입밸브,19980930,127.122909,37.3840994,35.067
S,HH서현-0645-1,0.5,A,성남시 분당구 이매동 268-1번지 서현역 블루홀 빌딩 인입밸브,19980930,127.1229153,37.3840977,35.047
S,HH서현-0155-6,0.8,B,성남시 분당구 서현동 89-2번지 서현1동 우체국 내 주차장,19931231,127.1261947,37.3826666,43.69
R,HH서현-0155-6,0.8,B,성남시 분당구 서현동 89-2번지 서현1동 우체국 내 주차장,19931231,127.1261978,37.3826688,43.669
S,HH서현-0157-1,0.4,B,성남시 분당구 서현동 89-1번지 시범단지 서현동사무소 내 서현어린이집 인입밸브,19931231,127.1261458,37.3823689,44.302
R,HH서현-0157-1,0.4,B,성남시 분당구 서현동 89-1번지 시범단지 서현동사무소 내 서현어린이집 인입밸브,19931231,127.1261479,37.3823662,44.251
S,HH수내-0631-1,1.2,A,성남시 분당구 수내동 65 중앙공원 야외음악당 옆 녹지,19980930,127.1210988,37.3805958,39.269
R,HH수내-0631-1,0.9,A,성남시 분당구 수내동 65 중앙공원 야외음악당 옆 녹지,19980930,127.1211007,37.380599,39.095
R,HH수내-0633-1,0.9,A,성남시 분당구 수내동 1 분당구청 내 테니스장 옆 녹지,20090506,127.1187571,37.38201,36.833
S,HH수내-0632-1,0.5,A,성남시 분당구 수내동 1 분당구청 내 본관~어린이집 사이 보도,20090506,127.1185348,37.382323,36.713
R,HH수내-0632-1,0.5,A,성남시 분당구 수내동 1 분당구청 내 본관~어린이집 사이 보도,20090506,127.1185396,37.3823242,36.697
S,HH대장-0008-1,1.2,A,산19-18 대우A2단지내 녹지,20200522,127.0690201,37.3744701,158.078
S,HH하대-0001-1,0.4,A,성남소방서 앞,20220404,127.1362092,37.4282947,36.158
R,HH중앙-0009-1,1.2,A,대림아파트 202동 앞,20211115,127.1505217,37.4390636,59.813
S,HH대장-0017-1,1.5,A,대장동 SK-데라스VEIW (비상차량 출입구 인근),20230404,127.0678785,37.3739851,156.832
R,HH야탑-0333-5,1.8,A,312동앞,20200829,127.1419719,37.4150742,41.357
R,HH야탑-0331-5,2.1,A,309동앞보도,20200829,127.1408077,37.4150026,40.44
S,HH서현-0065-1,1.8,A,성남시 분당구 서현동 308번지 서현2동 그린타운 LG아파트 606동 옆 녹지,20100331,127.1369349,37.3731532,51.523
S,HH서현-0106-1,1.8,A,성남시 분당구 서현동 301번지 서현2동 효자촌 삼환아파트 상가 옆 보도,20140805,127.1344249,37.3739867,49.646
R,HH서현-0106-1,1.8,A,성남시 분당구 서현동 301번지 서현2동 효자촌 삼환아파트 상가 옆 보도,20140805,127.13443,37.3739853,49.604
S,HH분당-0275-1,0.3,B,성남시 분당구 분당동 44-1번지 주택단지 내 건영옴니빌라 옆 도로,19951130,127.133372,37.371134,54.046
R,HH분당-0275-1,0.39,B,성남시 분당구 분당동 44-1번지 주택단지 내 건영옴니빌라 옆 도로,19951130,127.1333667,37.3711316,54.078
R,HH분당-0624-1,0.37,A,성남시 분당구 분당동 51-1번지 (주택단지 내 공간빌라 입구 보도),19951130,127.1334496,37.3709024,54.902
R,HH분당-0056-1,2.1,A,성남시 분당구 분당동 70번지 장안건영아파트 126동 테니스장 옆 녹지,20100331,127.1405101,37.3697979,61.607
S,HH서현-0000-1,1.1,Z,,,127.1356431,37.3748932,48.612
R,HH서현-0000-1,1.1,Z,,,127.1356409,37.3748958,48.621
S,HH분당-0056-1,1.7,A,성남시 분당구 분당동 70번지 장안건영아파트 126동 테니스장 옆 녹지,20100331,127.1405221,37.3698114,61.42
S,HH서현-0066-1,1.2,A,성남시 분당구 서현동 310번지 서현2동 그린타운 대우아파트 607동옆 도로,20081031,127.1358601,37.3726103,51.585
R,HH서현-0066-1,1.27,A,성남시 분당구 서현동 310번지 서현2동 그린타운 대우아파트 607동옆 도로,20081031,127.1358575,37.3726064,51.601
R,HH서현-0483-1,0.35,A,성남시 분당구 서현동 301번지 효자촌 삼환아파트 512동 밖 보도(서현동 맥도날드 건너),20030530,127.1361454,37.3741909,49.798
S,HH서현-0483-1,0.6,A,성남시 분당구 서현동 301번지 효자촌 삼환아파트 512동 밖 보도(서현동 맥도날드 건너),20030530,127.1361511,37.3741911,49.818
R,HH서현-0062-1,0.35,B,성남시 분당구 서현동 306-3번지 건일빌딩 주차장 앞 도로,20060331,127.1371384,37.37356,49.9
S,HH서현-0062-1,0.4,B,성남시 분당구 서현동 306-3번지 건일빌딩 주차장 앞 도로,20060331,127.137135,37.3735629,49.859
R,HH서현-0675-1,0.35,A,성남시 분당구 서현동 306-3번지 건일빌딩 주차장 입구 보도,20020430,127.1372339,37.3736597,49.711
S,HH서현-0675-1,0.3,A,성남시 분당구 서현동 306-3번지 건일빌딩 주차장 입구 보도,20020430,127.1372333,37.3736639,49.733
R,HH정자-0180-1,1.0,A,SEC#47 정든마을동아2단지입구앞 도로,20221013,127.1229113,37.3609859,82.0
R,HH정자-0600-1,0.6,A,SEC#37 신기사거리 한솔6단지놀이터앞 도로,20220524,127.1149006,37.3637315,63.197
R,HH야탑-0185-2,0.2,A,SEC#41 여수천코오롱 (장미마을1단지 코오롱아파트 128동 앞 도로),20221005,127.1264225,37.4152442,29.909
R,HH야탑-0192-1,0.3,A,"SEC#53 장미마을현대아파트 (809동,810동 사이 단지내 도로)",20221010,127.1302116,37.416219,31.222
R,HH금광-0003-1,0.0,A,대림아파트 304동 앞,20220527,127.1646661,37.4427759,113.917
R,HH정자-0685-1,0.3,A,수내동 금곡프라자,20220325,127.1142698,37.3628997,61.126
S,HH대장-0021-1,1.1,B,SEC.48_대장동 11단지 다샵판교 인근,20231016,127.0721808,37.3677976,121.61
S,HH분당-0240-5,1.3,A,동신빌라앞 보도,20200921,127.1361948,37.368972,62.52
S,HH정자-0680-5,1.1,A,버스정류장 뒷편,20210810,127.1178992,37.3544451,49.33
R,HH분당-0240-5,1.3,A,동신빌라앞,20200921,127.1361898,37.3689738,62.515
S,HH정자-0686-1,0.7,A,정자동 한솔마을 주공407동(80A),20210803,127.1173404,37.3672507,58.325
R,HH여수-0432-2,1.5,A,성남시 중원구 여수동 353지번 시그너스옆,20200305,127.1273211,37.4184249,26.827
S,HH서현-0714-1,0.4,A,시범삼성한신아파트 102동뒤,20200806,127.1299398,37.3826931,0.0
R,HH수내-0541-1,1.3,A,수내역세권라붐커피앞,20200806,127.1158535,37.3795932,0.0
S,HH이매-0555-1,0.5,A,성남시 분당구 이매동 140 아름마을 풍림아파트 515동 단지 옆 녹지,20221017,127.1224145,37.3981581,33.24
S,HH야탑-0558-2,0.15,A,성남시 분당구 야탑동 197-11 탑마을6단지벽산~주공8단지아파트 사이 보중보도 내 (6단지 방향),20221024,127.1337658,37.4091412,38.542
S,HH정자-0104-2,0.7,B,성남시 분당구 정자동 98-3 호텔블리스 주차장 입구 앞 도로,20230316,127.107465,37.3668429,42.517
R,HH서현-0185-1,0.8,B,성남시 분당구 서현동 246-5번지 서현역세권 기업은행 앞 보도,19980930,127.1249074,37.3853041,33.952
R,HH서현-0655-2,0.2,B,성남시 분당구 서현동 245-2번지 서현역 보람코아 주차장 앞,19951130,127.1257022,37.3863126,33.744
S,HH서현-0201-2,1.6,B,성남시 분당구 서현동 247-1번지 서현역 영건프라자 옆 보도,19931231,127.1254341,37.3863856,32.871
R,HH서현-0600-1,0.8,A,성남시 분당구 서현동 245-4번지 서현역 LG 에클라트2 앞 도로,20050614,127.1250641,37.38685,32.768
R,HH서현-4751-1,0.5,A,성남시 분당구 서현동 246-2번지 서현역 삼호 다두 프라자 앞 주차장 입구 도로,20140805,127.1245669,37.3865898,33.258
S,HH서현-0203-1,1.3,B,성남시 분당구 서현동 248-4번지 서현역 유성트윈프라자 앞 도로,19931231,127.124309,37.3863967,33.056
R,HH서현-0203-1,0.8,B,성남시 분당구 서현동 248-4번지 서현역 유성트윈프라자 앞 도로,19931231,127.1243128,37.3863944,33.04
S,HH서현-0204-1,1.0,B,성남시 분당구 서현동 248-4번지 서현역 유성트윈프라자 앞 도로,19931231,127.1243199,37.3863877,32.988
S,HH서현-0207-1,0.4,B,성남시 분당구 서현동 249-4번지 서현역 유성그린 타워 옆 도로,19980930,127.1241678,37.3864987,33.42
S,HH서현-0640-2,1.6,A,성남시 분당구 서현동 249-4번지 서현역 유성그린 타워 앞 인도,20120331,127.1244068,37.386515,32.363
R,HH서현-0640-2,1.5,A,성남시 분당구 서현동 249-4번지 서현역 유성그린 타워 앞 인도,20120331,127.1243976,37.3865163,32.356
S,HH서현-0245-4,2.0,B,성남시 분당구 서현동 248-4번지 서현역 경림빌딩 앞 도로,19931231,127.1238167,37.3878104,32.392
R,HH서현-0245-4,0.7,B,성남시 분당구 서현동 248-4번지 서현역 경림빌딩 앞 도로,19931231,127.1238201,37.3878132,32.39
R,HH서현-0662-2,0.8,A,성남시 분당구 서현동 254-5번지 서현역 서현프라자 옆 도로,20140805,127.1228045,37.3882153,31.877
S,HH서현-0662-2,0.8,A,성남시 분당구 서현동 254-5번지 서현역 서현프라자 옆 도로,20140805,127.1228146,37.3882137,31.874
S,HH서현-0655-2,0.2,B,성남시 분당구 서현동 245-2번지 서현역 보람코아 주차장 앞,19951130,127.1257062,37.3863148,33.742
S,HH서현-0600-1,0.3,A,성남시 분당구 서현동 245-4번지 서현역 LG 에클라트2 앞 도로,20050614,127.1250664,37.3868444,32.745
R,HH이매-0038-2,1.2,A,이매동 코오롱스포렉스,20220518,127.1234233,37.39513,31.894
S,HH수내-0541-1,1.3,A,수내역세권라붐커피앞,20200806,127.1158632,37.3795921,0.0
S,HH대장-0005-1,1.3,A,108-7 금강B3 진입로,20200522,127.0675975,37.3720476,138.058
S,HH정자-0679-5,1.0,A,더샾파크리버앞,20211123,127.1182188,37.3547267,49.325
S,HH분당-0263-5,0.8,A,쌍용빌라옆 보도,20201008,127.1355083,37.370453,57.339
R,HH서현-0563-5,0.6,A,오벨리스크오피스텔주차장입구,20211112,127.1259471,37.3860963,34.639
S,HH서현-0063-1,0.4,A,성남시 분당구 서현동 310번지 효자촌 미래타운아파트 601동 앞 계단,20060331,127.1373883,37.3736045,50.236
R,HH서현-0063-1,0.48,A,성남시 분당구 서현동 310번지 효자촌 미래타운아파트 601동 앞 계단,20060331,127.1373908,37.3735998,50.121
R,HH분당-0055-1,2.6,B,성남시 분당구 분당동 67번지 건영상가(24시 건영사우나) 버스정류소 뒤 녹지,19931231,127.1400646,37.371499,52.749
S,HH분당-0055-1,2.5,B,성남시 분당구 분당동 67번지 건영상가(24시 건영사우나) 버스정류소 뒤 녹지,19931231,127.1400681,37.3715007,52.795
R,HH분당-0283-2,1.37,A,성남시 분당구 분당동 35지번 샛별마을 동성APT 입구 옆 보도,19931231,127.1330366,37.3727653,49.468
S,HH분당-0283-2,1.4,A,성남시 분당구 분당동 35지번 샛별마을 동성APT 입구 옆 보도,19931231,127.1330398,37.3727618,49.471
R,HH분당-0054-1,0.95,B,성남시 분당구 분당동 67번지 장안유치원 앞 화단,20081031,127.1404154,37.370928,54.874
S,HH분당-0054-1,0.6,B,성남시 분당구 분당동 67번지 장안유치원 앞 화단,20081031,127.1404202,37.3709296,54.889
R,HH분당-0258-1,0.45,A,성남시 분당구 분당동 55번지 (주택단지 내 동신빌라 경비실 앞 보도),20160804,127.1359997,37.3689575,62.166
S,HH분당-0270-1,0.8,A,성남시 분당구 분당동 44-5번지 주택단지 내 장원퍼스테이스빌리지 입구 옆 녹지,19970731,127.1337696,37.3696399,59.821
S,HH분당-0634-1,0.2,A,성남시 분당구 분당동 63-1번지 (주택단지 내 그린빌라~삼성빌라 사이 도로),20010430,127.1354468,37.3682771,67.776
R,HH분당-0634-1,0.1,A,성남시 분당구 분당동 63-1번지 (주택단지 내 그린빌라~삼성빌라 사이 도로),20010430,127.1354461,37.3682807,67.789
R,HH분당-0484-1,0.13,A,성남시 분당구 분당동 60-4번지 (주택단지 내 한화빌라 내 담장 안 보도),19951130,127.1370981,37.3680439,72.938
S,HH분당-0484-1,0.3,A,성남시 분당구 분당동 60-4번지 (주택단지 내 한화빌라 내 담장 안 보도),19951130,127.137102,37.3680461,72.932
S,HH서현-0098-1,1.8,A,성남시 분당구 서현동 301번지 서현2동 효자촌 삼환아파트 512동 뒤 보도,20100331,127.1360701,37.3739771,49.12
S,HH분당-0467-1,0.4,A,성남시 분당구 분당동 60-6번지 (주택단지 내 아름빌라 입구 옆 보도),20010430,127.1365748,37.3678216,72.829
R,HH분당-0270-1,0.83,A,성남시 분당구 분당동 44-5번지 주택단지 내 장원퍼스테이스빌리지 입구 옆 녹지,19970731,127.1337735,37.3696395,59.892
R,HH이매-0081-1,1.4,A,이매동 삼성1005동,20210924,127.1268703,37.4032401,30.495
S,HH정자-0691-1,0.7,A,SEC#36 신화5단지아파트 (정든마을신화5단지 아파트 예쁜유치원 앞 도로),20220711,127.1171205,37.3621454,68.709
S,HH정자-0180-1,0.7,A,SEC#47 정든마을동아2단지입구도로,20221013,127.1229165,37.3609897,81.976
S,HH정자-0600-1,0.6,A,SEC#37 신기사거리 한솔6단지놀이터앞 도로,20220524,127.1149073,37.3637309,63.193
S,HH야탑-0102-2,0.2,A,야탑2동 행정복지센터 앞,20220408,127.1273324,37.409248,30.709
R,HH야탑-0102-2,0.2,A,야탑2동 행정복지센터 앞,20220408,127.1273259,37.4092435,30.722
S,HH중앙-0010-1,1.7,A,코오롱아파트 401동 뒤 자전거 보관소 앞,20210716,127.1492148,37.4398025,56.396
S,HH정자-0682-1,1.0,A,정자동 불정초등학교 건너편,20210825,127.1188804,37.361994,70.991
R,HH정자-0682-1,1.0,A,정자동 불정초등학교 건너편,20210825,127.1188802,37.3619886,70.987
R,HH서현-0152-1,0.3,A,성남시 분당구 서현동 89-2번지 서현1동 우체국 내 주차장 인입,20020430,127.1264274,37.3826228,44.251
S,HH서현-0152-1,0.2,A,성남시 분당구 서현동 89-2번지 서현1동 우체국 내 주차장 인입,20020430,127.1264314,37.3826166,44.251
R,HH서현-0132-4,0.6,B,성남시 분당구 서현동 271-3번지 킨코스코리아 옆 도로,20200217,127.121031,37.3841444,34.5309
S,HH서현-0132-4,0.6,B,성남시 분당구 서현동 271-3번지 킨코스코리아 옆 도로,19931231,127.1210278,37.3841419,34.8224
R,HH야탑-0143-1,0.7,A,성남시 분당구 야탑동 537-6번지 삼부빌딩 커피숍 입구좌측 테라스밑,19931231,127.1225927,37.4089103,28.25
S,HH야탑-0143-1,0.7,A,성남시 분당구 야탑동 537-6번지 삼부빌딩 커피숍 입구좌측 테라스밑,19931231,127.1225921,37.4089141,28.25
S,HH서현-0138-2,1.0,A,성남시 분당구 서현동 96번지 서현1동 시범단지 우성아파트 228동 옆 횡단보도 앞 보도,20120331,127.1297295,37.3808843,48.228
R,HH서현-0138-2,1.0,A,성남시 분당구 서현동 96번지 서현1동 시범단지 우성아파트 228동 옆 횡단보도 앞 보도,20120331,127.1297304,37.3808886,48.348
R,HH서현-0142-1,2.7,A,성남시 분당구 서현동 87번지 서현1동 한신상가 내 주차장,19931231,127.1281617,37.3817815,46.295
S,HH서현-0142-1,2.3,A,성남시 분당구 서현동 87번지 서현1동 한신상가 내 주차장,19931231,127.1281641,37.3817799,46.328
R,HH서현-0161-1,0.6,A,성남시 분당구 서현동 87번지 시범단지 삼성.한신아파트 126동 뒤 녹지,20060331,127.125655,37.3839285,40.369
S,HH서현-0161-1,0.7,A,성남시 분당구 서현동 87번지 시범단지 삼성.한신아파트 126동 뒤 녹지,20060331,127.1256509,37.3839259,40.266
R,HH이매-0053-1,0.6,A,성남시 분당구 이매동 138번지 동산쇼핑몰뒤 떡방앗간앞,20081031,127.1226517,37.3996743,30.641
S,HH이매-0053-1,0.6,A,성남시 분당구 이매동 138번지 동산쇼핑몰뒤 떡방앗간앞,20081031,127.12265,37.3996776,30.634
S,HH서현-0569-1,0.5,A,성남시 분당구 서현동 259-1번지 서현역 한국마사회 건물옆 보증보도,20040531,127.1211432,37.3870237,33.653
R,HH서현-0234-1,0.8,A,성남시 분당구 서현동 259-1번지 서현역 마사회 앞 보증보도(아름빌딩 옆),20140805,127.1211916,37.3870173,32.873
R,HH서현-0570-1,0.7,A,성남시 분당구 서현동 260-2번지 서현역 진성빌딩옆 보증 보도(진성빌딩 인입),20040531,127.1215246,37.3867373,33.193
S,HH서현-0570-1,0.5,A,성남시 분당구 서현동 260-2번지 서현역 진성빌딩옆 보증 보도(진성빌딩 인입),20040531,127.1215182,37.386738,33.196
R,HH서현-0232-1,0.8,A,성남시 분당구 서현동 279번지 서현역 성남교육청사 뒤 보도,19980930,127.1203359,37.3864411,33.353
S,HH서현-0232-1,1.0,A,성남시 분당구 서현동 279번지 서현역 성남교육청사 뒤 보도,19980930,127.1203399,37.3864407,33.361
R,HH서현-0226-1,0.7,A,성남시 분당구 서현동 272-6번지 한국폴리텍 대학 융합기술 교육원 앞 보도,19931231,127.1214004,37.385889,33.754
R,HH서현-0642-1,0.5,A,성남시 분당구 서현동 274-1번지 SR비지니스호텔 인입밸브,20071231,127.1202403,37.3856993,34.133
S,HH서현-0642-1,0.6,A,성남시 분당구 서현동 274-1번지 SR비지니스호텔 인입밸브,20071231,127.1202387,37.3857046,34.107
S,HH서현-0228-1,0.7,A,성남시 분당구 서현동 274-5번지 자생한방병원 옆 보도,20020430,127.1201491,37.3857771,33.932
R,HH서현-0228-1,0.6,A,성남시 분당구 서현동 274-5번지 자생한방병원 옆 보도,20020430,127.1201497,37.3857827,33.953
R,HH서현-0566-1,0.8,A,성남시 분당구 서현동 272-2번지 갤러리호텔 앞 보도,20040531,127.1211578,37.3851896,34.097
S,HH서현-0566-1,0.8,A,성남시 분당구 서현동 272-2번지 갤러리호텔 앞 보도,20040531,127.1211638,37.3851907,34.102
S,HH서현-0213-1,0.6,B,성남시 분당구 서현동 262-2번지 서현역 씨너스 분당(메가박스 건물) 옆 보도,19980930,127.1222311,37.3853237,34.487
R,HH서현-0213-1,0.5,B,성남시 분당구 서현동 262-2번지 서현역 씨너스 분당(메가박스 건물) 옆 보도,19980930,127.1222314,37.3853163,34.48
R,HH서현-0214-1,0.9,B,성남시 분당구 서현동 270-1번지 서현역 서현빌딩 옆 보도,19970731,127.1220561,37.3853003,33.857
S,HH서현-0214-1,0.9,B,성남시 분당구 서현동 270-1번지 서현역 서현빌딩 옆 보도,19970731,127.1220478,37.3853003,33.904
R,HH서현-0217-1,0.4,B,성남시 분당구 서현동 270-3번지 서현역 천지오피스텔 입구 앞 도로,19980930,127.1214768,37.3847006,34.526
S,HH정자-0248-1,2.2,A,정자동 성시교회 내,20220422,127.1192244,37.3550473,52.047
R,HH대장-0012-1,1.4,A,"246-1 공공 1,2 진입로",20200912,127.0685223,37.3653299,112.85
R,HH대장-0002-1,1.3,A,229-13 진흥A9블럭 진입로 앞,20200402,127.0677005,37.3652725,114.88
R,HH대장-0001-1,1.7,A,316-1 공공3 라인,20200402,127.0679002,37.362204,104.285
S,HH구미-0270-1,0.8,A,까치마을 건영아파트 607동 뒤,20200828,127.1084684,37.3462722,65.709
R,HH이매-0054-1,0.3,A,성남시 분당구 이매동 137-4번지 신흥코아빌딩 뒤,20081031,127.1228912,37.3996708,30.841
S,HH이매-0054-1,0.3,A,성남시 분당구 이매동 137-4번지 신흥코아빌딩 뒤,20081031,127.1228976,37.3996746,30.836
S,HH이매-0055-1,0.5,A,성남시 분당구 이매동 137-5번지 아름마을 두산아파트 옆 상가 골든프라자 뒤,20081031,127.1231968,37.3996772,30.564
R,HH이매-0055-1,0.5,A,성남시 분당구 이매동 137-5번지 아름마을 두산아파트 옆 상가 골든프라자 뒤,20081031,127.1231904,37.3996772,30.574
R,HH이매-0116-1,0.7,A,성남시 분당구 이매동 132번지 아름마을 건영아파트 아름타운 앞 보도,20081031,127.1216463,37.40479,29.325
S,HH이매-0000-1,1.2,Z,,,127.1218898,37.404967,28.839
R,HH이매-0000-1,1.2,Z,,,127.1218869,37.4049662,28.849
S,HH야탑-0122-1,1.6,A,성남시 분당구 야탑2동 535번지 탑마을대우아파트201동좌측보도,20080331,127.120643,37.4057796,32.033
R,HH야탑-0122-1,1.6,A,성남시 분당구 야탑2동 535번지 탑마을대우아파트201동좌측보도,20080331,127.1206463,37.4057777,31.961
S,HH야탑-0123-1,0.7,A,성남시 분당구 야탑2동 533-1번지 제일빌딩 앞 횡단보도,20100331,127.1217134,37.4055704,28.733
R,HH야탑-0123-1,0.7,A,성남시 분당구 야탑2동 533-1번지 제일빌딩 앞 횡단보도,20100331,127.1217083,37.4055664,28.78
S,HH야탑-0124-1,0.1,A,성남시 분당구 야탑2동 533-2번지 신한은행앞,19931231,127.1219553,37.4055795,29.25
R,HH야탑-0124-1,0.2,A,성남시 분당구 야탑2동 533-2번지 신한은행앞,19931231,127.1219593,37.4055781,29.154
R,HH이매-0000-1,0.4,Z,,,127.1232774,37.4052891,29.365
S,HH이매-0000-1,0.3,Z,,,127.1232765,37.405286,29.485
R,HH이매-0000-1,0.5,Z,,,127.1231874,37.4052773,29.205
S,HH이매-0000-1,0.5,Z,,,127.123192,37.4052809,29.172
S,HH야탑-0125-1,0.6,A,성남시 분당구 야탑2동 533-3번지 동양프라자 입구 앞 보도,20100331,127.1221676,37.4055803,28.816
R,HH서현-0201-2,1.1,B,성남시 분당구 서현동 247-1번지 서현역 영건프라자 옆 보도,19931231,127.1254286,37.3863901,32.867
S,HH서현-0181-1,0.5,A,성남시 분당구 서현동 247-3번지 서현역 삼보프라자 앞 인도,19951130,127.1251378,37.3856948,33.969
S,HH서현-0178-1,0.7,A,성남시 분당구 서현동 246-1번지 서현역 금화빌딩 앞 보도,19980930,127.1258396,37.3859954,33.579
R,HH서현-0564-1,1.0,A,성남시 분당구 서현동 246-2번지 서현역 신영팰리스 앞 보도 (카페베네 옆),20040531,127.1255668,37.3857954,33.474
R,HH서현-0183-1,0.6,B,성남시 분당구 서현동 246-2번지 서현역 신영팰리스 타워 앞 보도,19970731,127.125351,37.3856558,33.942
S,HH서현-0184-1,0.5,B,성남시 분당구 서현동 246-4번지 서현역 대명 프라자 앞 보도,19980930,127.1251325,37.3854726,34.031
S,HH서현-0185-1,0.9,B,성남시 분당구 서현동 246-5번지 서현역세권 기업은행 앞 보도,19980930,127.1249098,37.3853024,33.95
R,HH서현-0186-1,0.4,A,성남시 분당구 서현동 246-6번지 서현역 서현 현대 프라자 앞 보도,19970731,127.1245687,37.3850929,34.435
R,HH서현-0202-1,0.5,B,성남시 분당구 서현동 248-1번지 서현역 대명 프라자 앞 보도,19931231,127.1248586,37.3867584,32.749
S,HH서현-0202-1,0.7,B,성남시 분당구 서현동 248-1번지 서현역 대명 프라자 앞 보도,19931231,127.1248642,37.3867601,32.761
S,HH서현-4751-1,0.6,A,성남시 분당구 서현동 246-2번지 서현역 삼호 다두 프라자 앞 주차장 입구 도로,20140805,127.1245653,37.3865942,33.255
S,HH서현-0475-1,0.2,A,성남시 분당구 서현동 246-2번지 서현역 삼호 다두 프라자 옆 보도,19970731,127.1245288,37.3865032,33.884
R,HH서현-0204-1,0.8,B,성남시 분당구 서현동 248-4번지 서현역 유성트윈프라자 앞 도로,19931231,127.124317,37.3863904,33.008
R,HH서현-0599-2,1.6,A,성남시 분당구 서현동 250-6번지 서현역 본치과병원(투썸플레이스) 앞 도로,20180607,127.1241945,37.3863668,32.341
S,HH서현-0210-1,0.5,A,성남시 분당구 서현동 249-6번지 까사미아 옆 주차장입구 도로,19980930,127.1238851,37.3867347,33.142
R,HH서현-0210-1,0.5,A,성남시 분당구 서현동 249-6번지 까사미아 옆 주차장입구 도로,19980930,127.1238807,37.3867359,33.14
R,HH서현-0603-1,0.6,A,성남시 분당구 서현동 249-5번지 서현역 호텔리젠시 앞 도로,20020430,127.1239947,37.3866363,33.181
R,HH야탑-0186-1,0.5,A,야탑동 상희공원 앞,20211128,127.1403851,37.4102358,53.177
S,HH대장-0009-1,1.4,A,51-1 대우A1앞보도,20200910,127.070166,37.3738749,149.313
S,HH야탑-0126-1,0.1,B,성남시 분당구 야탑2동 533-4번지 숭문상가 입구 앞 보도,19931231,127.1224923,37.4055913,29.557
R,HH야탑-0126-1,0.1,B,성남시 분당구 야탑2동 533-4번지 숭문상가 입구 앞 보도,19931231,127.1224963,37.4055914,29.461
R,HH야탑-0474-1,0.4,A,성남시 분당구 야탑동 533-5번지 탑마을 남서울프라자 입구 앞 보도(명량핫도그 일대),20010430,127.1227146,37.4056024,29.0518
S,HH야탑-0474-1,0.3,A,성남시 분당구 야탑동 533-5번지 탑마을 남서울프라자 입구 앞 보도(명량핫도그 일대),20010430,127.1227113,37.4056024,29.0563
R,HH야탑-0127-1,0.6,A,성남시 분당구 야탑2동 533-7번지 중앙빌딩 입구 앞 보도,20100331,127.1230908,37.4055778,29.012
S,HH야탑-0127-1,0.5,A,성남시 분당구 야탑2동 533-7번지 중앙빌딩 입구 앞 보도,20100331,127.1230868,37.405581,29.14
S,HH야탑-0499-2,0.7,A,성남시 분당구 야탑동 533-8번지 아름사거리 코너 베스킨라빈스 보도(명량핫도그 일대),20140805,127.1234924,37.4056271,29.05
R,HH야탑-0130-2,1.3,A,성남시 분당구 야탑2동 535번지 탑마을대우아파트212동뒤좌측녹지,20100331,127.123058,37.4061201,28.818
S,HH야탑-0129-1,1.7,A,성남시 분당구 야탑2동 535번지 탑마을대우아파트212동210동사이보도,20080331,127.1224565,37.4062937,28.78
R,HH야탑-0129-1,1.7,A,성남시 분당구 야탑2동 535번지 탑마을대우아파트212동210동사이보도,20080331,127.1224513,37.4062939,28.804
R,HH야탑-0434-2,0.5,A,성남시 분당구 야탑2동 538-1번지 탑마을선경/대우A사이지하도옆보도,20060331,127.1230027,37.4070302,28.978
S,HH야탑-0434-2,0.5,A,성남시 분당구 야탑2동 538-1번지 탑마을선경/대우A사이지하도옆보도,20060331,127.1229954,37.4070245,28.949
S,HH야탑-0141-1,0.3,A,성남시 분당구 야탑2동 536번지 탑마을 선경 APT 102동 뒤 도로,20100331,127.1230432,37.4086539,28.521
R,HH야탑-0141-1,0.3,A,성남시 분당구 야탑2동 536번지 탑마을 선경 APT 102동 뒤 도로,20100331,127.1230427,37.4086493,28.531
R,HH야탑-0406-1,1.2,A,성남시 분당구 야탑2동 537-3번지 한국 골프 회관 입구 좌측 화단,20060331,127.1219079,37.4087686,28.131
S,HH야탑-0406-1,0.7,A,성남시 분당구 야탑2동 537-3번지 한국 골프 회관 입구 좌측 화단,20060331,127.121902,37.4087744,28.163
R,HH야탑-0142-1,0.5,A,성남시 분당구 야탑동 537-7번지 감미옥 입구 우측 보도,20100331,127.1229294,37.4089936,28.389
S,HH서현-0165-1,1.0,A,서현동 서현고등학교 옆,20210831,127.1242289,37.3821506,44.421
R,HH구미-0590-1,1.0,A,SEC#39 하얀어린이공원앞 보도,20201205,127.118454,37.3449636,52.588
R,HH구미-0689-1,1.0,A,SEC#39 두앙노빌리티103동앞 보도,20210330,127.1184701,37.345394,52.249
R,HH구미-0376-1,0.8,A,SEC#39하얀마을그랜드빌404동308동사이길 보도,20210330,127.1177816,37.3439528,53.924
R,HH대장-0006-1,1.3,A,산19-46 금강B1인입,20201017,127.0667503,37.3731092,147.598
R,HH대장-0009-1,1.4,A,51-1 대우A1앞보도,20200910,127.0701581,37.3738755,149.393
R,HH구미-0264-1,1.6,A,구미동 2001아울렛,20210207,127.1079412,37.3494493,58.269
S,HH수내-0604-1,1.0,A,수내동 동부루트빌딩,20210422,127.1138909,37.3774566,37.305
R,HH수내-0604-1,1.0,A,수내동 동부루트빌딩,20210422,127.1138913,37.3774506,37.272
R,HH대장-0020-1,1.9,A,대장동 A10BL 단지내 출입구,20240311,127.0716548,37.3678739,119.481
S,HH수내-0348-1,1.2,A,수내동 파크타운 삼익121동,20210707,127.1223216,37.3702004,55.914
S,HH야탑-0142-1,0.5,A,성남시 분당구 야탑동 537-7번지 감미옥 입구 우측 보도,20100331,127.1229245,37.4089953,28.378
R,HH야탑-0149-1,1.0,A,성남시 분당구 야탑1동 486번지 성남운동장 앞 사송교 삼거리,19980930,127.1207572,37.4128993,27.268
S,HH야탑-0177-1,1.5,B,성남시 분당구 야탑1동 393번지 만나교회 입구 좌측끝 녹지,19931231,127.122405,37.4144576,27.509
R,HH이매-0051-1,0.3,A,성남시 분당구 이매동 139번지 이매2동동사무소와 파출소사이,20081031,127.121953,37.3994878,31.77
S,HH이매-0051-1,0.3,A,성남시 분당구 이매동 139번지 이매2동동사무소와 파출소사이,20081031,127.1219517,37.3994845,31.77
S,HH야탑-0128-1,0.5,B,성남시 분당구 야탑2동 533-8번지 미라보 상가 입구앞,19931231,127.1232873,37.4055644,29.094
R,HH야탑-0128-1,0.6,B,성남시 분당구 야탑2동 533-8번지 미라보 상가 입구앞,19931231,127.1232902,37.4055641,29.08
S,HH서현-0141-1,0.9,A,성남시 분당구 서현동 87번지 시범단지 삼성아파트 132동 놀이터 옆 보도,20081031,127.1289048,37.3817085,47.862
R,HH서현-0141-1,0.6,A,성남시 분당구 서현동 87번지 시범단지 삼성아파트 132동 놀이터 옆 보도,20081031,127.1289041,37.3817127,48.139
S,HH서현-0661-2,0.6,A,성남시 분당구 서현동 86번지 서현1동 서현지엔느 옆 도로,20120331,127.1252922,37.3839467,40.147
R,HH서현-0661-2,0.7,A,성남시 분당구 서현동 86번지 서현1동 서현지엔느 옆 도로,20120331,127.125299,37.3839539,40.133
R,HH서현-0149-1,1.3,A,성남시 분당구 서현동 87번지 시범단지 삼성아파트 129동 옆 녹지,20100331,127.1276567,37.3835451,43.422
R,HH야탑-0090-1,1.5,A,성남시 분당구 야탑1동 530번지 탑마을 진덕 APT 508동 놀이터옆녹지,20100331,127.1268626,37.4060094,30.134
S,HH야탑-0090-1,1.5,A,성남시 분당구 야탑1동 530번지 탑마을 진덕 APT 508동 놀이터옆녹지,20100331,127.1268625,37.4060062,30.03
R,HH야탑-0089-1,0.9,A,성남시 분당구 야탑동 530번지 탑마을 타워빌5단지(쌍용) APT 입구 경비실 앞 보도,20100331,127.1271974,37.4060397,30.199
S,HH야탑-0089-1,0.9,A,성남시 분당구 야탑동 530번지 탑마을 타워빌5단지(쌍용) APT 입구 경비실 앞 보도,20100331,127.1271934,37.4060362,30.101
S,HH야탑-0427-2,1.4,B,성남시 분당구 야탑동 357-1번지 야탑동 킴스(뉴코아) 앞 도로,20080331,127.1278536,37.4104835,27.648
R,HH정자-0687-1,0.5,A,정자동 한솔마을 LG206동,20220610,127.1203509,37.3661774,65.741
S,HH정자-0687-1,0.5,A,정자동 한솔마을 LG206동,20220610,127.1203452,37.3661814,65.731
S,HH이매-0032-1,3.5,A,이매동 아름마을 효성705동,20220610,127.1209494,37.3940126,33.789
S,HH정자-0033-1,0.7,A,정자동 한솔마을 한솔유치원(100A),20210803,127.1172607,37.3670536,59.384
R,HH정자-0033-1,0.7,A,정자동 한솔마을 한솔유치원(100A),20210803,127.1172553,37.3670572,59.396
S,HH정자-0572-1,0.82,A,경기도 성남시 분당구 정자동 257-5번지,20220831,127.1189251,37.3587257,71.104
R,HH수내-0333-1,0.0,A,푸른마을 쌍용B상가 주차장 안전지대,19951031,127.1235042,37.3692475,59.341
S,HH수내-0333-1,0.2,A,푸른마을 쌍용B상가 주차장 안전지대,19951031,127.1235088,37.3692501,59.336
R,HH정자-0057-1,1.0,A,SEC#37 신기사거리 (상록마을우성아파트 328동과 놀이터 사이 공원내),20220816,127.1123646,37.3640645,52.685
R,HH서현-0712-1,1.0,A,시범단지한양아파트 306동옆,20200806,127.1266726,37.3801007,0.0
R,HH분당-0688-1,1.4,A,성남시 분당구 분당동 72번지 대진고 뒤 보증보도(녹지),20180806,127.1393305,37.3692065,63.435
S,HH야탑-6564-,0.6,A,상탑사거리 한마음복지관,20241110,127.1435105,37.4085203,0.0
R,HH서현-0493-1,0.9,A,효자촌 대우아파트 세화유치원옆,20200806,127.1369332,37.3714672,0.0
R,HH금곡-0550-1,0.3,B,성남시 분당구 금곡동 168 메디파크 주차장입구 도로,19951231,127.1066386,37.3505926,52.666
R,HH정자-0051-1,0.6,A,성남시 분당구 정자동 112 한솔마을 주공APT 504동 앞 주차장,20100331,127.1183701,37.3640584,71.25
S,HH야탑-0243-1,2.0,A,성남시 분당구 야탑2동 526번지 탑마을경남A711동지하주차장램프옆녹지,20060331,127.1319417,37.4068889,35.25
S,HH분당-0635-1,1.5,B,성남시 분당구 분당동 63-9번지 (주택단지 내 그린빌라 옆 도로),19951130,127.1352433,37.3687041,61.186
S,HH금곡-0199-1,0.8,B,성남시 분당구 금곡동 181번지 한별유치원 옆 녹지,19951231,127.1067141,37.3550019,48.93
S,HH이매-0023-1,1.6,A,성남시 분당구 이매동 123번지 이매촌 청구아파트 관리사무소옆,20140805,127.1270051,37.3917711,35.08
S,HH정자-0182-1,0.7,A,성남시 분당구 정자동 220지번 정든마을 분당중앙고등학교 내 뒤 보도,20100331,127.12412,37.3607717,84.994
S,HH서현-0681-2,1.4,A,성남시 분당구 서현동 297번지 서현2동 동아아파트 상가 창인프라자 건너 우리은행 앞 도로,20140805,127.1337238,37.3766866,48.285
S,HH정자-0681-1,0.5,A,정자동 상록마을 우성319동,20210618,127.1123806,37.3650688,50.519
S,HH서현-0187-1,0.2,A,성남시 분당구 서현동 247-6번지 서현역 센트로빌딩(구.앤비백화점) 뒤 주차장 입구 보도,19980930,127.1245094,37.3852523,34.62
S,HH정자-0673-1,0.0,A,한솔마을 한솔어린이공원내 녹지,20200806,127.1173421,37.3669159,0.0
R,HH서현-0643-1,1.2,A,성남시 분당구 서현동 268-6번지 서현역 앞길 동호프라자 앞 보도,19951130,127.1216911,37.383678,34.702
S,HH수내-0633-1,1.0,A,성남시 분당구 수내동 1 분당구청 내 테니스장 옆 녹지,20090506,127.1187475,37.3820114,36.859
S,HH서현-0599-2,1.6,A,성남시 분당구 서현동 250-6번지 서현역 본치과병원(투썸플레이스) 앞 도로,20180607,127.1242069,37.3863656,32.338
R,HH서현-0098-1,2.1,A,성남시 분당구 서현동 301번지 서현2동 효자촌 삼환아파트 512동 뒤 보도,20100331,127.1360632,37.3739773,49.178
R,HH서현-0475-1,0.2,A,성남시 분당구 서현동 246-2번지 서현역 삼호 다두 프라자 옆 보도,19970731,127.1245328,37.3865052,33.88
R,HH구미-0371-1,0.85,A,SEC#39 두앙노빌리티3차앞보도,20210330,127.118429,37.3452045,52.465
R,HH야탑-0148-1,1.0,A,바른세상병원 후문 보도(여성차병원뒤 먹자골목),20200805,127.1266147,37.4102,27.689
S,HH금곡-0576-1,0.4,A,성남시 분당구 금곡동 202지번 하우스토리 101동 옆 보증보도 사이,20020430,127.1052507,37.3513298,51.722
R,HH구미-0538-1,1.8,A,성남시 분당구 구미동 278-1번지 관리사무소 옆 녹지,20180607,127.1247016,37.3424203,82.837
S,HH정자-0184-1,0.8,B,성남시 분당구 정자동 211번지 이마트 출구 옆 녹지,19970731,127.119762,37.3584612,70.4334
S,HH야탑-0500-2,0.7,A,성남시 분당구 야탑동 291-1지번 아델파크 오피스텔 앞 보도(은학의집 인근),20140805,127.1429304,37.4127384,45.39
S,HH수내-6556-,0.6,A,수내동 재규어랜드로버 앞,20240819,127.1150051,37.3796577,0.0
R,HH수내-6556-,0.6,A,수내동 재규어랜드로버 앞,20240819,127.1150072,37.3796629,0.0
S,HH서현-0174-1,2.6,A,성남시 분당구 서현동 91번지 서현1동 한양아파트 307동 옆 녹지,20180806,127.1252293,37.3794006,48.736
S,HH금곡-0223-1,1.3,A,성남시 분당구 금곡동 123지번 분당경영고등학교(구. 정보산업고) 축구골대 뒤 운동장 스탠드,19951231,127.1099202,37.3550336,44.332
S,HH정자-0006-1,1.4,A,성남시 분당구 정자동 110지번 한솔마을 청구APT 내 꿈나무유치원 녹지,20160804,127.1215764,37.3648181,72.951
S,HH정자-0177-1,0.4,A,성남시 분당구 정자동 255-6 정든마을 동아APT 1단지~2단지 사이 보증보도,20100331,127.1209092,37.3610406,75.534
S,HH금곡-0255-1,0.5,A,성남시 분당구 금곡동 141번지 806동 앞 차로 측구,20081031,127.1131587,37.3505856,52.56
S,HH수내-0391-1,2.0,A,성남시 분당구 수내동 39-1지번 양지마을 한양APT 520동 앞 녹지,20140805,127.1158145,37.3735453,37.69
S,HH금곡-0250-2,1.1,A,성남시 분당구 금곡동 143번지 청솔마을 성원7단지아파트 705동 상가 옆 보도,20100331,127.1098423,37.3515953,52.65
S,HH수내-0585-2,0.5,A,성남시 분당구 수내동 16-10번지 수내역 로얄팰리스하우스빌 뒤 보증보도,20040531,127.112432,37.3762974,38.52
S,HH여수-0463-1,0.5,A,성남시 중원구 여수동 218번지 성남시청 정문 맞은편 다가구 주택 앞 도로,20100324,127.1260673,37.4187276,26.07
S,HH야탑-6555-,0.6,A,야탑동 금호어울림 그린파크,20240925,127.1555741,37.4075007,0.0
R,HH야탑-6555-,0.6,A,야탑동 금호어울림 그린파크,20240925,127.1555741,37.4074953,0.0
S,HH구미-6558-,0.6,A,분당서울대병원 복합진료동,20240903,127.1244781,37.34613,0.0
R,HH구미-6558-,0.6,A,분당서울대병원 복합진료동,20240903,127.1244832,37.3461354,0.0
S,HH수내-6561-,0.6,A,수내동 신해철길 보도,20251023,127.1265408,37.3660787,0.0
R,HH수내-6561-,0.6,A,수내동 신해철길 보도,20251023,127.12654,37.3660742,0.0
S,HH수내-6562-,0.6,A,수내동 신해철거리,20251023,127.1264449,37.3662026,68.417
R,HH수내-6562-,0.6,A,수내동 신해철길,20251023,127.1264434,37.3661975,68.425
S,HH야탑-6563-,0.6,A,가나복지관 주차장,20251111,127.1437537,37.4080416,0.0
R,HH야탑-6563-,0.6,A,가나복지관 주차장,20251111,127.1437522,37.4080465,0.0
R,HH야탑-0262-1,0.9,A,성남시 분당구 야탑3동 172 성은특수학교내 정문 앞,20100331,127.1445677,37.4090486,56.11
S,HH서현-0205-1,0.6,A,성남시 분당구 서현동 248-5번지 서현역 코코프라자 앞 도로,20180607,127.1237323,37.3859676,33.512
R,HH정자-0567-1,0.2,A,성남시 분당구 정자동 168-1지번 정자역 대림아크로텔 오피스텔 옆 보도,20040531,127.107296,37.3632938,42.479
S,HH여수-0506-1,0.7,A,성남시 중원구 여수동 192번지 한화테크원어린이집주차장입구(성남시청인근),20160510,127.1279055,37.4175128,28.453
S,HH여수-0460-2,0.7,A,성남시 중원구 여수동 196번지 TLI센타뒤지하주차장입구앞도로(성남시청인근),20100324,127.1279389,37.4179715,27.378
S,HH구미-0383-5,0.2,A,성남시 분당구 구미동 172번지 담장 밖 보도,19951231,127.1048017,37.3398238,58.203
S,HH야탑-0325-1,0.5,A,성남시 분당구 야탑동 205번지 매화마을 주공3단지APT 302동 좌측 앞 보도,20060331,127.1372582,37.4157638,36.75
S,HH야탑-0343-1,0.2,A,성남시 분당구 이매동 203번지 야탑소방서 옆 도로,20190510,127.135766,37.4164619,34.177
S,HH야탑-0311-1,0.2,A,성남시 분당구 이매동 202-4번지 제스빌딩 옆 도로(소방서 옆),20190510,127.1357358,37.4164853,33.985
S,HH여수-0492-1,1.3,A,성남시 중원구 여수동 602번지 여수산들마을2단지APT정문입구,20121025,127.1355971,37.418703,37.904
S,HH서현-0188-1,0.6,A,성남시 분당구 서현동 263번지 서현역 AK프라자 C주차장 앞 보도,19970731,127.123137,37.3840164,34.88
S,HH서현-0472-1,0.7,A,성남시 분당구 서현동 261-4번지 서현역 메이트 호텔 입구 앞 보도,20121025,127.1217388,37.3863039,34.153
S,HH서현-0128-1,1.3,A,성남시 분당구 서현동 92번지 서현1동 시범단지 현대아파트 409동 옆 녹지,20100331,127.1282858,37.3775125,53.47
S,HH구미-0565-1,0.5,A,성남시 분당구 구미동 30번지 웰파크 뒤 보도,20170810,127.1106387,37.3491205,54.711
S,HH정자-0163-2,2.1,A,성남시 분당구 정자동 193지번 정든마을 한진APT 809동 뒤 녹지,20170810,127.1181091,37.3611939,68.249
S,HH구미-0441-1,0.6,A,성남시 분당구 구미동 205-1번지 파리바케트 앞 보도,19970731,127.1163347,37.3378159,54.201
R,HH구미-0301-1,1.8,B,성남시 분당구 구미동 77번지 상가 뒤 단지내 도로,20080331,127.1169236,37.3496381,51.71
S,HH구미-0474-2,1.2,A,"성남시 분당구 구미동 222번지 건영,삼성10단지 APT 1002동 뒤 녹지",20100331,127.1215379,37.3394343,65.82
R,HH야탑-0317-1,0.2,A,성남시 분당구 야탑동 201번지 매화마을주공1단지A관리사무소후문우측녹지,20060331,127.13537,37.4156296,35.18
S,HH정자-0454-1,1.5,A,성남시 분당구 정자동 29지번 느티마을 경남/선경빌라 103동 옆 녹지,20100331,127.1100864,37.3725383,39.9027
S,HH수내-0354-1,1.6,A,성남시 분당구 수내동 54 파크타운 내정중학교 후문 옆 도로,20100331,127.1197129,37.3711404,46.1097
R,HH이매-0058-2,1.6,A,성남시 분당구 이매동 133번지 두산/삼호아파트 419동앞,20081031,127.1227141,37.4008214,33.67
R,HH구미-0298-1,1.1,A,성남시 분당구 구미동 66번지 313동 앞 보도,20100331,127.1155998,37.3499737,51.8
R,HH수내-0340-1,1.4,A,성남시 분당구 수내동 52지번 파크타운 서안APT 110동 뒤 녹지,20100331,127.1250959,37.3720507,53.6
R,HH서현-0128-1,1.3,A,성남시 분당구 서현동 92번지 서현1동 시범단지 현대아파트 409동 옆 녹지,20100331,127.1282912,37.3775154,53.47
S,HH서현-0158-1,0.6,A,성남시 분당구 서현동 91번지 서현1동 한양아파트 325동 앞 보증보도,20180806,127.1251158,37.3827777,42.056
S,HH야탑-6553-,0.6,A,분당차병원 암센터,20250518,127.1255304,37.4113415,29.182
R,HH야탑-6553-,0.6,A,분당차병원 암센터,20250518,127.1255252,37.4113371,29.187
S,HH야탑-6554-,0.6,A,분당차병원 암센터 앞,20250517,127.1252156,37.411371,29.054
R,HH야탑-6554-,0.6,A,분당차병원 암센터 앞,20250517,127.1252208,37.4113767,29.054
R,HH야탑-0511-2,1.0,A,성남시 분당구 야탑1동 354-1번지 여성차병원 내 카페 옆 보증보도,20180806,127.1265512,37.4112726,28.627
R,HH수내-0364-1,1.5,A,성남시 분당구 수내동 55 파크타운 롯데APT 129동 뒤 녹지,20100331,127.1198834,37.372578,45.7
R,HH이매-0042-1,0.7,A,성남시 분당구 이매동 141번지 풍림아파트 501동옆 지하계단,20081031,127.1222431,37.3959738,33.78
R,HH구미-0306-1,0.4,A,성남시 분당구 구미동 75번지 106동 뒤 녹지,19951231,127.1182451,37.3520657,51.5708
S,HH구미-0409-1,1.3,A,성남시 분당구 구미동 202번지 208동 경비실 뒤 녹지,20080331,127.1152279,37.3364442,60.41
R,HH야탑-0209-1,1.5,B,성남시 분당구 야탑1동 367-4번지 세신빌딩(국민은행) 옆 보증보도(BYC 라인),19931231,127.1290225,37.4103562,30.45
S,HH서현-0651-1,1.7,A,성남시 분당구 서현동 269-5번지 서현역 서원프라자 테라스 밑 (카페베네 입구 테라스),20120331,127.1217636,37.3839286,34.213
R,HH구미-0416-3,0.3,A,성남시 분당구 구미동 203-1 입구 앞 보도,19951231,127.1154333,37.3375812,53.961
R,HH수내-0578-1,0.8,A,성남시 분당구 수내동 7-9지번 수내역 대덕글로리 빌딩 앞 보증보도,20040531,127.1163724,37.3799045,36.87
R,HH도촌-0445-1,1.4,A,성남시 중원구 도촌동 631번지 도촌 파출소 앞 인도,20071231,127.1547261,37.4174761,58.88
R,HH수내-0389-1,1.2,A,성남시 분당구 수내동 24지번 양지마을 한양APT 517동 뒤 녹지,20120331,127.1151344,37.3744295,40.21
S,HH대장-6560-,0.6,A,대장동 디오르나인,20240323,127.0671591,37.3631537,0.0
R,HH대장-6560-,0.6,A,대당동 디오르나인,20240323,127.0671528,37.363157,0.0
S,HH구미-0650-1,0.3,A,성남시 분당구 구미동 23-3 미금역세권 고용노동부 성남지청 뒤 주차장입구 도로,20140930,127.1098983,37.3489634,56.338
R,HH수내-0540-1,1.5,A,성남시 분당구 수내동 지번 성남체육센터내,20200305,127.1170486,37.3829964,34.261
S,HH구미-0400-1,0.7,A,SEC#40 오리삼거리 (이화수 전통육개장 앞 도로),20210610,127.1108768,37.3380308,53.882
S,HH구미-0376-1,0.8,A,SEC#39하얀마을그랜드빌404동308동사이길 보도,20210330,127.1177806,37.3439588,53.927
S,HH구미-0694-1,0.6,A,성남시 분당구 구미동 305-1 빌라드와이 103동 앞 구미로174번길 도로,20240530,127.1264559,37.3429932,92.754
S,HH구미-0393-1,0.4,A,성남시 분당구 구미동 187-5번지 105동 뒤 보도,20020430,127.1113112,37.3396908,54.206
S,HH정자-0645-1,0.5,A,성남시 분당구 정자동 106-3지번 한솔마을 LGAPT 207동 앞 보증보도,20140303,127.1212082,37.3662015,65.176
S,HH정자-0034-1,1.1,A,성남시 분당구 정자동 111지번 한솔마을 LGAPT 211동 옆 도로,20180806,127.1208272,37.3640191,71.939
S,HH야탑-0322-1,1.4,A,성남시 분당구 야탑동 201번지 매화마을주공1단지A성산교회뒤담옆,19980930,127.1358387,37.4160967,35.56
S,HH야탑-0472-1,0.5,A,성남시 분당구 야탑3동 220-1지번 로잔티움파크 정문 맞은편 도로(은학의집 인근),20110315,127.1423179,37.4112658,56.288
R,HH야탑-0286-1,0.6,A,성남시 분당구 야탑3동 218번지 벽산빌라510동입구우측보도,20100331,127.1415983,37.4116947,53.11
R,HH정자-0179-1,2.0,A,성남시 분당구 정자동 199지번 정든마을 동아APT 204동 옆 녹지,20060331,127.1217279,37.3597187,78.69
S,HH야탑-0241-1,1.9,A,성남시 분당구 야탑2동 526번지 탑마을경남A입구상가앞보도,20060331,127.131066,37.4063495,34.42
S,HH정자-0172-1,0.3,B,성남시 분당구 정자동 144지번 정든마을 우성APT 4단지 상가 뒤 보도,19951231,127.1207393,37.3631037,74.33
R,HH금곡-0546-1,1.2,A,성남시 분당구 금곡동 171번지 골든밸리 앞 보도,20030530,127.1076503,37.3513231,51.259
S,HH정자-0027-1,0.9,A,성남시 분당구 정자동 101지번 한솔마을 주공7단지 한솔종합사회복지관 앞 보도,20100331,127.11586,37.3683629,49.42
S,HH정자-0121-2,1.0,A,성남시 분당구 정자동 125 상록마을 라이프APT 205동 밖 보도,20140805,127.1127523,37.3633498,53.2512
S,HH금곡-0579-1,0.8,A,성남시 분당구 구미동 170번지 천사의도시오피스텔3 앞 보도,20020430,127.1074078,37.3506598,53.59
S,HH야탑-0270-1,0.3,A,성남시 분당구 야탑동 266지번 동신빌라 909동 좌측 녹지,20100331,127.1402633,37.4101265,53.15
S,HH금곡-0234-1,1.6,A,성남시 분당구 구미동 126번지 604동 옆 녹지,20081031,127.1120076,37.3540718,49.0
S,HH구미-0511-1,1.2,A,성남시 분당구 구미동 278-1 무지개마을 빌라드와이 측구 보도,20140805,127.1261369,37.3432527,89.07
S,HH분당-0040-1,1.8,B,성남시 분당구 분당동 73번지 현진에버빌 빌라 앞 화단,19970731,127.1388563,37.3684806,72.46
S,HH수내-6557-,0.6,A,수내동 현대오피스빌딩,20240819,127.1146906,37.3799449,0.0
R,HH수내-6557-,0.6,A,수내동 현대오피스빌딩,20240819,127.1146841,37.3799459,0.0
S,HH구미-0481-1,1.0,A,"성남시 분당구 구미동 222번지 무지개마을 건영,삼성10단지 APT 1001동 주차장 내",20081031,127.1211955,37.3387123,70.94
R,HH정자-0011-1,0.3,A,SEC#58 한솔아파트 (한솔마을3단지한일아파트 301동 진입로 인근 보도),20210421,127.1211209,37.3669458,62.143
R,HH수내-0665-2,1.4,A,성남시 분당구 수내동 40-5 수내역 WMC빌딩 앞 도로,20120331,127.1171475,37.3802793,36.5233
R,HH수내-0387-1,0.2,A,양지마을 한양아파트 525동옆,20200806,127.1169094,37.3726205,0.0
S,HH구미-0440-1,0.5,A,"성남시 분당구 구미동 205-1번지 오성, 국민프라자 사이 보도",19970731,127.1163922,37.3374239,56.057
S,HH금곡-0546-1,1.2,A,성남시 분당구 금곡동 171번지 골든밸리 앞 보도,20030530,127.1076572,37.3513234,51.251
S,HH구미-0353-1,1.0,A,성남시 분당구 구미동 112번지 상가 뒤 보도,20100331,127.1137545,37.3457241,53.17
S,HH야탑-0306-1,0.9,A,성남시 분당구 야탑동 215번지 매화주공2단지아파트202동우측보도,20100331,127.1364978,37.4137094,43.38
R,HH서현-0169-1,0.4,A,성남시 분당구 서현동 91번지 서현1동 한양아파트 한양유치원 내 녹지,19931231,127.1252075,37.3815046,47.3204
R,HH서현-0163-1,0.8,A,성남시 분당구 서현동 91번지 서현1동 한양아파트 325동 앞 보증보도,20180806,127.125192,37.3827108,41.924
R,HH구미-0650-1,0.3,A,성남시 분당구 구미동 23-3 미금역세권 고용노동부 성남지청 뒤 주차장입구 도로,20140930,127.1099025,37.3489595,56.342
R,HH여수-0509-1,1.5,A,"성남시 중원구 여수동 602번지 여수산들마을2단지 APT 206동 1,2라인 앞 녹지",20121025,127.1368096,37.4203106,45.155
S,HH분당-0285-1,0.7,A,성남시 분당구 분당동 36지번 샛별마을 당촌초교 뒤 보도,20060331,127.13106,37.3739744,48.29
S,HH구미-0652-2,1.5,B,성남시 분당구 구미동 204-3지번 하나프라자 앞 횡단보도 인근(중앙차선),20140805,127.1166684,37.3365532,58.572
R,HH수내-0325-1,0.6,A,성남시 분당구 수내동 76지번 푸른마을 쌍용APT 507동 앞 보도,20180806,127.1224895,37.3676664,60.658
R,HH분당-0700-1,1.5,A,성남시 분당구 분당동 38지번 샛별마을 우방APT 311동 앞 녹지,20180806,127.1286351,37.3715847,53.673
R,HH구미-0369-1,1.4,A,성남시 분당구 구미동 110번지 아파트 내 참빛교회,20081031,127.1177136,37.3463574,51.67
S,HH여수-0487-1,1.0,A,성남시 중원구 여수동 600번지 여수센트럴타운3단지 APT 302동 3호라인 앞 보도,20121025,127.1295693,37.4186662,31.007
R,HH여수-0528-1,1.1,A,여수동 어반스퀘어 앞 보도,20201228,127.1272364,37.4170599,27.89
R,HH정자-0659-1,0.7,A,성남시 분당구 정자동 186-6지번 정자역 엠코헤리츠 3단지 주차장 입구 옆 도로,20160510,127.1070316,37.3623844,43.356
S,HH정자-0012-1,1.0,A,성남시 분당구 정자동 111지번 한솔마을 LGAPT 내 예은유치원 앞 도로,20180806,127.1203995,37.365961,65.75
S,HH이매-0015-1,0.8,B,성남시 분당구 이매동 121번지 이매촌 동부코오롱아파트 503동 관리사무소 옆 보증보도,20060331,127.1243441,37.3910632,34.45
S,HH야탑-0481-1,2.2,A,성남시 분당구 야탑1동 366-5번지 시그마호텔 옆 좌측 도로(BYC 인근),20140805,127.1296025,37.4104186,29.72
S,HH구미-0347-2,0.7,A,성남시 분당구 구미동 112번지 하얀마을 주공6단지아파트 611동 테니스장 옆 인도,20140805,127.1121289,37.3450098,54.3827
S,HH구미-0359-1,1.3,A,성남시 분당구 구미동 115번지 오리초 뒤 인입,20100331,127.1153366,37.34448,52.558
S,HH분당-0272-3,0.7,B,성남시 분당구 분당동 50번지 (주택단지 내 청구1차빌라 경비실 옆 보도),19951130,127.1339987,37.3707606,57.536
S,HH구미-0640-1,2.4,A,성남시 분당구 구미동 222번지 1003동 옆 녹지,20140805,127.1224083,37.3389535,71.669
R,HH야탑-0235-1,0.8,A,성남시 분당구 야탑2동 517번지 탑마을벽산아파트612동옆상가녹지,20060331,127.1321864,37.409018,36.83
S,HH정자-0040-1,0.5,A,성남시 분당구 정자동 116-2지번 한솔마을 주공APT 6단지 테니스장 옆 보증보도,20180806,127.1167983,37.3658267,60.597
S,HH야탑-0359-1,1.2,A,성남시 분당구 야탑동 135-1번지 노동사무소 건너편 2차선 도로(차량등록소 인근),20180607,127.1529581,37.4063904,66.738
R,HH야탑-0206-1,1.4,A,성남시 분당구 야탑1동 366-1번지 관보빌딩 정문 앞 보도,20180806,127.1300589,37.4117888,32.752
R,HH야탑-0245-1,1.3,A,성남시 분당구 야탑2동 518번지 주공8단지A801동옆주차장,20100331,127.134266,37.4088687,38.56
S,HH정자-0064-1,0.5,A,성남시 분당구 정자동 121지번 상록마을 우성APT 311동 뒤 담장 밑 녹지,20100331,127.1143029,37.3655733,54.01
R,HH정자-0154-1,0.7,A,성남시 분당구 정자동 154 정든마을 탄천초등학교 내 철봉 밑,20100331,127.116236,37.3612324,64.2784
R,HH분당-0274-1,0.1,A,성남시 분당구 분당동 44-1번지 주택단지 내 건영옴니빌라 입구 옆 도로,20010430,127.1331053,37.3707461,56.335
S,HH수내-0352-1,1.2,A,성남시 분당구 수내동 54 파크타운 삼익APT 118동 옆 놀이터 내,20100331,127.1208075,37.370692,50.01
R,HH분당-0256-1,0.82,B,성남시 분당구 분당동 60-9번지 (주택단지 내 삼성빌라 옆 도로),19970731,127.1350041,37.3685158,64.674
R,HH이매-0076-1,0.8,A,성남시 분당구 이매동 104번지 KT분당지사 성남대로방향 쪽 녹지,20120331,127.1282413,37.399914,30.72
R,HH서현-0074-1,0.2,A,성남시 분당구 서현동 316번지 효자촌 양영고교 후문 앞 보도,19951130,127.1402689,37.3744254,51.16
R,HH서현-0082-1,1.4,A,성남시 분당구 서현동 292번지 효자촌 임광아파트 315동 옆 녹지,20100331,127.1381922,37.3757888,53.718
S,HH정자-0132-2,1.1,A,성남시 분당구 정자동 235번지 주택전시관,20140805,127.1117591,37.3588449,56.729
S,HH-C-323,0.8,A,성남시 분당구 구미동 82번지 108동 데크 밑,20010430,127.119758,37.348663,50.497
R,HH-C-323,0.8,A,성남시 분당구 구미동 82번지 108동 데크 밑,20010430,127.1197612,37.3486629,50.395
R,HH야탑-0447-1,1.0,A,성남시 분당구 야탑3동 135-2지번 성남 노동사무소 현관 앞 우측 녹지,20071231,127.1533308,37.4068105,74.39
S,HH야탑-0310-2,0.9,A,성남시 분당구 야탑동 215번지 매화2단지APT관리사무소위쪽도로코너,20100331,127.1363789,37.414202,39.4912
R,HH금곡-0231-1,1.5,A,성남시 분당구 금곡동 125번지 503동 앞 화단,20081031,127.1119669,37.3551941,47.6
S,HH도촌-0483-1,0.3,A,성남시 중원구 도촌동 583번지 쌍용 오피스텔 주차장 입구 도로,20121025,127.1518818,37.4154533,53.293
R,HH구미-0529-1,1.2,A,성남시 분당구 구미동 297-1번지 체육관 앞 화단,20000331,127.1233975,37.3483246,81.19
S,HH야탑-0228-1,1.0,B,성남시 분당구 야탑2동 513-1지번 성남농협야탑역지점 좌측 횡단보도(돌마초교 인근),20100331,127.1294684,37.4096898,30.93
R,HH구미-0512-1,0.3,A,성남시 분당구 구미동 282번지 주차장입구 앞 도로,20180806,127.1246556,37.3434501,88.356
R,HH정자-0588-2,0.8,A,성남시 분당구 정자동 6-2 정자초교 내 입구 옆 담밑 화단,20040531,127.1057874,37.3742576,41.7157
S,HH야탑-0386-1,0.7,A,성남시 분당구 야탑3동 135-5번지 차량등록소우측보증보도말좌측,20100331,127.1541183,37.4074453,83.37
S,HH분당-0007-1,1.2,B,성남시 분당구 분당동 155번지 이화연립 뒤 내 녹지,19951130,127.142699,37.3682113,71.255
R,HH정자-0012-1,1.0,A,성남시 분당구 정자동 111지번 한솔마을 LGAPT 내 예은유치원 앞 도로,20180806,127.1203956,37.3659567,65.785
R,HH야탑-0176-1,1.07,A,성남시 분당구 야탑1동 393번지 만나교회뒤 밴치옆보도,19980930,127.1215911,37.4147922,26.569
S,HH이매-1101-2,1.6,A,성남시 분당구 이매동 132번지 아름마을 건영 105동 옆 보도,20081031,127.1216405,37.4040558,32.2272
R,HH야탑-0478-1,1.6,A,성남시 분당구 야탑동 334번지 장미마을 현대 APT 808-807사이녹지,20140805,127.1309019,37.4153499,29.92
S,HH구미-0461-2,1.8,A,성남시 분당구 구미동 221번지 509동 옆 녹지,20081031,127.1182184,37.3394236,58.74
S,HH야탑-0198-1,0.7,A,성남시 분당구 야탑1동 334번지 장미마을 현대 APT 834동 뒤 도로,20060331,127.1326947,37.414163,36.05
S,HH서현-0153-1,0.2,A,성남시 분당구 서현동 89-2번지 서현1동 우체국 좌측 출입구 앞 철판아래,19931231,127.1264447,37.3826961,44.665
S,HH여수-0387-1,0.8,A,성남시 중원구 여수동 353지번 스마트캐슬앞,20200305,127.1279651,37.4172518,28.389
R,HH수내-0348-1,1.2,A,수내동 파크타운 삼익121동,20210707,127.1223155,37.3702013,55.92
R,HH서현-0644-1,1.4,B,성남시 분당구 서현동 269-2번지 피아자코코빌딩 앞 인도,19951130,127.1223977,37.3843936,34.192
S,HH수내-0342-1,2.0,A,성남시 분당구 수내동 52지번 파크타운 서안APT 노인정 앞 도로,20100331,127.1240768,37.3719348,50.543
S,HH서현-0242-1,1.0,B,성남시 분당구 서현동 257번지 서현역 우체국 옆 도로,19980930,127.1234819,37.3871002,33.042
R,HH서현-0606-1,0.4,A,성남시 분당구 서현동 274-3번지 필립병원 옆 도로,20060614,127.1196766,37.3851522,34.318
R,HH금광-0005-1,0.0,A,대림아파트 502동 앞 녹지,20220704,127.1685738,37.4444038,106.614
R,HH서현-0178-1,0.7,A,성남시 분당구 서현동 246-1번지 서현역 금화빌딩 앞 보도,19980930,127.1258387,37.3859919,33.584
S,HH분당-0624-1,0.4,A,성남시 분당구 분당동 51-1번지 (주택단지 내 공간빌라 입구 보도),19951130,127.1334476,37.3709048,54.863
R,HH서현-0714-1,0.4,A,시범삼성한신아파트 102동뒤,20200806,127.129946,37.382692,0.0
S,HH구미-0267-1,3.1,B,성남시 분당구 구미동 12번지 503동 옆 녹지,19951231,127.1085461,37.3484727,63.1307
R,HH구미-0290-1,0.6,B,성남시 분당구 구미동 63번지 조리실 뒤 녹지,19951231,127.1121723,37.347656,53.644
S,HH구미-0290-1,0.6,B,성남시 분당구 구미동 63번지 조리실 뒤 녹지,19951231,127.1121725,37.3476525,53.681
R,HH구미-0267-1,3.1,B,성남시 분당구 구미동 12번지 503동 옆 녹지,19951231,127.1085394,37.3484724,63.1342
R,HH야탑-0523-1,1.0,A,성남시 분당구 야탑동 324-1지번 YWCA은학의집앞,20200305,127.1422644,37.4100788,59.816
R,HH수내-0602-1,0.5,A,성남시 분당구 수내동 6-3지번 수내역 서영빌딩 주차장 입구 보도,20050614,127.1167847,37.3794894,36.7542
R,HH야탑-0391-1,0.5,A,새마을 회관 앞 사거리 도로,20201228,127.1487422,37.4062696,56.756
R,HH정자-0248-1,2.2,A,정자동 성시교회 내,20220422,127.1192205,37.3550419,51.993
S,HH서현-0234-1,0.3,A,성남시 분당구 서현동 259-1번지 서현역 마사회 앞 보증보도(아름빌딩 옆),20140805,127.1211949,37.3870215,32.87
S,HH이매-0116-1,0.7,A,성남시 분당구 이매동 132번지 아름마을 건영아파트 아름타운 앞 보도,20081031,127.1216418,37.4047899,29.321
R,HH야탑-0499-2,0.7,A,성남시 분당구 야탑동 533-8번지 아름사거리 코너 베스킨라빈스 보도(명량핫도그 일대),20140805,127.1234999,37.4056311,29.011
S,HH야탑-0290-1,1.7,A,SEC#02 아델파크빌 앞 도로,20201103,127.1438386,37.412501,47.483
S,HH분당-0288-4,2.0,B,성남시 분당구 분당동 39지번 샛별마을 삼부APT 414동 옆 도로,19931231,127.1300135,37.3712676,56.41
S,HH야탑-0315-1,1.4,A,성남시 분당구 야탑동 215번지 매화2단지APT209동옆녹지,20100331,127.1352647,37.414741,38.17
R,HH서현-0697-2,0.8,A,성남시 분당구 서현동 280-2지번 미관광장앞,20200305,127.12407,37.3841854,32.063
R,HH이매-0073-1,1.2,A,성남시 분당구 이매동 109번지 109번지 이매1동 주민센터 옆 골목,19931231,127.1271456,37.3994668,31.92
S,HH수내-0383-2,1.0,A,성남시 분당구 수내동 36지번 양지마을 청구APT 206동 뒤 주차장 입구,20120331,127.1195125,37.3760433,40.28
R,HH정자-0031-1,0.9,A,성남시 분당구 정자동 120지번 한솔마을 주공APT 405동 앞 녹지,20100331,127.1183489,37.3675703,59.44
S,HH정자-6552-,0.7,A,정자동 국제교육원 맞은편 업무단지,20250916,127.105948,37.3671232,43.169
R,HH정자-6552-,0.6,A,정자동 국제교육원 맞은편 업무단지,20250916,127.1059422,37.3671265,43.142
S,HH대장-6559-,0.6,A,대장동 디오르나인,20240322,127.0671073,37.3636763,0.0
R,HH대장-6559-,0.6,A,대장동 디오르나인,20240322,127.0671025,37.3636779,0.0
R,HH구미-0649-1,1.3,A,성남시 분당구 구미동 276 무지개마을 분당대우빌라로얄카운티이스트 담장 내(매립),19970731,127.1267491,37.3428932,93.932
S,HH성남-0517-1,2.2,A,성남시 중원구 성남동 4742번지 모란시장 차단벨브,20170810,127.1272184,37.4296759,24.551
S,HH중앙-0009-1,1.2,A,코오롱아파트 202동 앞,20211115,127.1505225,37.4390692,59.841
S,HH구미-0408-1,1.0,A,성남시 분당구 구미동 195 구미동 하수종말처리장 옆 녹지,19970731,127.1136496,37.3407954,52.115
S,HH이매-0115-1,0.6,A,성남시 분당구 이매동 132번지 아름마을 건영아파트101동 앞아름타운상가 앞(구.아름유치원),20081031,127.121726,37.4046817,31.09
S,HH서현-0149-1,1.2,A,성남시 분당구 서현동 87번지 시범단지 삼성아파트 129동 옆 녹지,20100331,127.1276534,37.383549,43.492
S,HH서현-0119-1,0.4,A,성남시 분당구 서현동 94-2번지 서현1동 시범단지 메디피아병원 앞 좌측 녹지,20081031,127.1323792,37.3786547,50.145
S,HH구미-0492-1,0.8,A,성남시 분당구 구미동 243번지 803동 뒤 녹지,19951231,127.1248457,37.3410224,84.01
R,HH야탑-0240-2,1.5,A,성남시 분당구 야탑2동 526번지 탑마을경남A701동옆도로측구,20060331,127.1306571,37.4067777,34.35
R,HH정자-0076-1,0.8,A,성남시 분당구 정자동 91-2 느티마을 3단지~4단지 사이 보증보도,20180806,127.112439,37.3676175,42.401
S,HH금곡-0213-1,1.2,B,성남시 분당구 금곡동 207번지 입구 옆 보도,19970731,127.1053938,37.3520595,51.889
R,HH분당-0683-1,1.1,A,성남시 분당구 분당동 65-6지번 주택단지 내 청구2차빌라 앞 도로,20150805,127.1345412,37.3697226,58.801
R,HH수내-0380-1,1.0,A,성남시 분당구 수내동 36지번 양지마을 청구APT 212동 뒤 주차장 입구,20120331,127.1203998,37.3751471,40.38
R,HH대장-0005-1,1.3,A,108-7 금강B3 진입로,20200522,127.0675946,37.3720412,138.248
R,HH구미-0313-1,1.0,A,성남시 분당구 구미동 82번지 106동 옆 녹지,20010430,127.1197714,37.3495847,53.03
R,HH금곡-0259-1,0.8,B,성남시 분당구 금곡동 153번지 썬프라자 주차장입구,19951231,127.1106708,37.3505834,53.2
S,HH구미-0302-1,1.2,A,성남시 분당구 구미동 77번지 107동 앞 도로,20081031,127.1173106,37.3508239,51.4221
S,HH정자-0009-1,0.4,A,성남시 분당구 정자동 109-2지번 한솔마을 청구APT 내 청구코아 상가 밑 보증보도,20180806,127.1211664,37.3640206,73.013
R,HH구미-0303-1,1.2,B,성남시 분당구 구미동 77번지 이화유치원 입구,19951231,127.1175562,37.351074,51.38
S,HH분당-0050-1,1.0,A,성남시 분당구 분당동 72번지 대진고등학교 옆 보도(현진에버빌 옆 통행로),20180806,127.1393771,37.3691568,63.723
R,HH여수-0506-1,0.7,A,성남시 중원구 여수동 192번지 한화테크원어린이집주차장입구(성남시청인근),20160510,127.1279007,37.417516,28.483
S,HH정자-0056-2,2.5,A,성남시 분당구 정자동 121지번 상록마을 우성APT 309동 앞 보도,20100331,127.1134281,37.3644493,56.31
R,HH야탑-0094-1,0.8,A,성남시 분당구 야탑2동 511번지 탑마을 타워빌 APT 3단지관리사무소 우측주차장,20100331,127.12628,37.4080299,31.07
S,HH수내-0648-4,0.8,B,성남시 분당구 수내동 77지번 푸른마을 수내초등학교 운동장 앞 보도,19931231,127.1239915,37.3672648,65.93
