INDEX_KEY,BUILD_ID,ROOM_NAME,ROOM_ID,BUILD_NAME,LNG,LAT,ALT,NUM_HOUSE,HEAT_LOAD,VALVE_DIA,ROOM_LC,VALVE_LC,VALVE_KEY
2841S-1,2841,S-1,4367,건영퓨처힐(정다운빌라),127.133197,37.3704342,56.784,8,220,50,주차장 관리집사실내 지하기계실,정문앞 보도,사각 중
2281S-1,2281,S-1,4507,엘레강스프라자B동,127.1111242,37.3495679,54.07,0,1046.1,200,B3 기전실,한나식빵 옆 보도,육각 대
2619S-1,2619,S-1,5285,늘사랑어린이집,127.1233817,37.4073524,31.15,0,40.2,25,지하 주방 내 기계실,건물 측면 지하 주차장 방향 보도,사각 중
2433S-1,2433,S-1,615,초림프라자,127.1127191,37.3773985,38.19,0,621,80,지하3층 기계실,건물뒤편 중앙통로 방향 보도,사각 중
2879S-2,2879,S-2,4413,분당테크노파크 B동,127.1527514,37.4053413,70.74,0,1908.5,100,B2 기계실,건물 뒤편 화단,사각 중
2762S-3,2762,S-3,4278,청솔화인아파트,127.1073492,37.3539204,50.26,248,1330.7,100,6~7동 사이 화단 단독출입구,7동 뒤편 화단,사각 중
2807S-1,2807,S-1,4331,프라임하우스,127.1452909,37.3716699,65,16,257,50,5호라인 입구옆 반지하 기계실,빌라 창가 방향  6호라인 앞 화단,사각 중
2698S-1,2698,S-1,5448,한솔6단지아파트,127.115569,37.3639829,65.11,386,998,100,604동 지하 공동구,4동 장비반입구 앞 화단,사각 중
2897S-1,2897,S-1,4431,범한프라자,127.1393239,37.3719341,52.121,0,734.8,80,B3 주차장 기계실,주차장 출차 앞,사각 중
2759S-2,2759,S-2,4272,하얀마을5단지아파트,127.1173932,37.3451908,53.62,440,1108.5,100,3~4동 동지하 기계실,테니스장과 놀이터사이 장비반입구 앞,사각 중
2786S-1,2786,S-1,4308,공간빌라,127.1367537,37.3678177,73.06,8,207,50,B1 주차장 관리실 옆 기계실,빌라정문 장애인 계단옆,사각 중
3694S-1,3694,S-1,802,성남우편집중국,127.1075956,37.341634,58.88,0,2199.4,250,지하1층 주차장내(동력설비계),건물 옆 벤치 앞,사각 중
26437S-1,26437,S-1,56845,분당지웰푸르지오,127.1169509,37.381855,35.471,166,1056.8,100,지하1층,남쪽 인도,사각 중
2712S-1,2712,S-1,5465,목련마을한신아파트,127.1431535,37.4068495,51.28,264,1192.4,100,제1주차장 기계실,관리소앞도로,사각 중
3673S-10,3673,S-10,5188,시범현대아파트,127.129392,37.3790915,52.4,234,1380,100,27동 B1주차장,27동옆 초등학교 사이 화단,사각 중
2651S-1,2651,S-1,5352,이매유치원,127.1224547,37.397653,33.2,0,35.1,20,B1 조리실내 기계실,바닥공사로 인한 매립(확인불가),사각 중
2842S-1,2842,S-1,4368,건영퓨처힐(화목빌라),127.1333947,37.3699806,58.799,10,220,50,B1 주차장 기계실,103호 앞 마당,사각 중
11261S-1,11261,S-1,6408,구미동30번지 업무시설,127.1106042,37.349081,54.968,0,0,,,,
2801S-1,2801,S-1,4325,현진빌라,127.138882,37.3684789,72.46,16,257,50,B1 주차장 기계실,주차장 입구 왼쪽 화단,사각 중
2689S-6,2689,S-6,5426,"느티3,4단지아파트",127.114132,37.366754,48.83,0,0,,,,
2510S-1,2510,S-1,699,정자역프라자,127.1075343,37.3669272,42.75,0,648,80,B3 기계실,주차장 입구앞,사각 중
2696S-1,2696,S-1,5442,청솔사회복지관,127.11056,37.353781,49.37,0,460,65,지하1층 체육시설 내부,청솔어린이집 정문옆 벽사이,사각 중
2677S-2,2677,S-2,5395,무지개LG아파트,127.1145709,37.3371647,57.68,298,1692.2,100,207동 B1 주차장 기계실,7동 앞 경비초소 앞,사각 중
11195S-1,11195,S-1,6265,하얀마을복지회관,127.1121529,37.3443417,53.529,0,231.6,80,B1 기계실,건물 옆 차도,사각 중
2878S-1,2878,S-1,4412,분당테크노파크 A동,127.1506356,37.4053912,67.35,0,2743.3,125,B2 주차장 기계실,건물정면 출입구 좌측 보도,사각 중
2764S-2,2764,S-2,4281,매화마을1단지,127.1362404,37.4155431,34.88,236,888.6,80,4-5동 지하공동구 기계실,1동측면화단(확인불가),사각 중
2783S-1,2783,S-1,4305,한화프레스티지2,127.1355473,37.3679386,70.78,6,188,50,B1 기계실,정문앞 보도,사각 중
3686S-10,3686,S-10,5225,푸른마을,127.1265479,37.3682612,65.29,320,2260,125,"5,7동 B1주차장 기계실2번 기둥뒤",307동 뒤 보도,사각 중
2660S-1,2660,S-1,5370,희언유치원,127.1111394,37.3652814,47.29,0,76.3,32,B1 기계실,유치원뒤 화단,사각 중
2386S-1,2386,S-1,564,호스트웨이아이디씨(주),127.1240768,37.4133387,26.501,0,920.9,125,1층 주차장내 기계실,건물후면 도로,사각 중
2847S-1,2847,S-1,4373,구미동현대노블리스(83번지),127.119774,37.3495868,53.03,22,287.5,50,"3,4동 B1 주차장 기계실",102동 백엽상 옆 화단,사각 중
2279S-1,2279,S-1,4505,서현현대프라자(서현쇼핑),127.1245851,37.3850814,34.463,0,730.5,80,B4 주차장 기계실,건물 입구 보도,사각 중
3669S-3,3669,S-3,5162,분당시범우성아파트,127.1348785,37.379357,55.37,195,2143.6,125,216동 B1주차장,16동 측면 계단 옆 화단,사각 중
2638S-1,2638,S-1,5325,분당탑마을경남아파트,127.1306531,37.4067879,34.35,576,3449,150,701동 B1주차장기계실(A-5기둥),701동 1호라인옆보도,육각 대
2856S-1,2856,S-1,4384,분당동원로얄듀크아파트,127.1441114,37.4135991,44.59,166,1172.6,100,104동 B1주차장기계실(C20),103동옆 도로 버스정류장앞,사각 중
2723S-2,2723,S-2,4227,매화마을건영빌라,127.1414145,37.409119,51.62,112,497.7,65,917동 5.6호 지하 주차장,914동 5.6호 앞 도로,사각 중
3678S-3,3678,S-3,5208,양지마을1단지 금호,127.1189365,37.3778123,40.85,318,2860,125,"12동 B1주차장기계실(3.,4)라인",112동 3번 라인 앞 화단,사각 중
17771S-1,17771,S-1,46345,야탑보듬이나눔이어린이집,127.1515187,37.4065698,64.535,0,138.1,40,지하1층,1층 주차장,사각 중
3722S-1,3722,S-1,831,내정중학교,127.1191337,37.3706159,49.03,0,526.6,65,B1 기계실,학교후문으로 나와서 좌측 20M 앞,사각 중
2274S-1,2274,S-1,4499,썬프라자,127.1106475,37.3505879,53.2,0,534,65,B3 주차장 전기실,주차장 입구,사각 중
2612S-3,2612,S-3,5268,이매금강아파트,127.1246849,37.3904247,34.95,180,810,80,관리소와 유치원사이 단독출입구,관리사무소 옆 화단-  낙엽과 적재된 나무줄기로 확인불가,사각 중
2265S-2,2265,S-2,4490,산호트윈스,127.121697,37.3844541,34.083,0,252.6,125,안마건물 B3 기계실,주차장 입구 오른쪽 소화전 앞,사각 중
2472S-1,2472,S-1,674,월드프라자,127.1060691,37.3714183,41.2,0,782,80,B3 주차장 감시실 내 기계실,주차장 입구 보도,사각 중
3670S-1,3670,S-1,5175,홍하유치원,127.1319311,37.3800551,52.85,0,50,25,B1 기계실,유치원 놀이터 뒤 건물측면,사각 소
3688S-1,3688,S-1,793,가나안근로복지관,127.1437867,37.4080428,49.221,0,258.2,65,B1 기계실,건물뒷편 한마음복지관 경계도로,사각 중
2659S-2,2659,S-2,5366,상록마을우성아파트,127.1135553,37.3656531,53.36,384,2727.6,125,13동 지하 주차장,313동 주차장 입구 왼쪽 화단,사각 중
2605S-6,2605,S-6,5255,파크타운아파트,127.1224642,37.37197,53.46,223,1760,100,13동 B1 주차장,113동 옆면 정자뒤,사각 중
2742S-2,2742,S-2,4250,까치마을건영6단지빌라,127.1084373,37.346272,67.2,120,558.6,65,607동지하주차장,607동입구왼쪽화단,사각 소
2788S-1,2788,S-1,4310,삼정그린빌라,127.1472316,37.4093313,69.79,16,257,65,주차장입구기계실,주차장입구 오른쪽보도,사각 중
2626S-4,2626,S-4,5290,장미동부아파트,127.1271182,37.4152382,30.28,608,3580,150,관리실 뒤 단독출입구 지하기계실,관리소 정면 입구 차도,육각 중
2689S-7,2689,S-7,5427,"느티3,4단지아파트",127.1132817,37.366651,48.7,0,0,,,,
26613S-1,26613,S-1,59901,e편한세상 금빛 그랑메종 4단지,127.1652601,37.4455629,77.39,433,1897,125,"P6 405동 5,6라인 ",커뮤니티 좌측 화단,사각 중
2347S-1,2347,S-1,517,유앤미(you&me),127.1271202,37.4118005,29.093,0,451.5,65,B3 주차장 기계실,건물뒤 중앙통로 퐁퐁나이트앞,사각 중
2334S-1,2334,S-1,4567,산호트윈스2,127.1217343,37.3840787,36.53,0,614.7,80,호텔뷰 건물 B3 기계실,주차장 입구 오른쪽 소화전 앞,사각 중
2335S-1,2335,S-1,4568,(주)신한은행,127.125161,37.3854755,34.299,0,444.3,65,지하 4층,주줄입구 근처,사각 중
2426S-1,2426,S-1,606,분당프라자,127.1098617,37.349623,0,0,1027,100,B2 주차장 엘리베이터 입구옆(2번기,건물뒤 어굼터 앞,사각 중
2388S-1,2388,S-1,566,호텔 이비자,127.1299802,37.410453,34.29,0,182,50,B1 기계실,정문 앞 보도,사각 중
2609S-1,2609,S-1,5262,돌고래상가,127.121675,37.3712393,52.3249,0,768,80,B3 기계실,주차장 입구 차도,사각 중
2344S-1,2344,S-1,514,SK텔레콤(주),127.1158722,37.3802899,36.57,0,2571.2,125,B5 기계실,건물옆 조형물 앞,사각 중
2802S-1,2802,S-1,4326,대우2차빌라,127.1267532,37.3429007,93.863,12,240,50,B1 주차장 기계실,빌라 출입구 우측 화단 매몰(2019년 보도블럭 마감으로 확인 불가),사각 중
2420S-1,2420,S-1,600,한국정보공학,127.123828,37.3877286,32.884,0,288.8,50,B1 기계실,정문앞 보도,사각 중
2421S-1,2421,S-1,601,케이앤에프씨,127.1095459,37.3393018,54.124,0,0,,,,
2684S-1,2684,S-1,5406,신양유치원,127.1213157,37.361498,78.94,0,61.2,25,B1 기계실,건물좌측 놀이터 옆 화단,사각 소
2698S-4,2698,S-4,5451,한솔6단지아파트,127.116347,37.3657206,62.14,238,926.1,80,9동 동지하 기계실,9동 뒤편 장비반입구 옆 화단,사각 중
2867S-2,2867,S-2,4399,정자동양파라곤,127.1060722,37.369655,41.93,112,1079.9,100,4동3~5라인입구B2기계실(B62),103동측면 상가앞 보도,사각 중
2486S-1,2486,S-1,682,천사의도시1차오피스텔,127.108264,37.3502424,55.35,0,2666.8,200,B2에스컬레이터구제옷 매장옆,7번 지하철입구 앞(맨홀),사각 중
2343S-1,2343,S-1,513,원전빌딩,127.1200015,37.3732491,41.49,0,189.9,50,B3 기계실,건물뒤 실외기 앞,사각 중
2345S-1,2345,S-1,515,피아자코코빌딩,127.1223566,37.3844179,35.338,0,439.1,65,B3 기계실,정문앞 보도,사각 중
2669S-1,2669,S-1,5381,정든한진8차아파트,127.1181098,37.3612011,68.119,512,3403.4,150,관리소 - 809동 사이 지하 출입구,관리소 앞 보도 건너 화단,육각 대
2478S-1,2478,S-1,681,(사)한국골프장경영협회,127.121907,37.4087617,28.163,0,215,50,B1 주차장 기계실,건물 정문 앞 화단,사각 중
2673S-3,2673,S-3,5387,청솔대원아파트,127.1131393,37.3505852,52.56,298,2468.9,125,6동 B1 주차장 기계실,806동 1번 라인 앞 보도,사각 중
2605S-7,2605,S-7,5256,파크타운아파트,127.1243484,37.3715679,53.41,144,1180,100,14동 B1 주차장,114동 뒤 벽사이,사각 중
2577S-1,2577,S-1,768,수내3동주민센터,127.1262602,37.3668264,67.77,0,56.8,25,B1 기계실,건물 뒤 담벼락 아래,사각 중
2680S-1,2680,S-1,5399,한울유치원,127.1163323,37.3346557,67.12,0,32.4,20,지하1층 기계실,유치원주차장 왼쪽,사각 중
2682S-1,2682,S-1,5402,아름효성아파트,127.1223725,37.3941034,32.62,100,961.3,80,관리소 지하 기계실,관리소앞 보도,사각 중
2682S-2,2682,S-2,5403,아름효성아파트,127.1214663,37.3940321,33.16,288,2298.2,125,706동 앞 B1 주차장 기계실,705동 측면 정자옆 화단,사각 중
2824S-2,2824,S-2,4349,신안시네하우스,127.1396841,37.3682194,75.5,16,260,50,301동 B1 주차장 기계실,경비실 앞 화단,사각 중
2685S-2,2685,S-2,5408,정든동아2단지아파트,127.1217145,37.3597332,78.57,264,1098.2,100,"204동,205동 B1 주차장 기계실",204동 6호라인 옆 화단 경계,사각 중
2301S-1,2301,S-1,4528,대보프라자,127.1130783,37.3689188,42.42,0,0,,,,
2627S-3,2627,S-3,5294,장미코오롱아파트,127.1273613,37.4164844,30.45,248,1440,100,102동 측면 단독 출입구 지하기계실,102동 측면 보도,사각 중
2697S-1,2697,S-1,5443,매화주공2단지아파트,127.1365203,37.4137093,43.38,223,927.3,80,202동 동지하기계실,202동옆 장비반입구앞 보도,사각 중
2328S-1,2328,S-1,4560,대진의료재단분당제생병원,127.1217902,37.3885512,34.44,0,5448.7,250,B4 기계실(엘리베이터 입구옆),"주차장 출차 차단기 앞 보도,맨홀",사각 중
2504S-1,2504,S-1,658,두산위브센티움2,127.1166758,37.3807677,36.47,0,148.9,80,B4 기계실 (2동),주차장 입구 옆 보도,사각 중
2657S-3,2657,S-3,5363,상록라이프아파트,127.1124303,37.3625363,53.66,284,1327.9,125,108~109동사이놀이터옆 기계실입구,기계실옆 놀이터앞 단지내 도로,사각 중
2605S-8,2605,S-8,5257,파크타운아파트,127.1207811,37.3707152,50.01,205,1650,100,18동 B1주차장 기계실,118동 옆 놀이터,사각 중
39186S-1,39186,S-1,68623,판교 에스케이 뷰 테라스,127.0678263,37.374017,154.64,292,1580.3,100,주차장 출입구 들어오자마자 좌측(관리사무소),아파트 비상출입로,사각 중
2677S-1,2677,S-1,5394,무지개LG아파트,127.1152496,37.3364263,60.41,330,1533.9,100,212동 B1 주차장 기계실,8동 앞 테니스장 옆 화단,사각 중
2659S-3,2659,S-3,5367,상록마을우성아파트,127.1115706,37.3652976,47.44,200,1752.9,100,18동 지하 주차장,318동 뒤 주차장 입구 우측 화단,사각 중
3686S-6,3686,S-6,5231,푸른마을,127.1245849,37.3693685,60.06,176,950,80,401~2동 B1주차장 32번 기둥옆,610동 1-2호 라인 좌측 녹지,사각 중
3689S-1,3689,S-1,794,성남교육청,127.12041,37.3865635,33.305,0,413.1,65,B1 기계실,후문 롯데백화점 방향 보도,사각 중
2636S-1,2636,S-1,5320,장미마을현대아파트,127.130254,37.4162741,31.48,390,1762,100,1동~10동사이 단독출입구,기계실입구옆 주차장,사각 중
2710S-1,2710,S-1,5463,장안타운 건영3차,127.1487923,37.3716227,83.44,144,819.9,80,B1 주차장 기계실,306동 1호라인 앞,사각 중
2848S-1,2848,S-1,4374,건영퓨처힐(한울빌라),127.1374276,37.3684148,69.312,6,150,50,B1 주차장 기계실,빌라정문 왼쪽 차도,사각 중
3695S-1,3695,S-1,803,분당서울대학교병원,127.1241014,37.3518358,81.8,0,14354,400,동력동1층기계실,본관 동력관 연결 통로 앞 차도(맨홀),사각 중
9821S-1,9821,S-1,6151,산들마을 2단지,127.1374896,37.4191672,43.925,314,1279.4,100,3동 B1 주차장 C41기둥,204동 측면 화단,사각 중
2780S-1,2780,S-1,4302,희소유치원,127.1146782,37.3385932,54.41,0,61.6,25,지하1층,주 출입구 보도,사각 소
2313S-1,2313,S-1,4542,중앙빌딩,127.1266415,37.4103745,28.167,0,294,50,B3 기계실,병원뒤 보도,사각 중
2351S-1,2351,S-1,522,(사)대한수의사회,127.1210314,37.3857787,33.985,0,162.3,40,B1 기계실,정면앞 보도,사각 중
2352S-1,2352,S-1,523,천지오피스텔,127.1215069,37.3847178,34.485,0,298.87,80,B4 기계실,측면 입구앞 차도,사각 중
2463S-1,2463,S-1,665,(사)한국과학기술한림원,127.106767,37.3495486,54.012,0,849,80,B4 기계실,주차장입구 앞 도로,사각 중
2331S-1,2331,S-1,4564,구미빌딩(큰나무정형외과의원),127.111564,37.3457185,54.537,0,102.6,32,지하1층 주차장내,건물 앞편 보도,사각 중
2332S-1,2332,S-1,4565,하나빌딩,127.1117334,37.3457144,53.95,0,175,40,지하 2층 주차장내,건물 앞편 보도,사각 중
2688S-5,2688,S-5,5420,한솔5단지아파트,127.1171588,37.3653204,66.16,207,737.9,80,7동 지하 기계실,관리소 뒤편 장비반입구 옆 보도,사각 중
2900S-1,2900,S-1,4434,순복음성시교회,127.1192074,37.3550222,52.6,0,231.8,50,B1 기계실,건물-부설주차장 사이 차도(맨홀),사각 중
3686S-11,3686,S-11,5226,푸른마을,127.1259811,37.3678206,64.15,160,870,80,403동 404동 지하 주차장,404동 2호라인 앞 주차장,육각 중
2656S-1,2656,S-1,5360,건영장안유치원,127.1404286,37.3709218,54.889,0,83.3,32,B1 기계실,정문 좌측 화단,사각 소
2735S-1,2735,S-1,4240,보성임광아파트,127.1079942,37.3573034,46.76,568,2596.3,125,408동 B1주차장정면기계실,407동 옆 놀이터 울타리 뒤 녹지,사각 중
2896S-1,2896,S-1,4430,금산프라자,127.1223449,37.3704026,56.41,0,0,,,,
2346S-1,2346,S-1,516,주식회사 케이티,127.1150948,37.3593759,66.02,0,6595.8,300,B3 주차장 10번 기둥 우측,건물 입구 우측횡단보도 앞 보도,사각 중
2348S-1,2348,S-1,518,블루홀빌딩,127.1228899,37.3841219,35.215,0,334.8,50,B4 기계실,주차장 입구 왼쪽 보도,사각 중
3702S-1,3702,S-1,811,분당노인종합복지관,127.1126157,37.3578034,65.36,0,391.7,150,B2 기계실,정문앞 자전거 보관소 앞(맨홀),사각 중
2699S-1,2699,S-1,5452,동아빌라,127.1336762,37.3711328,57.09,18,268,50,B1 주차장 기계실,출입구옆 담장안쪽 화단,사각 중
2629S-3,2629,S-3,5298,탑마을타워빌,127.1256349,37.4083087,31.21,180,1320,100,306동 B1주차장기계실(관리소뒤),"외부차단밸브위치 - 502, 503동 놀이터 미끄럼틀 옆 매몰",사각 중
10201S-1,10201,S-1,5883,제이떠블유마커스빌딩,127.127884,37.417539,28.11,0,197.8,80,B2 주차장 기계실,주차장 입구 앞,사각 중
2456S-1,2456,S-1,645,문준빌딩,127.1247308,37.3868183,33.432,0,240.8,50,B1 주차장기계실,부동산 앞 보도,사각 중
2395S-1,2395,S-1,573,성음교회,127.1108341,37.3494543,54.33,0,0,,,,
2396S-1,2396,S-1,574,체리빌오피스텔,127.1104014,37.3395637,54.446,0,893.8,100,B3 E/V입구옆,건물 앞 보도,사각 중
2794S-1,2794,S-1,4318,신동아빌라,127.1408261,37.3683888,76.76,16,255,50,B1 주차장 기계실,빌라측면 아파트방면 담장옆,사각 중
2457S-1,2457,S-1,646,백궁지엔느상가(주차빌딩),127.1058246,37.3706775,41.46,0,317.6,65,B2 주차장 기계실 엘리베이터 옆,동양파라곤 사이 차도,사각 중
2458S-1,2458,S-1,647,동양골든밸리,127.1074098,37.3512847,52.024,0,998.1,100,B3 주차장 기계실(전기실),카피마마앞 보도,사각 중
2451S-1,2451,S-1,640,노블리치오피스텔,127.129776,37.4103249,33.63,0,447,80,B4 기계실,주차장 앞 차도,사각 중
2864S-1,2864,S-1,4393,삼라마이더스빌,127.1054386,37.3515212,52.73,74,686.9,80,B1 주차장기계실,주차장 입구 오른쪽 차도,사각 중
2864S-2,2864,S-2,4394,삼라마이더스빌,127.1054728,37.3518053,51.96,0,132.2,40,B1 주차장기계실,주차장 입구 오른쪽 차도,사각 중
2503S-1,2503,S-1,657,(재)대한예수교장로회소망교회(선교원),127.1188821,37.3587253,69.97,0,1104.3,100,B3 기계실,이마트 방향 횡단보도 앞(맨홀),사각 중
2867S-1,2867,S-1,4398,정자동양파라곤,127.1060845,37.3705178,41.56,120,1141.1,100,105동 B2 주차장기계실(52기둥),105동 측면 베스킨라빈스 앞 차도,사각 중
3668S-9,3668,S-9,5159,시범삼성/한신아파트,127.1276409,37.3835412,43.501,182,1280,100,130동 1라인 지하공동구,129동 측면 경비초소옆 화단,사각 중
3699S-1,3699,S-1,808,정원속궁전,127.1172364,37.3580774,74.2,0,1904.9,125,B2 주차장 기계실,정문주차 차단기 앞,사각 중
2454S-1,2454,S-1,643,스마트114주식회사,127.1423567,37.3698744,63.123,0,259.4,50,B1 주차장 기계실,건물 앞 분당우리약국 앞 보도(맨홀),사각 중
2578S-1,2578,S-1,769,수내2동사무소,127.1209853,37.372415,42.89,0,0,,,,
2745S-1,2745,S-1,4253,무지개동아아파트,127.1241546,37.3410137,77.8153,132,1056.4,100,관리소 지하 기계실,관리소 뒤편 단지 외부 보도,사각 중
2655S-3,2655,S-3,5358,장안건영2차아파트,127.14053,37.3697839,61.552,324,2624.5,125,"122동, 테니스장 사이 단독 출입구",126동 기계실 옆 테니스장 옆 화단,사각 중
2797S-1,2797,S-1,4321,한신타운하우스2,127.1253956,37.3403112,89.22,6,188,50,B1 기계실,정문 단지 광장,사각 중
3684S-1,3684,S-1,5219,효자촌현대아파트,127.1326952,37.3755257,47.802,290,2570,125,114동 B1 주차장 기계실,114동 다리앞 차도,사각 중
3701S-1,3701,S-1,810,법원기록보존소,127.1252102,37.4121672,29.52,0,1401.5,250,B2 중앙감시실 내 기계실,주차장 입구 좌측보도,육각 대
2866S-2,2866,S-2,4397,성원상떼뷰,127.1058148,37.3704701,41.52,33,291.1,50,201동 B1주차장 기계실,1~2단지 사이 중앙로 횡단보도 앞,육각 중
2278S-1,2278,S-1,4504,강남프라자,127.1261805,37.410116,27.547,0,0,,,,
2727S-1,2727,S-1,4231,청구빌라 3차,127.1421678,37.3688434,69.482,12,233,65,301동 3호라인 B1 주차장,301동 103호라인 화단,사각 중
2727S-2,2727,S-2,4232,청구빌라 3차,127.1423996,37.369053,70.115,12,233,65,301동 3호라인 B1 주차장,302동 103호라인 화단 수도 옆,사각 중
2731S-1,2731,S-1,4236,서울그린빌,127.1098018,37.3455915,59.6,12,233,65,B1주차장 기계실,경비초소오른쪽보도,사각 중
2658S-1,2658,S-1,5364,UCIC 어린이집,127.1120909,37.361984,54.26,0,46.5,25,B1 기계실,어린이집 입구 우측 화단,사각 중
2843S-1,2843,S-1,4369,건영퓨처힐(글로리빌라),127.1370841,37.3691784,63.91,6,190,50,B1 주차장 물탱트실 내 기계실,대진고 방향 화단 백엽상 옆,사각 중
2633S-3,2633,S-3,5313,분당탑마을8단지,127.1346479,37.4084508,37.37,267,722,80,4동동지하기계실,805동장비반입구앞도로,사각 중
2803S-1,2803,S-1,4327,대우빌라1차,127.1250913,37.3437483,91.247,11,230,50,B1 기계실,정문 현판 앞 도로,사각 중
2833S-1,2833,S-1,4358,건영퓨처힐(한솔빌라),127.1363272,37.3684138,69.86,12,233,65,B1 주차장 입구 기계실,111호 앞 보도,사각 중
3720S-1,3720,S-1,829,수내초등학교,127.1246999,37.3678994,63.853,0,527.1,65,B1 기계실,건물 뒷편 주차장(확인불가),사각 중
2615S-1,2615,S-1,5277,이매촌동신9단지아파트,127.126256,37.3980558,29.956,188,1490,100,909동 B1주차장,관리소뒤놀이터앞보도,사각 중
2906S-1,2906,S-1,4440,대원빌딩,127.1379282,37.4112902,50.25,0,0,,,,
2652S-1,2652,S-1,5353,아름마을선경아파트,127.1218471,37.3957389,34.21,370,1723,100,603동뒤 기계실출입구,103동 6호라인뒤 화단,사각 중
2422S-1,2422,S-1,602,(주)프리아오피스텔관리단,127.130715,37.4096446,32.41,0,387,65,B2 기계실,건물 정면 왼쪽 보도,사각 중
2815S-1,2815,S-1,4339,601동 청구연립,127.126202,37.343955,96.11,12,233,50,지하1층 주차장 기계실,601동 뒤편 화단,사각 중
3708S-1,3708,S-1,817,서현고등학교,127.1236503,37.3818918,46.13,0,526.1,80,중앙출입구 정면 지하 1층,건물뒤 주차장 출입구 앞,사각 중
2349S-1,2349,S-1,519,위너피아,127.1190423,37.3742992,40.4205,0,158,40,B2 기계실,건물 앞 보도,사각 중
2721S-2,2721,S-2,4225,장안타운건영두산빌라,127.1454994,37.3726938,64.54,112,605.1,65,122동 B1 주차장 기계실,207동뒤 화단,사각 중
3719S-1,3719,S-1,828,서당초등학교,127.1343317,37.3747887,51.13,0,0,,,,
2800S-1,2800,S-1,4324,동서프라임빌,127.127136,37.3420855,99.31,16,257,65,B1 주차장 기계실,잠긴 후문 안쪽 화단,사각 중
2759S-1,2759,S-1,4271,하얀마을5단지아파트,127.1172367,37.3460139,52.05,339,897.4,80,관리소지하기계실,관리소앞501동측면보도,사각 중
3668S-6,3668,S-6,5156,시범삼성/한신아파트,127.1269171,37.3855855,42.75,90,500,65,120동 1라인 공동구,119동 뒤편 초소앞,사각 중
2633S-2,2633,S-2,5312,분당탑마을8단지,127.1355416,37.4086519,38.4,217,793,80,관리소지하공동구기계실,809동장비반입구주차장,사각 중
2357S-1,2357,S-1,528,Ｍ&Ｓ,127.1298616,37.4094183,32.41,0,650,80,B2 주차장 기계실,건물 뒤편 초등학교 주차장,사각 중
2336S-1,2336,S-1,4569,쎈트로,127.1244542,37.3852256,34.701,0,302.2,50,B1 아동의류 매장 내 기계실,건물 뒤편 주차장앞보도,사각 중
2337S-1,2337,S-1,4570,(주)신세계까사(구 까사미아),127.1238768,37.3868005,33.675,0,226.9,50,B2 기계실,주차장 입구 차도,사각 중
2757S-1,2757,S-1,4267,하얀마을그랜드빌,127.1174484,37.3442169,54.38,108,1046.1,100,4주차장 1번 게이트 옆 기계실,410동 앞 405동 측면 화단,사각 중
2453S-1,2453,S-1,642,대덕프라자2,127.1054025,37.3523778,50.82,0,420.1,65,B2 주차장기계실,주차장 입구 앞 도로,사각 중
2328S-2,2328,S-2,4561,대진의료재단분당제생병원,127.1207156,37.3879569,33.834,0,1205,100,"B2주차장B2-11기둥뒤,엘리베이터옆",바이오메디컬 간판밑 보도,사각 중
2330S-1,2330,S-1,4563,금산젬월드,127.1096766,37.3502738,54.4,0,2209,125,B6 주차장,미금역2번출구 앞 좌측,사각 중
2657S-2,2657,S-2,5362,상록라이프아파트,127.1101485,37.3624751,42.52,282,2264.7,100,202동 B1 주차장 기계실,103동 옆 중앙통로 보도,사각 중
2632S-4,2632,S-4,5310,매화주공4단지아파트,127.1430779,37.4132787,43.78,178,662,80,406동앞 보도,406동 앞 주차장,사각 중
2285S-1,2285,S-1,4512,중앙빌딩,127.1160274,37.378471,35.06,0,414.7,65,B2 기계실,주차장 앞 정면,사각 중
2827S-1,2827,S-1,4352,공군연립,127.1382174,37.3750044,50.87,48,385,65,"101동 1,2호라인 B1기계실",101동 1-2라인 좌측 녹지,사각 중
2704S-1,2704,S-1,5457,화성빌라,127.1398128,37.4117473,50.24,116,657,80,B1 주차장 기계실,빌라단지입구 차도,사각 중
2293S-1,2293,S-1,4520,하나은행 서현역지점,127.1229735,37.3839161,35.271,0,762,80,지하 2층 기계실,주차장 입구 왼쪽 보도,사각 중
2294S-1,2294,S-1,4521,태영빌딩,127.1430985,37.3704223,62.215,0,84.5,32,B1 주차장 기계실,한일빌딩옆 동물병원앞 보도,사각 중
2360S-2,2360,S-2,531,월드쇼핑A동,127.1072965,37.3404782,57.106,0,1450,100,삼성SDS(애플프라자A동)현관내1층,하나로클럽 입구 맞은편 건널목 차도,사각 중
2361S-1,2361,S-1,532,성남농협수내역지점,127.113349,37.3774846,37.81,0,148.2,40,B2 기계실,건물 측면 차도,사각 중
2416S-1,2416,S-1,596,진성빌딩,127.121472,37.3867916,33.175,0,273,50,B1 기계실,건물 측면 JS호텔 사이 보도,사각 중
2417S-1,2417,S-1,597,메디파크,127.1066787,37.3505717,52.648,0,537,65,B1 주차장 관리실 옆 기계실,지상주차장입구 앞,사각 중
2419S-1,2419,S-1,599,한국마사회,127.120913,37.3871152,32.972,0,2029.7,80,B4 기계실,건물 옆 재생병원 사이 도로,사각 중
793S-1,793,S-1,878,도촌 쌍용 오피스텔,127.1518262,37.4154277,52.904,0,501.4,65,B2 주차장 기계실,오피스텔 입구앞 차도,사각 중
2593S-1,2593,S-1,785,예자람유치원,127.1113013,37.347584,56.39,0,0,,,,
2595S-1,2595,S-1,787,무지개도서관,127.1208871,37.3397286,66,0,64.7,25,B1 기계실,건물뒤편 공원 화단,사각 중
31452S-1,31452,S-1,56866,어반스퀘어,127.1280088,37.4172362,27.89,0,273.8,80,지하 4층,건물 앞 보도,사각 소
2465S-1,2465,S-1,667,분당세종그랑시아오피스텔2,127.1104162,37.3390124,54.536,0,667.2,80,B2주차장내,건물앞 보도,사각 중
2862S-1,2862,S-1,4391,베스티아2,127.126445,37.3431508,91.519,18,214,50,B1 주차장 기계실,정문 주차장 입구 왼쪽 도로,사각 중
3679S-1,3679,S-1,5210,양지금호상가,127.1171352,37.3763889,40.46,0,937.7,80,B1 상가안 기계실,주차장출구 차단기 좌측 10M,육각 소
2689S-3,2689,S-3,5423,"느티3,4단지아파트",127.1123363,37.3676686,43.84,0,0,,,,
2835S-1,2835,S-1,4360,신안연립,127.1152911,37.3426467,53.51,18,267,65,B1주차장 기계실,402동건물뒤편 화단,사각 중
2698S-2,2698,S-2,5449,한솔6단지아파트,127.1159766,37.364504,64.42,297,771.7,80,7동 동지하 기계실,7동 장비반입구 뒤 보도,사각 중
2273S-1,2273,S-1,4498,샘물교회(분당타운),127.1135327,37.3617816,60.79,0,787.6,80,B5 기계실,건물 측면 가스인입배관 앞 보도,사각 중
2297S-1,2297,S-1,4524,덕인빌딩,127.12169,37.4087171,28.126,0,0,,,,
2561S-1,2561,S-1,752,코암빌딩,127.1201037,37.3853077,34.455,0,252,50,B2 기계실,정면앞 차도,사각 중
2562S-1,2562,S-1,753,엠타워,127.1102061,37.3377302,53.005,0,3340,125,"B4출입램프우측(관리소,전기실)B41",주차장앞 도로,사각 중
2630S-1,2630,S-1,5301,매화주공3단지아파트,127.1382826,37.4154402,38.22,236,750,80,301동 지하 공동구,중앙도로변,사각 중
2828S-1,2828,S-1,4353,두앙노빌리티1차,127.1193428,37.345381,52.8,18,268,65,지하 주차장 내,"외부인입밸브 상태 확인불가(주차장입구 좌측 안쪽 화단 위치, 한쪽매몰)",사각 중
2709S-1,2709,S-1,5462,분당한신라이프빌라,127.1427182,37.3734986,59.54,264,1438.9,100,지하주차장 E-1 기둥 기계실,109동 경비실앞,사각 중
2911S-1,2911,S-1,4445,재단법인 대순진리회(분당회관),127.152721,37.4065235,68.33,0,104.2,32,B1 주차장 기계실,건물측면 주차장입구앞보도,사각 중
2512S-1,2512,S-1,701,보보스쉐르빌,127.117741,37.3798204,36.97,0,1815.1,100,B2 주차장,정문오른쪽골목,사각 중
2756S-1,2756,S-1,4266,매화마을대창빌라,127.1394293,37.410647,51.88,112,634.6,80,관리소지하기계실,빌라단지입구 오른쪽 보도,사각 중
3686S-5,3686,S-5,5230,푸른마을,127.1234421,37.3687108,59.472,160,1270,100,기둥11앞,505동 뒤 화단,육각 중
2353S-1,2353,S-1,524,(주)경동,127.1172917,37.3807366,37.02,0,640,80,B5 기계실,정문 앞 보도,사각 중
2354S-1,2354,S-1,525,유성그린빌딩,127.1241563,37.3865352,33.809,0,0,,,,
2642S-5,2642,S-5,5338,효자촌그린타운아파트,127.1375514,37.3716004,56.77,280,1402.4,100,18동 B1 주차장,18동8호라인 화단,사각 중
3671S-2,3671,S-2,5178,시범한양아파트,127.1277587,37.3808409,51.49,160,1562,100,20동 1라인 좌측 동지하 기계실,"외부인입밸브 상태 확인불가(318동 320동 사이화단위치, 매몰)",사각 중
2834S-1,2834,S-1,4359,건영퓨처힐(가람빌라),127.1371821,37.3681997,71.502,12,234,65,B1 주차장 기계실,주차장 입구 오른쪽 차도,육각 대
3668S-10,3668,S-10,5152,시범삼성/한신아파트,127.128992,37.3817693,48.115,228,1980,125,131동 1라인 공동구,103동 뒤 놀이터 앞,사각 중
2773S-1,2773,S-1,4291,한별유치원,127.1067376,37.355152,48.93,0,35.3,25,B1 기계실,건물옆 화단,사각 중
2685S-1,2685,S-1,5407,정든동아2단지아파트,127.1212933,37.3605393,79.01,442,1882.8,100,관리소앞 B1 주차장 기계실,관리소 놀이터 벤치내,사각 중
2636S-4,2636,S-4,5323,장미마을현대아파트,127.1327028,37.414163,36.05,586,3045,125,37동 옆 벽면 단독 출입구,834동 뒤 차도,사각 중
2671S-1,2671,S-1,5383,정든마을동아1단지,127.1198075,37.3600753,72.237,300,2513.9,125,103동 앞 지하주차장 출입구,102동 3-4라인 앞 놀이터 시소 사이 매몰,사각 중
2455S-1,2455,S-1,644,하나프라자 운영위원회,127.1077978,37.3686608,41.76,0,494,65,B3 기계실,KFC 입구 앞 보도,사각 중
2768S-1,2768,S-1,4286,건영퓨처힐(쌍용예술빌라),127.1365257,37.3683004,69.32,6,188,50,B1 주차장 기계실,빌라 뒷편 아름빌라 사이,사각 중
2376S-1,2376,S-1,554,풍해빌딩,127.1130514,37.3777042,37.96,0,218.1,50,B3 기계실,건물 모퉁이 중앙통로 방향 보도,사각 중
2650S-2,2650,S-2,5351,아름마을풍림아파트,127.121612,37.3981662,33.64,380,3142.7,125,"513,4동자전거보관소옆기계실출입구",513~514동 사이 기계실 앞,사각 중
2372S-2,2372,S-2,543,엘지트윈하우스,127.1096028,37.3357844,54.891,0,1876.3,100,B2 주차장(B2-44),입구 로비 앞 도로,사각 중
2747S-1,2747,S-1,4255,벽산빌라,127.1352326,37.3695121,62.87,18,268,65,B1 주차장 기계실,분리수거함 옆 화단,사각 중
791S-2,791,S-2,876,동분당파크뷰,127.1611313,37.412432,76.731,270,2349.6,125,"705동1,2호라인입구옆B2주차장",705동위 단지밖 보도,사각 중
791S-1,791,S-1,875,동분당파크뷰,127.1593622,37.4133334,71.222,258,2182.5,125,"701동1,2호라인입구맞은편B2주차장",702동 703동위 단지밖 보도,사각 중
792S-1,792,S-1,877,도촌파크오피스텔,127.1519927,37.4155607,52.583,0,659.5,80,B2 주차장 기계실,건물입구 정문 앞 보도,사각 중
2614S-3,2614,S-3,5274,효자촌임광아파트,127.1371562,37.3768466,57.93,292,1850,100,308동 B1 주차장 기계실,308동 주차장 입구 앞 보도,사각 중
26612S-2,26612,S-2,59872,e편한세상 금빛 그랑메종 3단지,127.1650579,37.4429771,110.953,331,1298.1,100,P3 304동 B18기둥,커뮤니티 좌측 도로(맨홀),사각 중
2601S-3,2601,S-3,5238,샛별삼부아파트,127.1300177,37.3712707,56.41,232,1460,100,14동 동지하 기계실,414동 1호라인 옆 장비반입구 자도,육각 중
2602S-1,2602,S-1,5239,샛별유치원,127.1278288,37.3704772,60.19,0,15.1,20,B1 기계실,도로출입구안 보도,사각 중
2629S-1,2629,S-1,5296,탑마을타워빌,127.1282978,37.4090024,31.66,270,2160,125,301동 B1 주차장기계실 A1 기둥,303동 측면 정자 옆 화단,사각 중
3680S-4,3680,S-4,5211,"양지마을3,5단지 금호한양",127.1171884,37.3735832,41.74,414,3000,125,관리소 - 306동 사이 단독 출입구,기계실 앞 보도,사각 중
3728S-1,3728,S-1,839,분당중앙고등학교,127.12412,37.3607717,84.994,0,707.5,80,B1 기계실,후문앞 보도,사각 중
3710S-1,3710,S-1,819,초림초등학교,127.1176596,37.3769555,40.6,0,50,65,B1 기계실,건물뒤 주차장,사각 중
2690S-1,2690,S-1,5430,안촌유치원,127.1119521,37.3684277,42.79,0,89.8,32,B1 기계실,건물측면 304동 방향 화단,사각 중
2661S-1,2661,S-1,5371,우성종합상가,127.114307,37.3655732,54.01,0,210,50,B2 기계실,상가 주차장 축대 아래 아파트 화단,사각 중
2865S-1,2865,S-1,4395,오페라하우스,127.1387838,37.3748499,51.441,42,291.8,65,B1 주차장 기계실,입구현판석뒤화단,사각 중
2673S-2,2673,S-2,5386,청솔대원아파트,127.1133562,37.3512466,51.22,180,1014.9,100,1~4동 B1 주차장 기계실,단지입구 주 차단기 오른쪽 화단,사각 중
2481S-1,2481,S-1,549,서일빌딩,127.1295698,37.4110554,30.83,0,742.3,80,B3 기계실,주차장 입구 차도,사각 중
2482S-1,2482,S-1,550,MD프라자,127.1079662,37.3495979,56.147,0,705.2,80,B4주차장 기계실(엘리베이터입구옆),엠코헤리츠오피스텔 쪽 건물옆 보도,사각 중
2901S-1,2901,S-1,4435,서울올림픽기념국민체육진흥공단,127.1290725,37.3811501,50.41,0,2348,125,B3 기계실,정문앞 도로변 보도,육각 중
2753S-1,2753,S-1,4261,무지개마을주공4단지아파트,127.1168818,37.3396693,53.96,0,0,,,,
3681S-2,3681,S-2,5213,양지마을2단지 청구,127.120393,37.3751371,40.38,400,2760,125,9동 B1 주차장,202동 주차장 진입로 옆 화단,사각 중
2389S-1,2389,S-1,567,*****,127.1061281,37.3667745,43.98,0,381.4,150,B2 기계실,정문앞 보도,육각 소
2390S-1,2390,S-1,568,디오제 호텔,127.1074365,37.3674926,43.05,0,143.5,40,B1 기계실,출입구 앞 도로,사각 중
2391S-1,2391,S-1,569,현대판테온,127.1115701,37.3772932,38.26,0,4093.3,125,B2 기계실,정문 앞 차도(맨홀),사각 중
2392S-1,2392,S-1,570,호텔 글로리아,127.1068526,37.3675055,43.17,0,149.8,50,B1 기계실,건물입구 앞 차도,사각 중
2393S-1,2393,S-1,571,남서울프라자,127.1227111,37.4056105,29.054,0,577.1,65,B3 주차장 기계실,건물 정문 앞 보도,사각 중
2741S-1,2741,S-1,4248,까치마을건영빌라5단지,127.108305,37.348161,63.565,208,915,80,505동지하주차장,505동뒤편화단(맨홀),사각 중
2236S-1,2236,S-1,4456,한국외환은행 야탑역지점,127.1279849,37.4110414,29.184,0,679.5,80,B3 기계실,주차장 입구 앞,사각 중
2237S-1,2237,S-1,4457,재단법인대순진리회,127.1082413,37.3457437,64.42,0,126.5,32,지하1층,지하주차장입구 오른쪽 화단 내,사각 소
2691S-2,2691,S-2,5432,청솔마을5단지,127.1129525,37.3546494,48.13,317,1247.1,100,505동 동지하 기계실,505동 앞 공정구 옆 4번째 주차라인,사각 중
2646S-1,2646,S-1,5343,한솔한일아파트,127.1207709,37.3675193,61.83,168,1330.1,100,301동 B1주차장,301동 1호라인앞 보도,사각 중
2627S-1,2627,S-1,5292,장미코오롱아파트,127.1238659,37.4144576,24,432,2020,125,20동 옆 단독 출입구,120동 측면 정자 앞 도로,사각 소
2831S-1,2831,S-1,4356,월드메르디앙빌라,127.1225493,37.339035,74.84,7,197,50,지하1층 주차장내,경비실 옆 담벼락,사각 중
2664S-1,2664,S-1,5375,예은유치원,127.1205691,37.3659794,68.22,0,33.5,25,B1 주방내 기계실,건물앞 차도,사각 중
2695S-4,2695,S-4,5441,분당청솔6단지,127.1096495,37.3538412,48.89,270,796,80,608동 동지하 기계실,608~609동 사이 장비반입구 옆,사각 중
2406S-1,2406,S-1,584,리젠시호텔,127.1240214,37.3866519,33.186,0,238.5,50,B1 기계실,주차장 입구 차도,사각 중
2407S-1,2407,S-1,585,분당자생한방병원,127.1201293,37.3857856,33.972,0,302.4,50,B2 주차장 기계실,병원 소방서 사이 도로,사각 중
2893S-1,2893,S-1,4427,동신파크상가,127.119542,37.373301,41.35,0,0,,,,
17983S-1,17983,S-1,49908,오렌지카운티,127.1282694,37.4186081,29.455,0,536,80,지하2층,LG전자 옆 보도,사각 중
3718S-1,3718,S-1,827,이매초등학교,127.1260303,37.3971855,32.314,0,525.6,65,B1 기계실,학교 후문 급식소 앞,사각 중
3669S-5,3669,S-5,5171,분당시범우성아파트,127.1325033,37.3791482,52.62,310,1192.8,125,221동 B1주차장,21동 23동 사이 보도,사각 중
2688S-3,2688,S-3,5418,한솔5단지아파트,127.1179974,37.3648373,66.16,177,844.9,80,5동 동지하 기계실,5동 장비반입구 옆 주차장,사각 중
2620S-1,2620,S-1,5286,탑마을대우아파트,127.1206252,37.4058152,32.033,254,1970,100,201-203동 B1주차장기계실,201동1호라인옆보도,사각 중
2620S-2,2620,S-2,5164,탑마을대우아파트,127.1208028,37.4067673,32.7,234,1931,100,관리소B1기계실,아이미소어린이집앞,사각 중
2708S-1,2708,S-1,5461,현대빌라,127.1313709,37.3701452,56.681,66,750.5,80,B1 주차장 기계실,103동 1호라인 백엽상 아래 담 경계,사각 중
3671S-3,3671,S-3,5179,시범한양아파트,127.1262363,37.3809046,49.05,150,1343,100,19동 2라인 동지하 우측 기계실,321동 옆 놀이터,사각 중
2776S-1,2776,S-1,4295,열린유치원,127.117572,37.3510849,51.38,0,58,25,B1 기계실,유치원 정문 앞,사각 중
813S-1,813,S-1,845,백현초등학교,127.111133,37.3724045,40.17,0,525.9,65,B1 기계실,건물뒤편 주차장,사각 중
2229S-1,2229,S-1,4446,바른세상병원,127.1266394,37.4102027,27.714,0,137,40,신관 B1 중앙공급실 후문옆,건물뒤편 모퉁이 약국방향보도,육각 대
2642S-2,2642,S-2,5335,효자촌그린타운아파트,127.1354911,37.3717519,55.47,308,1196.2,100,23동뒤 B1주차장,23동 자전거보관소옆 보도,사각 중
2823S-1,2823,S-1,4347,대림빌라,127.1266354,37.3426807,95.5,12,240,50,B1 기계실,3호라인 뒤편 화단 백양목 안,사각 중
2706S-1,2706,S-1,5459,분당대진빌라,127.1450993,37.4052318,61.41,75,459,65,관리사무소 지하 기계실,802동 입구 앞,사각 중
2234S-1,2234,S-1,4453,산호빌딩,127.1221243,37.3847727,34.508,0,138.5,80,초콜릿 모텔 B3 기계실,주차장 입구 오른쪽 소화전 앞,사각 중
2234S-2,2234,S-2,4454,산호빌딩,127.1221243,37.3847727,34.508,0,803.4,40,초콜릿 모텔 B3 기계실,주차장 입구 오른쪽 소화전 앞,사각 중
2235S-1,2235,S-1,4455,대명빌딩,127.113395,37.3626263,58.84,0,158.7,40,B3 기계실,정문앞 보도,사각 중
2861S-1,2861,S-1,4390,두앙노빌리티3차,127.1186423,37.3452491,53.12,16,221.1,50,지하 주차장 내,101동 지하주차장 입구 좌측 화단,사각 소
2719S-1,2719,S-1,4222,청구1차빌라,127.1340567,37.3707502,57.81,16,257,65,지하주차장101동1~2호라인입구좌측,빌라 정문 경비실 옆,사각 중
3676S-4,3676,S-4,5201,양지마을5단지 한양,127.1151145,37.3744518,40.21,180,975.8,100,15~17동 사이 단독 출입구,517동 뒤 기계실 옆 놀이터 앞,사각 중
16593S-1,16593,S-1,46503,카인드 호텔,127.1212468,37.3862377,33.756,0,344.1,65,지하4층,주차장 앞 보도,사각 중
3669S-4,3669,S-4,5163,분당시범우성아파트,127.1343057,37.3787147,52.73,255,1967.8,100,217동 B1주차장,18동 19동사이 자전거 보관소,사각 중
3669S-1,3669,S-1,5160,분당시범우성아파트,127.1321095,37.3812687,50.8,256,1494.4,100,209동 B1주차장,9동 옆 도로,사각 중
2487S-3,2487,S-3,685,풍림아이원플러스,127.1220431,37.3894385,32.159,0,310,65,B5 주차장(B5-66) 기계실,주차장 출구 우측 50M 차도,육각 대
2487S-2,2487,S-2,684,풍림아이원플러스,127.1220431,37.3894385,32.159,0,9296,125,B5 주차장(B5-66) 기계실,주차장 출구 우측 50M 차도,육각 대
2738S-1,2738,S-1,4243,까치주공2단지,127.1179486,37.3481778,52.04,177,684.4,80,4동 동지하 기계실,208동 측면 장비반입구 옆 화단,사각 중
2739S-1,2739,S-1,4246,화이트빌,127.1136375,37.3442314,54.61,96,1067.8,100,관리소 B1 기계실,관리소앞보도,사각 중
2462S-1,2462,S-1,664,르네상스 오피스텔,127.1250911,37.412943,27.604,0,1236.7,100,B3 기계실,주차장 입구 오른쪽상가앞 차도,사각 중
2743S-1,2743,S-1,4251,까치마을건영3단지빌라,127.109693,37.3479555,58.391,76,461.8,80,"302동 1,2라인 지하주차장",경비실앞차도,사각 중
2811S-1,2811,S-1,4335,다원빌라,127.1257895,37.3442179,95.265,16,257,50,B1 주차장 기계실,1호라인 앞 백엽상 밑,사각 중
2721S-1,2721,S-1,4224,장안타운건영두산빌라,127.1457221,37.3723016,66.94,112,598.6,65,201동 B1주차장 기계실,202동 뒤 주차장 입구앞 화단,사각 중
2701S-1,2701,S-1,5454,한라스위트빌라,127.1096188,37.3450314,60.37,14,246,50,B1주차장 기계실,빌라단지안 경비초소뒤,사각 중
2436S-1,2436,S-1,618,한산이씨한원군파종회,127.1176302,37.379847,36.92,0,597.4,150,B4 기계실,건물옆 작은 출입문 골목 보도,육각 중
2476S-1,2476,S-1,679,베네피아 오피스텔,127.1245981,37.4122616,28.217,0,852.7,80,B3 주차장기계실,주차장입구좌측차로,사각 중
2762S-2,2762,S-2,4277,청솔화인아파트,127.108031,37.3544651,49.26,200,1087.5,100,3~4동 B1 주차장 기계실C43기둥,4동 뒤편 화단,사각 중
2687S-3,2687,S-3,5412,한솔4단지아파트,127.1173354,37.3675548,58.98,267,792,80,8동 동지하기계실,8동 장비반입구앞,사각 중
2695S-2,2695,S-2,5439,분당청솔6단지,127.1120193,37.3540651,49,320,858.6,80,603동~604동 동지하 기계실,604동 1호라인 장비반입구 앞 화단,사각 중
2689S-4,2689,S-4,5424,"느티3,4단지아파트",127.1115931,37.3669034,43.63,0,0,,,,
2885S-1,2885,S-1,4419,우리은행 분당지점,127.1194799,37.3743077,40.28,0,332.4,65,B2 기계실,주차장 램프 앞 보도,사각 중
2748S-1,2748,S-1,4256,까치마을롯데선경아파트,127.1129456,37.3474284,54.55,1124,5610.4,200,관리소 B1 기계실,406동 측면 자전거 보관소,육각 대
2778S-1,2778,S-1,4298,무지개라이프아파트,127.1231753,37.3421894,79.011,222,1725.6,100,2~3동사이 주차장 단독 출입구,기계실 입구 오른쪽 환기구 앞 보도,사각 중
2636S-2,2636,S-2,5321,장미마을현대아파트,127.1302267,37.4153975,31.75,570,3664.4,150,7동~8동사이 단독출입구,기계실뒤편화단앞보도,육각 대
3681S-1,3681,S-1,5212,양지마을2단지 청구,127.1194854,37.3760534,40.35,368,3610,150,2동 B1 주차장 12번 기둥 뒤,202동 주차장 진입로 옆 화단,육각 대
2894S-1,2894,S-1,4428,동신코아빌딩,127.1228648,37.3708643,55.98,0,0,,,,
2853S-1,2853,S-1,4379,풍림아이원빌라,127.1442779,37.3714814,61.22,35,315.9,65,B1 주차장 기계실,주차장 입구 좌측 보도,사각 중
2642S-3,2642,S-3,5336,효자촌그린타운아파트,127.1369226,37.3731429,51.523,256,1298,100,7동앞 B1주차장,6동옆면 단지진입로화단,사각 중
2860S-1,2860,S-1,4389,코오롱더프라우아파트,127.1049903,37.353281,48.886,164,1618.3,100,지하2층 6~7번라인 기계실,주차장 입구 오른쪽 보도 벤치,사각 중
2717S-1,2717,S-1,4220,탑마을동아연립,127.1294815,37.4084612,31.3645,115,549,65,B1 주차장 기계실,경비실 뒤,사각 중
3673S-3,3673,S-3,5190,시범현대아파트,127.1291249,37.3778591,53.39,118,1070,100,10동 B1주차장,관리소 뒤편 주차장 입구,사각 중
11649S-1,11649,S-1,6379,트윈캐슬,127.1510623,37.4152545,50.802,0,258,80,B1 주차장 기계실,건물주차장입구 좌측차도,사각 중
2910S-1,2910,S-1,4444,(주)우리은행 서현역지점,127.1231798,37.3861503,33.877,0,370.8,65,B2 기계실,주차장 입구 좌측 보도,육각 소
2340S-1,2340,S-1,510,(주)재능교육분당사업장,127.1235217,37.3871024,32.994,0,315.3,50,B4 기계실,주차장 입구 차도,사각 중
2341S-1,2341,S-1,511,분당제일여성병원,127.1215712,37.3870162,33.514,0,460,65,B1 기계실,건물측면 진성빌딩 주차장 병원간판 옆,사각 중
2459S-1,2459,S-1,648,씨티밸리 오피스텔,127.1065269,37.351029,52.474,0,758.8,80,B3 엘리베이터옆 중앙감시반,건물 모퉁이 건널목,사각 중
2460S-1,2460,S-1,649,두양산업,127.1386885,37.4113387,48.95,0,157.4,40,B1 기계실,정문앞 보도,사각 중
2461S-3,2461,S-3,652,미켈란스포츠센터,127.1078391,37.3591204,45.43,0,1575.2,125,D동B3기계실1~4ELV앞D325기둥,B동 뒤편 버스정류장 옆 보도,육각 대
2581S-1,2581,S-1,773,분당구보건소,127.124716,37.4112796,28.15,0,0,,,,
2582S-1,2582,S-1,774,야탑3동사무소,127.1380628,37.4108829,48.31,0,67.6,32,B1 기계실,사무소 뒤편 담자위 실외기 앞,사각 중
2688S-1,2688,S-1,5416,한솔5단지아파트,127.118373,37.3640428,71.25,208,709,80,1동 동지하 기계실,4동 8호라인 앞 주차장,사각 중
2775S-1,2775,S-1,4293,까치대우롯데선경아파트,127.1169755,37.3496339,51.71,580,3049.1,125,관리소앞 단독출입구,107동 3-5호라인 앞 도로,사각 중
2681S-1,2681,S-1,5400,이매촌삼환아파트,127.1258298,37.4045838,32.14,228,1549.5,100,1106동 B1 전기실내기계실,1106동-놀이터사이 보도,사각 중
11807S-1,11807,S-1,6477,성남여수 LH 1단지,127.1258059,37.4313985,23.9,342,793.8,80,"102동,103동 B1주차장 기계실",성남어린이집 후면 보도,사각 중
2882S-5,2882,S-5,4416,분당테크노파크 E동,127.1520459,37.4042606,85.69,0,2558.4,125,B2 주차장 기계실,화물하역장 앞,사각 중
2771S-1,2771,S-1,4289,삼환빌라,127.1258212,37.3406415,91.1,18,270,65,B1 주차장 기계실,1동 1호라인 앞 화단 경계석,사각 중
2784S-1,2784,S-1,4306,건영퓨처힐(장원빌라),127.1337674,37.3696342,59.821,15,250,50,B1 주차장 기계실,정문 오른쪽 화단,사각 중
2854S-3,2854,S-3,4382,로얄팰리스,127.1099249,37.3747311,38.9,0,634,80,C동 B2주차장 D24기둥,입주민전용 주차장입구앞도로(맨홀),사각 중
779S-1,779,S-1,858,불곡고등학교,127.1190566,37.3483976,50.843,0,838.7,80,B1 기계실,뒷편 주차장 도로,사각 중
780S-1,780,S-1,859,구미중학교,127.1236692,37.3454777,105.724,0,0,,,,
781S-1,781,S-1,860,늘푸른초등학교,127.104809,37.3582114,46.83,0,0,,,,
782S-1,782,S-1,861,성남정자초등학교,127.1057706,37.37434,41.67,0,610.6,150,급식소 옆 B1 기계실,급식실 뒤편 화단,육각 대
2320S-1,2320,S-1,4549,마태오성당,127.1103746,37.371801,40.36,0,289.3,100,B3 기계실,정문앞 보도,사각 중
2321S-1,2321,S-1,4550,농협은행(주) 분당금융센터,127.120974,37.3836935,34.685,0,679.9,80,지하 3층 주차장 기계실,장애인주차장,사각 중
2323S-1,2323,S-1,4552,할렐루야교회,127.1559266,37.4099849,109.85,0,3674.6,150,B3 주차장 기계실,주차장입구 차도(맨홀),사각 중
2324S-1,2324,S-1,4553,동아그린프라자,127.1093739,37.3385136,53.918,0,1336.2,100,B4층기계실,건물 정면 좌측 통로 보도,사각 중
2884S-1,2884,S-1,4418,동산쇼핑몰,127.1226828,37.3996361,30.241,0,0,,,,
2887S-1,2887,S-1,4421,KT 분당전화국,127.1282042,37.3999329,30.631,0,563.8,65,B2 주차장 기계실,건물 옆 도로방향 환기구 앞 화단,사각 중
3673S-7,3673,S-7,5194,시범현대아파트,127.1305086,37.3777484,50.629,118,1200,100,25동 B1주차장,23동 옆 보도,사각 중
2624S-1,2624,S-1,5287,아름마을 두산삼호아파트,127.1213388,37.4010731,33.84,566,4300,150,419~422동사이 지하주차장계단좌측,419동 뒤 1호라인 화단,육각 대
2509S-1,2509,S-1,698,코포모타워,127.1136829,37.377213,38.22,0,686,80,지하 4층 기계실,정문 앞 보도,사각 중
3692S-1,3692,S-1,797,YWCA 은학의 집,127.1424477,37.4101128,61.36,0,0,,,,
2657S-1,2657,S-1,5361,상록라이프아파트,127.1114353,37.3623017,50.74,184,1647.1,100,관리실 뒤 B1 기계실,관리소뒤 기계실 출입구 보도,사각 중
2888S-1,2888,S-1,4422,궁전쇼핑타운,127.1191642,37.3743938,40.37,0,0,,,,
2785S-1,2785,S-1,4307,건영퓨처힐(시대그룹가빌라),127.1361719,37.3678763,70.696,9,213,50,B1 주차장 기계실,빌라 왼쪽 출입구앞 보도,사각 중
3693S-4,3693,S-4,801,탄천종합운동장,127.1204647,37.4127263,27.586,0,3211.6,150,체육회관동 B3 방재실 지하기계실,탁구장 앞 도로(맨홀),사각 중
2666S-1,2666,S-1,5377,정든한진6단지아파트,127.1164661,37.3621752,67.41,298,2362.5,125,관리소 옆 기계실 출입구,기계실 옆 진입로 방향 계단 위 차도,사각 중
2309S-1,2309,S-1,4538,분당우리교회 드림센터,127.1195197,37.385078,34.595,0,1196.3,100,B4 기계실,1층 주차장 차단기 앞 도로,육각 중
2310S-1,2310,S-1,4539,금호리빙스텔,127.1239363,37.3862214,33.835,0,0,,,,
2311S-1,2311,S-1,4540,에이원프라자,127.1215213,37.3837341,35.144,0,494.2,65,B3 기계실,건물 정면 중앙통로 보도,사각 중
2875S-1,2875,S-1,4409,메디피움 분당의원,127.1320864,37.3788029,50.17,0,337.4,65,B1 기계실,주차장 왼쪽 램프 화단,사각 중
2789S-3,2789,S-3,4313,분당하얀6단지,127.1157234,37.3455617,54.9,637,1617.9,100,603~607동 지하 공동구 기계실,604동 측면 장비반입구 앞 화단,사각 중
2716S-1,2716,S-1,4219,목련화성빌리지,127.1498979,37.4080994,79.39,224,1220.6,100,"702동 3,4라인옆 단독출입구",702동출입구앞 주차장,사각 중
2299S-1,2299,S-1,4526,엠에스프라자,127.1126645,37.3779945,36.08,0,220,65,B3 기계실,주차장 입구 좌측 차도,사각 중
23117S-1,23117,S-1,52178,분당더샵파크리버(공동주택),127.1181071,37.354692,48.36,506,2642.3,125,104동 지하1층,정문 주출입구 왼쪽,사각 중
3732S-1,3732,S-1,843,한솔초등학교,127.1180099,37.3670478,63.56,0,526.4,65,B1 기계실,건물뒤편 환기구 앞,사각 중
2647S-1,2647,S-1,5345,한솔마을청구아파트,127.1223909,37.3640077,78.83,388,1936.1,100,102동 B1 주차장 기계실,101동 102동 사이 차도,사각 중
2777S-2,2777,S-2,4297,무지개삼성건영아파트,127.1204001,37.3382099,66.01,250,2063.1,125,8동 B1 주차장 기계실,1008동 4호라인 앞 주차장,사각 중
2655S-1,2655,S-1,5356,장안건영2차아파트,127.1424297,37.3715952,59.09,618,2744.2,125,105동 3-4라인 앞 단독출입구,105동 앞 보도,사각 중
2791S-1,2791,S-1,4315,솔빛유치원,127.1077421,37.3531113,53.46,0,0,,,,
3685S-1,3685,S-1,5221,효자촌삼환아파트,127.1343875,37.3739562,50.078,386,2780,125,501동 B1 주차장 기계실,아파트내 상가 아람문구 건너편 보도,사각 중
2639S-2,2639,S-2,5328,탑마을벽산아파트,127.1321058,37.4088251,36.56,366,2680,125,610동B1주차장기계실(1B-35기둥,정문 차단기 상가주차장 화단,사각 중
2648S-1,2648,S-1,5347,꿈나무유치원,127.1215585,37.3648374,73.076,0,0,,,,
3668S-4,3668,S-4,5154,시범삼성/한신아파트,127.1294145,37.383759,49.44,107,1450,100,110동 1라인 지하 1F 설비실 내,110동 측면 지하주차장 입구 좌측,사각 중
2775S-2,2775,S-2,4294,까치대우롯데선경아파트,127.1173104,37.3508176,51.41,396,1777.9,100,1~2동 B1 주차장 기계실,사동 2호라인 앞 보도 건너편 화단,사각 중
790S-2,790,S-2,873,엘에이치 동분당 센트럴파크아파트,127.1471281,37.4142961,43.256,318,1579.5,100,108동 -105동 사이 B1주차장,105동 출입구 좌측 화단,사각 중
790S-3,790,S-3,874,엘에이치 동분당 센트럴파크아파트,127.1469572,37.4128547,43.331,248,1258.7,100,"112동  3,4호 B1 주차장",113동 뒤편 운동시설 앞 화단,사각 중
2590S-1,2590,S-1,782,동국대학교의료원(분당),127.1277254,37.3672669,66.64,0,599.4,65,B2 엘리베이터 옆 기계실,그린프라자 사이 보도,사각 중
2591S-1,2591,S-1,783,삼육유치원,127.1275561,37.3656041,73.485,0,82.1,32,B1 주방안 기계실,정문 입구 앞 놀이매트 매몰 추정,사각 중
2873S-1,2873,S-1,4407,아델하임빌라,127.128188,37.3418025,110.55,11,219.9,50,2층 주차장 기계실,기계실 후문 앞 도로,사각 중
2629S-5,2629,S-5,5300,탑마을타워빌,127.1269482,37.4060062,30.175,218,1730,100,507-508동 B1 주차장 기계실,508동 뒤편 1호라인 담장 밑,사각 중
2605S-16,2605,S-16,5249,파크타운아파트,127.1210151,37.3729089,43.11,168,770,80,138지하 2층 상가내 남자화장실 옆,138동 지하 상가 주차장 출구 앞 화단,사각 중
2605S-2,2605,S-2,5251,파크타운아파트,127.1234849,37.3734874,45,151,1170,100,103동 5.6라인 지하주차장,103동 놀이터옆 경사면,사각 중
2605S-4,2605,S-4,5253,파크타운아파트,127.1244709,37.3725362,51.76,104,900,80,8동 B1 주차장,108동 옆면 화단,사각 중
2738S-3,2738,S-3,4245,까치주공2단지,127.1170206,37.3477344,52.06,414,1598.1,100,2동 동지하 기계실,202동 4~6호라인 입구 앞,사각 중
2583S-1,2583,S-1,775,이매1동사무소,127.1271125,37.3994794,31.92,0,67.6,32,B1 기계실,소방서 사이 통로,육각 중
2584S-1,2584,S-1,776,금곡동사무소,127.1072079,37.3516858,51.17,0,0,,,,
2585S-1,2585,S-1,777,성남세관,127.1428856,37.4091626,53.86,0,267.9,100,B1 기계실,장애인주차장 좌측끝 대나무 숲 앞,사각 중
2586S-1,2586,S-1,778,성남분당우체국,127.1232537,37.3870526,34.81,0,523.4,125,B1 기계실,건물뒤편 화단,사각 중
2587S-1,2587,S-1,779,정자2동사무소,127.1151809,37.3660074,54.58,0,64.7,25,B1 기계실,건물앞 주차장,사각 중
26612S-1,26612,S-1,59871,e편한세상 금빛 그랑메종 3단지,127.1645112,37.4440413,91.672,453,1717,100,"P6 302동 6,7라인",커뮤니티 좌측 도로(맨홀),사각 중
2559S-1,2559,S-1,750,미래에셋플레이스,127.1232281,37.3882404,32.589,0,1373.7,150,B4 기계실,"정문앞 차도,맨홀",사각 중
3709S-1,3709,S-1,818,분당초등학교,127.1296388,37.3789549,53.38,0,510,65,B1 기계실,건물뒤 급식소 뒷문앞,사각 중
2693S-1,2693,S-1,5436,한솔마을주공7단지상가,127.1154219,37.3688291,48.28,0,69.2,32,마트내기계실,상가뒷편 공중전화 박스(2019년 보도블럭 마감으로 확인 불가),사각 중
2665S-1,2665,S-1,5376,정든마을한진7단지,127.1166974,37.3605272,67.05,382,1655.2,100,"702동3,4라인앞 지하출입구기계실","702,703동 사이 기계실 환기구 옆 화단",사각 중
2746S-1,2746,S-1,4254,청솔서광영남아파트,127.1075908,37.3521571,52.16,408,1891.4,100,106동 지하 주차장 기계실,2동 측면 화단,사각 중
2863S-1,2863,S-1,4392,힐스빌빌라,127.1184647,37.3459413,50.707,19,218,50,B1기계실,빌라오른쪽공원길보도,사각 중
2711S-1,2711,S-1,5464,성환빌라,127.1466495,37.4080191,60.72,136,742.9,80,B1 주차장 기계실 (출입구 옆),207동 3호 라인 앞 화단,사각 중
3674S-1,3674,S-1,5197,현대유치원,127.1294956,37.3776704,52.61,0,0,,,,
2258S-1,2258,S-1,4481,서현프라자,127.1220106,37.3838663,36.64,0,314,50,B3 기계실,건물 앞 중앙통로 편의점 앞,사각 중
2498S-1,2498,S-1,696,삼라마이다스빌,127.1134918,37.3770821,38.18,0,667.7,80,B4 기계실,건물앞 보도,사각 중
2500S-1,2500,S-1,654,엔즈빌오피스텔,127.1250875,37.4125427,27.933,0,1006.3,100,B4 계단 기계실,사거리상가(명가설렁탕)앞 보도(맨홀),사각 중
2501S-1,2501,S-1,655,오너스타워,127.1132241,37.376901,38.27,0,919,100,B5 기계실,건물앞 보도,사각 중
2505S-2,2505,S-2,661,두산위브센티움,127.1164101,37.3809902,36.49,0,520,80,1동 B4 주차장 기계실,주차장 입구,사각 중
2363S-1,2363,S-1,534,(주)티맥스소프트,127.1052312,37.3540771,49.6,0,2469.4,125,B3 주차장 기계실,청솔마을상가 사이 도로(맨홀),사각 중
27S-1,27,S-1,5740,정자동2차푸르지오시티관리단,127.1057733,37.3678002,41.494,0,1994.2,125,B5 기계실,주차장 입구 오른쪽 보도,사각 중
28S-1,28,S-1,5952,정자역 엠코헤리츠 1단지,127.1070183,37.3627944,42.481,0,1201.7,100,1단지 B4 주차장 06번기둥 기계실,주차장 입구 오른쪽 차도,사각 중
32S-1,32,S-1,5953,정자동엠코헤리츠2단지,127.1070152,37.3624076,42.629,0,967.6,100,B4 03번기둥 뒤 기계실,주차장 입구 신호등 앞,사각 중
2266S-1,2266,S-1,4491,하늘마음교회,127.1172432,37.3482539,51.73,0,110.2,32,B1 기계실,건물앞보도,사각 중
2268S-1,2268,S-1,4493,궁전프라자3,127.1160839,37.3771817,40.87,0,0,,,,
2269S-1,2269,S-1,4494,참솔사우나,127.1154684,37.3373925,54.572,0,0,,,,
2325S-2,2325,S-2,4555,AK플라자분당점,127.1232432,37.3856294,33.466,0,3285.6,125,B동 B2주차장 246-247 기둥뒤,중앙차도 버스정류장 옆 보도(맨홀),사각 중
3716S-1,3716,S-1,825,야탑초등학교,127.1258321,37.4166405,30.08,0,528.2,65,B1 기계실,1층 남자화장실 창문 뒤 바닥,사각 중
3717S-1,3717,S-1,826,중탑초등학교,127.1396612,37.414079,42.65,0,613.7,65,B1 기계실,건물 뒷편 주차장,사각 중
2724S-1,2724,S-1,4228,쌍용드레곤빌라,127.1466658,37.4090682,66.62,18,268,50,B1 주차장 기계실,경비실 앞 화단,사각 중
3673S-8,3673,S-8,5195,시범현대아파트,127.1317354,37.377853,52.49,120,1240,100,21동 B1주차장,22동 옆 놀이터,사각 중
2905S-1,2905,S-1,4439,우일대중탕,127.1229374,37.4052748,29.005,0,0,,,,
2242S-1,2242,S-1,4463,*****,127.1133943,37.3628051,59.29,0,0,,,,
22896S-1,22896,S-1,50657,스마트캐슬,127.1280088,37.4172362,28.701,0,446,80,지하7층(열량계는 지하1층 위치),주차장 출입구,사각 중
3671S-11,3671,S-11,5177,시범한양아파트,127.1227946,37.3816704,42.16,209,809,80,26동 동지하 좌측 기계실,326동 328동 사이 화단,사각 중
2766S-1,2766,S-1,4284,신세계빌라,127.1265849,37.3438173,97.99,16,257,65,B1 주차장 기계실,건물 화단 끝,사각 중
2530S-1,2530,S-1,720,율석엔지니어링,127.1060459,37.3712588,41.26,0,0,,,,
2640S-1,2640,S-1,5329,이매한신아파트,127.1247745,37.3886456,35.36,237,1150,100,201동 B1 주차장 기계실,202동 1호라인 옆 놀이터 계단밑 화단,사각 중
2557S-1,2557,S-1,748,분당이매동성당(구 성바오로성당),127.125966,37.3990841,29.83,0,248.6,125,B2 주차장 기계실,건물 뒤편 송수구 앞 보도,사각 중
2907S-2,2907,S-2,4441,*****,127.1225967,37.4089067,28.25,0,0,,,,
2625S-1,2625,S-1,5289,이매촌진흥아파트,127.1266137,37.3962269,32.953,828,4840,150,관리소-805동사이 단독출입구,관리소뒤 이매초등학교 후문앞,육각 대
2616S-1,2616,S-1,5280,이매동신3단지아파트,127.1264599,37.3898317,37.09,190,1120,100,308동-놀이터사이 단독출입구,308동 옆놀이터 내 그네 앞 매몰,사각 중
2240S-1,2240,S-1,4461,수내상가,127.1119133,37.3689313,41.28,0,0,,,,
2241S-1,2241,S-1,4462,*****,127.1149143,37.3725368,40.31,0,0,,,,
2588S-1,2588,S-1,780,정자동주민센터,127.1114634,37.3613762,50.5,0,0,,,,
2630S-3,2630,S-3,5303,매화주공3단지아파트,127.1407715,37.4150123,40.5,140,597,65,509동 지하공동구,309동 앞 보도,사각 중
2852S-1,2852,S-1,4378,한양시티빌,127.115944,37.3433263,51.95,30,258,65,B1 주차장 기계실,입구 앞 대로,사각 중
2519S-1,2519,S-1,708,*****,127.1162426,37.3799394,36.89,0,0,,,,
2611S-1,2611,S-1,5265,대한예수교장로회 영진교회,127.1257155,37.3922058,36.2375,0,0,,,,
2891S-1,2891,S-1,4425,주택전시관,127.1117607,37.3588374,56.729,0,0,,,,
2238S-1,2238,S-1,4458,차의과학대학교 분당차병원,127.124695,37.4102191,27.775,0,6694.8,200,B4 주차장 기계실,병원 뒤편 주차 출구 앞,육각 대
2442S-1,2442,S-1,624,서현지엔느관리단,127.1251076,37.3837051,39.579,0,910.6,100,B2 기계실,주차장 입구 차도,사각 중
2792S-1,2792,S-1,4316,현대타운하우스1차,127.126918,37.3405781,102.572,7,197,50,B1 주차장 기계실,정문왼쪽 담장 화단,사각 중
2654S-1,2654,S-1,5355,따소미 어린이집,127.1268288,37.3715133,55.36,0,35,20,B1 기계실,정문 우측 부출입구안,사각 소
2628S-1,2628,S-1,5295,이매동부코오롱아파트,127.1243975,37.3910912,34.45,264,2180,125,관리소앞 출입구-B2기계실,관리소앞중앙도로,사각 중
2846S-1,2846,S-1,4372,구미동현대노블리스(82번지),127.119854,37.3501296,51.5692,22,287.5,50,"1,2동 B1 주차장 기계실",105동 4호라인 옆 화단 백엽상,사각 중
2787S-1,2787,S-1,4309,벽산빌라,127.1159336,37.3428796,52.27,18,270,65,B1주차장 기계실,주차장입구 오른쪽보도,사각 중
3686S-7,3686,S-7,5232,푸른마을,127.1251616,37.370718,59.3,226,1950,100,103동 105동 지하 주차장,104동 출입구 좌측 화단,사각 중
2302S-1,2302,S-1,4529,한주코아,127.1269882,37.4106276,29.82,0,0,,,,
2394S-1,2394,S-1,572,분당SH빌딩,127.1433887,37.3701664,62.751,0,0,,,,
3713S-1,3713,S-1,822,수내중학교,127.1258547,37.3703057,60.1826,0,0,,,,
777S-1,777,S-1,856,불곡초등학교,127.1193881,37.3409515,58.64,0,354.8,65,지하1층 기계실,행정실 앞 보도,사각 중
2524S-1,2524,S-1,713,야탑리더스빌딩,127.1250987,37.4133081,27.072,0,1472,100,B4 기계실,주차장 입구  좌측 보도,사각 중
2687S-5,2687,S-5,5414,한솔4단지아파트,127.1179932,37.3691152,53.45,385,933.5,80,16동 동지하기계실,16동 장비반입구옆,사각 중
2640S-2,2640,S-2,5330,이매한신아파트,127.1256997,37.3880739,37.07,249,1220,100,205동 B1 주차장 기계실,205동 5호라인 앞 화단,사각 중
2829S-1,2829,S-1,4354,월드메르디앙,127.1447428,37.3699664,66.631,14,246,65,지하주차장 좌측끝,경비실옆차로,사각 중
3673S-4,3673,S-4,5191,시범현대아파트,127.1303694,37.3775657,50.399,227,2100,125,13동 B1주차장,상가앞 주차장 입구,사각 중
3668S-7,3668,S-7,5157,시범삼성/한신아파트,127.1257962,37.384682,42.88,210,1130,100,122동 1라인동 지하,122동 측면 장비반입구 앞,사각 중
2688S-4,2688,S-4,5419,한솔5단지아파트,127.1182053,37.3656522,67.88,327,989.9,100,10동 동지하 기계실,10동 장비반입구 옆 화단,사각 중
2695S-1,2695,S-1,5438,분당청솔6단지,127.1120708,37.3533284,49.56,270,796,80,601동~602동 동지하 기계실,601동 1호라인 장비반입구 옆 보도,사각 중
2880S-3,2880,S-3,4414,분당테크노파크 C동,127.1547327,37.4047273,80.46,0,2479.6,125,B1 주차장 기계실,주차장 내 화물하차 앞,사각 중
2400S-1,2400,S-1,578,성지하이츠텔,127.1252924,37.386698,33.692,0,1508.3,100,B4층 기계실,세븐일레븐앞 보도,사각 중
787S-1,787,S-1,867,도촌섬마을9단지,127.1642737,37.4117185,85.13,486,1694.8,100,903동 B1주차장기계실 19번 기둥,903동 앞 주차장,사각 중
2447S-2,2447,S-2,633,아이파크분당2,127.1052517,37.3702813,42.38,224,2190.9,125,202동B3주차장기계실(B18기둥),202동 주차장 입구 왼쪽 상가앞 차도(확인불가),사각 중
2447S-1,2447,S-1,632,아이파크분당2,127.1052517,37.3702813,42.38,0,728.4,80,202동B3주차장기계실(B07기둥),202동 주차장 입구 왼쪽 상가앞 차도(확인불가),사각 중
3683S-1,3683,S-1,5216,샛별동성아파트,127.1319263,37.3714904,53.97,146,1030,100,205동 B1 주차장 기계실,205동 202동 사이 화단 끝,사각 중
2714S-1,2714,S-1,5467,대원빌라３단지,127.1476285,37.406837,58.2,216,922.8,80,304동앞 B1주차장,304동 지하주차장앞도로,사각 중
3726S-2,3726,S-2,837,계원예술고등학교,127.115823,37.3590613,71.058,0,724.2,150,벽강예술관 B2기계실,"예술관옆,맨홀",사각 중
3693S-1,3693,S-1,798,탄천종합운동장,127.1200168,37.4110718,28.788,0,1514.5,100,체육회관동 B3 방재실 지하기계실,탁구장 앞 도로(맨홀),사각 중
3698S-1,3698,S-1,807,사단법인순복음분당선교회,127.1118139,37.360861,52.28,0,132.2,40,B2 기계실,유치원 주차장 좌측도로,사각 중
25020S-1,25020,S-1,56748,판교퍼스트힐푸르지오 1단지,127.0701986,37.3739336,147.848,529,3041,125,지하2층,주 출입구 왼쪽,사각 중
15965S-1,15965,S-1,52184,네이버 ZERO PROJECT,127.1059223,37.3585802,44.035,0,2094,125,지하8층(열량계는 지하3층 위치),건물 옆 도로중간,사각 중
2289S-1,2289,S-1,4516,*****,127.116414,37.3374125,56.59,0,0,,,,
2303S-1,2303,S-1,4530,애슐리퀸즈 분당서현점,127.122769,37.3837751,35.092,0,1677,100,지하 6층 기계실,주차장 입구 왼쪽 보도,사각 중
2675S-4,2675,S-4,5392,까치신원아파트,127.115569,37.3499774,51.8,190,1615.5,100,313동 B1주차장기계실 C-43기둥,313동 1호라인 앞 보도 화단,사각 중
2726S-1,2726,S-1,4230,성지유치원,127.1177732,37.3383587,55.91,0,0,,,,
3678S-4,3678,S-4,5209,양지마을1단지 금호,127.1169917,37.375578,39.83,158,630,65,금호상가 B1 기계실,외부차단밸브 분리수거장 위치.,육각 소
797S-1,797,S-1,884,TLI사옥,127.1278837,37.418019,26.81,0,806.9,125,B4 기계실,건물정면 출입구 앞 차도,육각 대
798S-1,798,S-1,885,연꽃마을4단지,127.1345661,37.4182183,35.62,250,2138.4,125,401동 B2 주차장 49번 기둥뒤,407동 측면 놀이터 입구 앞 보도,사각 중
2908S-1,2908,S-1,4442,코코프라자,127.1237165,37.3859342,33.453,0,992.8,200,B4 기계실,건물 정면 차로,육각 대
2667S-1,2667,S-1,5378,정든마을신화아파트,127.1175124,37.3629487,68.65,282,1876.2,100,503동 지하 주차장 내,진입로 놀이터 앞 차도,사각 중
2521S-1,2521,S-1,710,아델파크운영위원회,127.143476,37.4127028,47.22,0,1780.1,100,B3 주차장 기계실,건물 앞 조형물 오른쪽,육각 대
2522S-1,2522,S-1,711,분당서현신영팰리스타워,127.1255819,37.3857881,33.466,0,521.1,80,B3 계단 기계실,건물앞 보도,사각 중
2523S-1,2523,S-1,712,로드랜드이지타워,127.1081418,37.3424562,55.865,0,1283,100,지하주차장 B4층 엘리베이터 우측,주차장입구 오른쪽 보도,사각 중
2845S-1,2845,S-1,4371,건영퓨처힐(그린빌라),127.1354537,37.3682823,67.945,13,192,50,B1 주차장 기계실,정문 오른쪽 차로,사각 중
2630S-2,2630,S-2,5302,매화주공3단지아파트,127.1393003,37.4152814,38.52,118,590,65,관리소 지하 1층,관리소앞 보도,사각 중
2909S-1,2909,S-1,4443,관보빌딩,127.1301457,37.4117577,35.23,0,884.9,100,B5 기계실,정문 앞 보도,사각 중
2437S-1,2437,S-1,619,야베스밸리,127.1242173,37.3876524,32.758,0,995,100,B3 주차장 기계실,주차장 입구 우측 보도,사각 중
21735S-1,21735,S-1,52175,분당더샵파크리버(오피스텔),127.1181071,37.354692,48.36,0,953.3,125,지하2층,정문 주출입구,육각 대
26614S-1,26614,S-1,59903,e편한세상 금빛 그랑메종 5단지,127.1685504,37.4444181,103.215,772,1252.8,100,501동 A07기둥,501동 앞 녹지,사각 중
2903S-1,2903,S-1,4437,분당메트로빌딩관리단,127.1294629,37.4124373,31.51,0,834,80,B3 기계실,건물 뒤편 보도,사각 중
2623S-5,2623,S-5,5170,아름한성아파트,127.1218289,37.4029474,31.58,240,1212,100,206동 분리수거장 옆,기계실 입구 왼쪽 주차장,사각 소
2262S-1,2262,S-1,4486,현대프라자,127.1238638,37.3697392,58.78,0,640.2,80,B3 기계실,정문 앞 보도,사각 중
2398S-1,2398,S-1,576,노블레스호텔,127.1223838,37.3864165,34.98,0,223.7,50,B1 기계실,호텔 측면 실외기실,사각 중
2613S-3,2613,S-3,5271,효자촌동아아파트,127.1347884,37.3765574,48.472,74,790,80,16동옆 B1주차장,16동옆 도로,사각 중
2613S-1,2613,S-1,5269,효자촌동아아파트,127.1355101,37.3771741,52.619,266,1950,125,14동 B1 주차장,14동 앞 테니스장 옆 화단,사각 중
2605S-14,2605,S-14,5247,파크타운아파트,127.1172115,37.3716354,42.07,223,1760,100,34동 B1주차장 기계실,132~134동 사이 화단,사각 중
2858S-1,2858,S-1,4386,아이파크야탑,127.133419,37.4099026,41.16,270,2647.5,125,105동 B2 주차장,105동 옆 노인정 앞,사각 중
2751S-1,2751,S-1,4259,무지개제일아파트,127.1247187,37.3424044,84.53,172,1279.3,100,관리소 지하 기계실,관리소 뒤편 화단,사각 중
3672S-9,3672,S-9,5186,시범한양아파트,127.1241909,37.3827848,43.95,387,940,80,30동 동지하 좌측 기계실,328동 측면 정자 옆,사각 중
3677S-8,3677,S-8,5205,양지마을6단지 한양,127.1182405,37.3753071,37.85,176,677.3,80,대명상가 B2 주차장 기계실,수내동 주민센터 주차장,사각 중
3695S-2,3695,S-2,804,분당서울대학교병원,127.1257481,37.3480964,93.64,0,950,100,장례식장B1유수검지장치실,장례식장 정문 앞,사각 중
2244S-2,2244,S-2,4466,(주)동한프라자,127.1265205,37.3672664,65.63,0,530,80,B2 기계실,건물뒤편 과일 가계 앞 보도,사각 중
2377S-1,2377,S-1,555,요한성당,127.1477485,37.368784,90.906,0,895.1,125,B5 계단 기계실,주차장 입구 좌측 화단,사각 중
2379S-1,2379,S-1,557,한국장애인고용공단,127.1230573,37.3481631,80.61,0,2318.9,100,B2기계실(체육관동),본관건물앞,사각 중
2381S-3,2381,S-3,559,청구블루빌,127.1136319,37.3786793,37.72,0,2010.9,125,B7 기계실,정문 앞 보도(맨홀),사각 중
2473S-1,2473,S-1,675,국제약품,127.1291369,37.4092731,30.96,0,570,65,B3 기계실,정문옆 백엽상 앞 화단,사각 중
2445S-2,2445,S-2,629,아데나팰리스,127.1078458,37.3604825,42.942,203,1921.8,125,B2주차장 3번기둥 앞,스타벅스 앞 보도,사각 중
2445S-1,2445,S-1,628,아데나팰리스,127.1078458,37.3604825,42.942,0,514.9,65,B2주차장 2번기둥 앞,스타벅스 앞 보도,사각 중
2641S-1,2641,S-1,5333,원일유치원,127.1250986,37.3897593,34.63,0,0,,,,
25023S-1,25023,S-1,56742,판교 더샵 포레스트(대장A12),127.072054,37.3651675,114.974,284,1671.6,100,지하2층,상가 뒤 산쪽,사각 중
25023S-2,25023,S-2,56743,판교 더샵 포레스트(대장A12),127.072054,37.3651675,114.974,258,1461,100,지하2층,상가 뒤 산쪽,사각 중
2378S-1,2378,S-1,556,분당비전월드관리단위원회,127.1219432,37.3873139,33.359,0,1397.9,100,B3 기계실,건물뒤편 약국앞 보도,사각 중
17965S-1,17965,S-1,50810,베스티안,127.128028,37.4180682,28.235,0,340.56,80,지하6층(열량계는 지하2층 위치),주차장 출입구 옆 도로,사각 중
24781S-1,24781,S-1,50958,바우하임,127.1277953,37.4183449,27.785,0,445,80,지하5층(열량계는 지하1층 위치),부동산 앞 보도,사각 중
2866S-1,2866,S-1,4396,성원상떼뷰,127.1058082,37.3695537,42.05,53,467.5,65,B1 20번 기둥뒤 기계실(101동),1단지 상가 앞 횡단보도 앞,사각 중
2298S-1,2298,S-1,4525,삼평빌딩,127.1268534,37.3662253,70.31,0,0,,,,
775S-1,775,S-1,854,미금초등학교,127.1153635,37.3474525,52.809,0,683,65,B1 기계실,건물뒤편 주차장,사각 중
776S-1,776,S-1,855,구미초등학교,127.1184816,37.3376571,59.241,0,569.5,65,지하1층 기계실,행정실 앞 화단,사각 중
55S-1,55,S-1,5597,중부지방고용노동청 성남지청(신청사),127.1098431,37.348962,56.069,0,426.9,100,B2 주차장 엘리베이터입구옆전기실,건물 뒤편 차도,사각 중
2605S-5,2605,S-5,5254,파크타운아파트,127.1250599,37.3720541,53.64,151,1170,100,10동 B1주차장,109동 옆 화단,사각 중
3683S-3,3683,S-3,5218,샛별동성아파트,127.1318146,37.3723362,53.29,226,1180,100,203동 B1 주차장 기계실,203동 지하주차장 입구 좌측화단,사각 중
3683S-2,3683,S-2,5217,샛별동성아파트,127.1327358,37.3717881,53.83,210,980,100,208동 B1 주차장 기계실,208동 7호 라인옆 화단 벤치 뒤,사각 중
3684S-2,3684,S-2,5220,효자촌현대아파트,127.132398,37.3748476,49.3,420,2580,125,105동뒤 기계실출입구,105동뒤 놀이터옆 화단,사각 중
35630s-1,35630,s-1,63158,패밀리판교102동,127.0664302,37.362911,106.074,0,669.3,80,지하4층,주출입구 인근,사각 중
2243S-1,2243,S-1,4464,마르코성당,127.1337265,37.4107594,46.44,0,282.5,100,본당1층 기계실,건물정면 우측화단,사각 중
2244S-1,2244,S-1,4465,(주)동한프라자,127.1265205,37.3672664,65.63,0,292.5,50,B2 기계실,건물뒤편 과일 가계 앞 보도,사각 중
2616S-2,2616,S-2,5281,이매동신3단지아파트,127.1276918,37.3899168,37.24,270,2050,125,관리소-302동사이 단독출입구,303동측면 정자방향화단,사각 중
2511S-1,2511,S-1,700,정가빌딩,127.1207114,37.3855794,33.908,0,0,,,,
2308S-2,2308,S-2,4537,네오위즈타워,127.1102944,37.3351087,55.21,0,0,,,,
2686S-1,2686,S-1,5409,청솔동아아파트,127.1151814,37.3530597,48.5,204,1662.1,100,관리소 지하 기계실,관리소 뒤 보도,사각 중
2819S-1,2819,S-1,4343,청구빌라,127.1446189,37.3688283,77.49,8,205,50,B1 주차장 기계실,단지내 주차장 진입로,사각 중
2629S-2,2629,S-2,5297,탑마을타워빌,127.1270893,37.4085177,31.45,180,1510,100,306-307동 B1주차장초입 기계실,307동 뒤 화단,사각 중
2613S-2,2613,S-2,5270,효자촌동아아파트,127.1361731,37.3776935,54.646,308,2000,125,7동 B1기계실,9동옆 보도,사각 중
2614S-4,2614,S-4,5275,효자촌임광아파트,127.13777,37.3762627,54.768,108,820,80,313동 B1 주차장 기계실,315동 1호라인 앞 화단,사각 중
3706S-1,3706,S-1,815,성남시니어산업혁신센터,127.1424552,37.4105857,60.218,0,1048.5,125,B2 기계실,정문 앞 보도,사각 중
2678S-1,2678,S-1,5397,동은유치원,127.1133406,37.3371416,58.37,0,46.2,25,B1 주방,건물 측면 마루밑,육각 소
2839S-2,2839,S-2,4365,신안씨네하우스,127.1447483,37.3683111,77.42,10,220,50,B1 주차장 기계실,102동 3호 라인 뒤쪽 화단,사각 중
2736S-1,2736,S-1,4241,분당대명빌라,127.1414702,37.3739156,57.89,144,626.8,80,101동뒤 단독출입구,기계실뒤편 학교사이화단,사각 중
2779S-2,2779,S-2,4300,무지개신한건영아파트,127.1155337,37.3391846,54.58,210,927,80,건영아파트 정문 차단기 옆 단독출입구,기계실 왼쪽 화단,사각 중
3690S-1,3690,S-1,795,학교법인 성광학원 야탑빌딩사업소,127.1434219,37.4102061,57.349,0,1671.3,100,B1 기계실,건물측면 대로 방향 화단(맨홀),사각 중
2646S-2,2646,S-2,5344,한솔한일아파트,127.1211386,37.3669203,62.74,248,1201.3,100,307동 1.2라인앞 화단,307동 1-2호라인앞 화단,사각 중
2761S-2,2761,S-2,4275,청솔9단지현대아파트,127.1137263,37.3527504,50.71,420,1301.7,100,4~6동 B1 주차장 기계실,904동 906동 사이 도로옆 화단,사각 중
3671S-8,3671,S-8,5184,시범한양아파트,127.1245084,37.3808203,48.52,152,1620,100,14동 동지하 좌측 기계실,314동 1호라인 옆 화단,사각 중
25022S-1,25022,S-1,56741,판교 더샵 포레스트(대장A11),127.0732501,37.368029,126.445,448,2597.7,125,B3층 1101동 1~2라인 우측 05번 기둥 옆(기계실 위치),1동 옆 생태천 둑,사각 중
33313S-2,33313,S-2,68145,산성역 자이푸르지오 2단지,127.1487911,37.4498421,83.341,680,2729.4,125,기계실 위치 B1 209동 33번기둥,외부회전교차로 버스정류장 옆,사각 중
33314S-1,33314,S-1,68146,산성역 자이푸르지오 3단지,127.1515983,37.4490285,103.58,840,3572.5,150,기계실 위치 -B2 302동 12번기둥 앞,외부 301동 앞 건너편 맨홀,사각 중
33315S-1,33315,S-1,68147,산성역 자이푸르지오 4단지,127.1497612,37.4504133,86.064,812,1831.3,100,관리사무소1층/기계실 402동 주차장입구,주차장밖 초소뒤,사각 중
2233S-1,2233,S-1,4451,신흥조합상가,127.1229213,37.3996344,30.801,0,0,,,,
3671S-5,3671,S-5,5181,시범한양아파트,127.1263698,37.3800924,50.91,118,1043,100,10동 1라인 동지하 좌측 기계실,310동 뒤 화단,사각 중
3671S-6,3671,S-6,5182,시범한양아파트,127.1252295,37.3794381,50.19,148,1049,100,8동 1라인 동지하 좌측 기계실,307동 308동 사이 화단,사각 중
3671S-7,3671,S-7,5183,시범한양아파트,127.1252421,37.3803735,50.19,180,1606,100,11동 2라인 우측 동지하 기계실,308동 311동 사이 화단,사각 중
18496S-1,18496,S-1,50982,산성역포레스티아아파트,127.1493101,37.4535228,89.132,1554,9187.4,200,2번 주출입구 주차장 진입로 옆,건물 주출입구 로터리 인근,육각 대
33312S-1,33312,S-1,68142,산성역 자이푸르지오 1단지,127.1477386,37.4470735,95.528,925,4309.1,150,기계실 위치 - B1 103동 외부 놀이터 앞.,2번출입구 앞 맨홀,사각 중
33312S-2,33312,S-2,68143,산성역 자이푸르지오 1단지,127.1459662,37.4478914,56.162,927,3847.9,150,기계실위치- 1번게이트 스쿨버스존 뒤.,버스존 앞 맨홀,사각 중
33313S-1,33313,S-1,68144,산성역 자이푸르지오 2단지,127.1490474,37.4490876,97.452,590,2834.3,125,기계실 위치-B2 203동옆,초소뒤,사각 중
2796S-1,2796,S-1,4320,한신타운하우스1차,127.1271179,37.3405604,103.59,11,227,50,B1 주차장 기계실,경비실 앞 화단,사각 중
2634S-2,2634,S-2,5315,목련주공1단지,127.1389834,37.4084638,40.75,248,767,80,10동 동지하 기계실,110동 10번 라인 주차장 앞,사각 중
2634S-4,2634,S-4,5317,목련주공1단지,127.1414511,37.4076212,46.73,198,694,80,1동 동지하 기계실,101동 1번 라인 앞 주차장,사각 중
2859S-2,2859,S-2,4388,파크뷰,127.10815,37.3745242,39.18,788,8107.8,200,3동 1.2라인입구옆B1주차장기계실,612동 하천 방향 담장 밖 보도 옆(맨홀),사각 중
2859S-1,2859,S-1,4387,파크뷰,127.1059169,37.3738641,41.48,1041,9245,200,"2,3동 B1 주차장 출구옆 기계실",정자초등학교 앞 차도(맨홀),사각 중
2605S-1,2605,S-1,5242,파크타운아파트,127.1222632,37.3745869,44.5,207,1800,100,101동 5.6라인 지하 주차장,101동 벽면 화단 경사면측,사각 중
2605S-12,2605,S-12,5245,파크타운아파트,127.1198623,37.3726034,45.7,202,1580,100,27동 B1주차장 기계실,127~129동 사이 화단,사각 중
2605S-9,2605,S-9,5258,파크타운아파트,127.1210044,37.3702689,53.53,120,920,80,19동 B1주차장 기계실,119동 옆면 상가 사이,사각 중
2605S-17,2605,S-17,5250,파크타운아파트,127.12232,37.371711,52.11,176,810,80,돌고래상가 B1 주차장,아파트 주차장 입구,사각 중
2606S-1,2606,S-1,5259,누리봄유치원,127.1193546,37.3712986,46.31,0,66.6,25,B1 기계실,정문 오른쪽 화단,사각 중
2607S-1,2607,S-1,5260,동산유치원,127.1232196,37.3725457,46.9,0,0,,,,
2608S-1,2608,S-1,5261,코끼리상가,127.1205114,37.3725672,42.89,0,759.1,80,B1상가내 코끼리서적옆기계실,주차장입구옆화단,사각 중
2543S-1,2543,S-1,734,제나빌딩,127.1075495,37.3676478,43.08,0,674,80,B3 기계실,주차장 입구 차도,사각 중
26276S-1,26276,S-1,56846,분당 지웰푸르지오(업무시설),127.1178797,37.3811871,35.92,0,497.9,125,지하1층,하천 옆 경사면,사각 중
2854S-1,2854,S-1,4380,로얄팰리스,127.1099249,37.3747311,38.9,566,6924.8,200,C동 B2주차장 D24기둥,입주민전용 주차장입구앞도로(맨홀),사각 중
2633S-1,2633,S-1,5311,분당탑마을8단지,127.1346961,37.4092267,39.44,217,722,80,3동동지하기계실,802-803동 놀이터 안전수칙 표지판 앞 매몰,사각 중
26315S-1,26315,S-1,52113,성남 아리스타시티 관리단,127.1287144,37.4293803,26.299,0,628,100,지하 3층,건물 뒷편,사각 중
25021S-1,25021,S-1,56752,판교퍼스트힐푸르지오 2단지,127.068179,37.375437,166.218,445,2563.3,125,지하2층,주차장 입구 왼쪽 언덕,사각 중
2449S-2,2449,S-2,637,위브제니스관리단위원회,127.1075339,37.3700519,41.09,0,0,,,,
2556S-1,2556,S-1,747,여암빌딩,127.1229445,37.3875795,32.774,0,533.2,65,B3 기계실,정문앞 차도,사각 중
2383S-1,2383,S-1,561,초림모텔,127.1154492,37.3796313,36.81,0,301.7,50,B1 기계실,건물 뒤 보도,사각 중
2384S-1,2384,S-1,562,칼튼호텔,127.1074364,37.3674169,43.06,0,140,40,B1 기계실,건물입구앞도로,사각 중
2601S-1,2601,S-1,5236,샛별삼부아파트,127.1287167,37.3710839,54.792,200,1050,100,3동 1호라인 동지하 기계실,403동 1호라인 앞 차도,사각 중
2617S-1,2617,S-1,5282,이매촌성지아파트,127.1264966,37.3941675,34.328,304,1820,100,관리소앞 출입구-B2기계실,관리소입구옆화단,사각 중
774S-1,774,S-1,853,탄천초등학교,127.115668,37.3619885,65.065,0,433,65,B1 기계실,건물뒤 출입구 앞,사각 중
2246S-1,2246,S-1,4468,성심빌딩,127.1146349,37.3631014,62.782,0,490,65,B2 주차장 기계실,정문앞 화단 밑,사각 소
2618S-2,2618,S-2,5284,탑마을선경아파트,127.1203606,37.4077843,33.14,504,2590,125,13~15동지하2층주차장계단실입구주변,110동 측면과 주차장환기구 사이 보도,사각 중
2618S-1,2618,S-1,5283,탑마을선경아파트,127.1221424,37.407799,30.86,472,3070,125,관리사무소옆 단독 출입구,기계실뒤편 화단,사각 중
2814S-1,2814,S-1,4338,701동 청구연립,127.1250016,37.3446714,103.94,16,257,50,B1 주차장 기계실,702동 2호라인 뒤 화단,사각 중
37879S-1,37879,S-1,67810,판교포레나인 9단지,127.0673929,37.364507,114.266,221,594,40,B1층 904동 1~5라인 E/V 앞 계단이용 B2층 기계실(기계실 위치),904동 앞 화단,사각 중
2404S-1,2404,S-1,582,학교법인 단호학원,127.1222013,37.3853543,34.548,0,891.1,150,B4 기계실,주차장 입구 오른쪽 보도,사각 중
3733S-1,3733,S-1,844,상탑초등학교,127.1457803,37.4064575,54.66,0,0,,,,
3686S-2,3686,S-2,5227,푸른마을,127.1238826,37.3672575,65.69,180,1360,100,601동 602동 지하 주차장,602동 옆 학교 펜스 앞 보도,사각 중
2653S-1,2653,S-1,5354,샛별우방아파트,127.1282366,37.3717055,54.44,811,5091.6,150,관리사무소 B2,관리사무소건물뒤15번지하주차장출입구,사각 중
2630S-4,2630,S-4,5304,매화주공3단지아파트,127.1420017,37.4150677,41.41,90,496,65,"312, 313 동사이 지하공동구","312, 313동 사이주차장",사각 중
2670S-1,2670,S-1,5382,분당유치원,127.1171512,37.3597777,71.64,0,64.7,25,지하1층 주방,정문 좌측 놀이터(밸브모양 확인불가),사각 중
2838S-1,2838,S-1,4363,건영퓨처힐(아름빌라),127.1366793,37.3678072,73.291,8,205,50,B1 주차장 기계실,빌라정문 왼쪽 보도,사각 중
2725S-1,2725,S-1,4229,무지개청구아파트,127.1182189,37.3394146,58.74,932,4610.6,150,"505동3,4호라인B1주차장기계실",509동 4호라인뒤 화단,육각 대
2614S-1,2614,S-1,5272,효자촌임광아파트,127.1378683,37.375598,50.971,82,600,65,301동 B1 주차장 기계실,301동 주차장 입구 앞 도로,사각 중
3727S-1,3727,S-1,838,신기초등학교,127.1105463,37.3671806,42.72,0,525.5,65,B1 기계실,본관 뒤편 출입문옆,사각 중
2318S-1,2318,S-1,4547,분당척병원,127.1294622,37.4129145,32,0,725.5,80,B4 주차장 기계실,건물 뒤 입구 앞,사각 중
2504S-2,2504,S-2,659,두산위브센티움2,127.1166758,37.3807677,36.47,0,520,80,B4 기계실 (2동),주차장 입구 옆 보도,사각 중
2576S-1,2576,S-1,767,야탑2동사무소,127.1274818,37.4092996,31.36,0,70.2,32,B1기계실,건물 오른쪽 보도,사각 중
2427S-1,2427,S-1,607,(주)캐리맥스통상,127.1170724,37.3369329,59.76,0,84.4,32,B1 기계실,건물입구 왼쪽 화단,사각 중
29299S-1,29299,S-1,61827,판교풍경채어바니티5단지,127.0693631,37.3649575,108.457,589,3114.4,125,지하1층,5블럭 시작 초입 대로 (맨홀),사각 중
784S-1,784,S-1,863,도촌휴먼시아섬마을2단지,127.1507215,37.4137754,59.73,534,1600.5,100,206동 B1주차장기계실(57기둥),상가건물앞보도,사각 중
2563S-1,2563,S-1,754,탑빌딩,127.1296113,37.412654,30.022,0,640.3,80,B4 주차장 기계실,정문앞 차도,사각 중
2564S-1,2564,S-1,755,예미지빌딩,127.116339,37.3791502,36.97,0,898,80,B4 기계실,정문 앞 보도,사각 중
2565S-1,2565,S-1,756,네이버 주식회사,127.1052776,37.3597582,44.035,0,6173.7,200,B7 기계실,건물정면입구 앞 보도 차도 경계,육각 대
2568S-1,2568,S-1,759,티맥스수내타워,127.1166195,37.3793553,35.515,0,1068.2,100,B6 기계실,정문 앞 보도,사각 중
3693S-3,3693,S-3,800,탄천종합운동장,127.1200168,37.4110718,28.788,0,2592.4,200,체육회관동 B3 방재실 지하기계실,탁구장 앞 도로(맨홀),사각 중
3693S-5,3693,S-5,5539,탄천종합운동장,127.1191804,37.4085704,29.851,0,586,100,탄천스포츠센터 지하1층,탑마을선경아파트114동방향 보도,사각 중
2270S-1,2270,S-1,4495,*****,127.1218166,37.3589369,82.46,0,0,,,,
18496S-2,18496,S-2,50983,산성역포레스티아아파트,127.1484221,37.4538784,92.427,1430,9014.9,200,"107동 1, 2 주차 라인 앞, P4","3번 주출입구, 유치원 뒷편",육각 대
2753S-2,2753,S-2,4262,무지개마을주공4단지아파트,127.1172302,37.3389037,54,0,0,,,,
2245S-1,2245,S-1,4467,*****,127.1337574,37.4125316,42.47,0,0,,,,
2261S-1,2261,S-1,4485,동호프라자 관리사무소,127.1217134,37.3836641,36.84,0,0,,,,
66S-1,66,S-1,5696,금담사옥,127.1277097,37.4184681,28.048,0,357.1,100,B4 주차장 기계실,건물뒤편 출입구 앞 보도,사각 중
67S-1,67,S-1,5697,신야탑 푸르지오시티,127.1270219,37.4170569,28.387,0,881.5,80,B3 주차장 기계실,건물상가 모서리 건널목 보도,사각 중
2555S-1,2555,S-1,746,후성홀딩스(주),127.1072778,37.3498663,54.192,0,774.4,80,B2 계단 기계실,정문앞 보도,사각 중
2813S-1,2813,S-1,4337,미원빌라,127.1443325,37.368592,74.899,16,255,50,B1 주차장 기계실,진입로 좌측 보도,사각 중
2703S-1,2703,S-1,5456,이화빌라,127.1427056,37.3682231,71.255,14,246,65,지하 1층 101동 1~2호라인,신안빌라 사이 보도 한전박스 앞,사각 중
2605S-11,2605,S-11,5244,파크타운아파트,127.1202516,37.3694366,53.6,194,1470,100,25동 B1주차장 기계실,122~125동 사이 화단,사각 중
2728S-1,2728,S-1,4233,현대맨숀,127.1363816,37.3698536,58.305,18,268,65,B1 주차장 기계실,빌라입구 좌측 화단,사각 소
786S-1,786,S-1,865,도촌휴먼시아섬마을8단지,127.1599325,37.4123005,81.86,465,1419.3,100,관리소앞B1주차장기계실(805동지하),805동 측면 화단,사각 중
787S-2,787,S-2,868,도촌섬마을9단지,127.1663855,37.4111976,91.3,519,1450.7,100,907.908동 B1 주차장 기계실,905동 뒤편 보도,사각 중
16456S-1,16456,S-1,57381,두산업무센터,127.1058518,37.363732,41.664,0,5701.4,200,열량계지하 2층/열교환기 지하7층,건물 앞 보도,육각 대
2399S-1,2399,S-1,577,성남상공회의소,127.1256967,37.3986358,30.273,0,473.1,65,B1 기계실,건물 측면 교회 방면 보도,사각 중
2401S-1,2401,S-1,579,현대벤처빌관리단,127.1099153,37.3496636,55.09,0,1660.1,150,B4시설팀내B5기계실,분당프라자 쪽 건물 옆면 보도(맨홀),사각 중
18551S-1,18551,S-1,52202,야탑청소년수련관,127.1420735,37.4099326,56.078,0,2411.1,150,지하2층,건물 남측 도로 인근,사각 중
2571S-1,2571,S-1,762,서현문화의집,127.1264613,37.3826167,44.251,0,0,,,,
2574S-1,2574,S-1,765,분당동사무소,127.1313709,37.3701452,56.681,0,0,,,,
2566S-1,2566,S-1,757,어린이종합교육문화시설(펀스테이션),127.1178797,37.3811871,35.92,0,0,,,,
2567S-1,2567,S-1,758,대한불교천태종대광사,127.126404,37.3460182,105.912,0,0,,,,
25019S-1,25019,S-1,54646,한샘바흐하우스(구.더포레드루미에르),127.1249121,37.3435162,89.408,29,254,65,지하 1층,주차장 입구 옆 보도,사각 소
2508S-1,2508,S-1,697,분당트라팰리스,127.1144994,37.379993,0,0,2793.5,125,B4 주차장 기계실 29번기둥,현대오피스빌딩 사이 사거리 차도,사각 중
2732S-1,2732,S-1,4237,동신건영빌라2차,127.139286,37.409916,47.63,120,558.6,80,동신아파트 주차장 B1 기계실,주차장 입구,사각 중
31195S-1,31195,S-1,56721,성남국민체육센터,127.116882,37.3829987,33.972,0,1641.2,125,지하2층,건물 북측,사각 중
2644S-1,2644,S-1,5341,*****,127.1373614,37.37334,52.48,0,0,,,,
26610S-1,26610,S-1,59634,이편한세상금빛그랑메종 1단지,127.1594415,37.4437776,74.196,502,2172.2,125,"P7 104동 3,4라인",주차장 우측 화단(맨홀),사각 중
26610S-2,26610,S-2,59635,이편한세상금빛그랑메종 1단지,127.1616031,37.4445264,66.916,633,2712.4,125,P7 B57기둥옆,주차장 좌측 아래 소화전옆,사각 중
26611S-1,26611,S-1,59855,e편한세상 금빛 그랑메종 2단지,127.1618824,37.4428607,109.307,443,1735.5,100,P3 203동 3라인,삼거리 횡단보도,사각 중
2635S-1,2635,S-1,5319,*****,127.1406382,37.4078135,43.819,0,0,,,,
2275S-2,2275,S-2,4501,태영대중사우나,127.125718,37.3863779,34.84,0,0,,,,
2655S-2,2655,S-2,5357,장안건영2차아파트,127.1416019,37.3710111,56.95,310,2804.7,125,112동 앞 단독출입구,112동 앞 주차장,사각 중
2312S-1,2312,S-1,4541,피엔지플래닝(대우빌딩),127.126525,37.4103471,28.391,0,237,50,B2 주차장 기계실,건물 뒤 중앙통로 약국 앞,사각 중
2314S-1,2314,S-1,4543,한서빌딩,127.125432,37.3856483,35.36,0,737.2,80,B2 계단 기계실,건물앞 보도,사각 중
2315S-1,2315,S-1,4544,이화빌딩,127.1271895,37.4114888,30.15,0,0,,,,
2316S-1,2316,S-1,4545,드림자산운용(주)드림밸류사모부동산투자신탁2호,127.1129693,37.3767482,38.34,0,837,150,B5 기계실,정문앞 보도,사각 중
2317S-1,2317,S-1,4546,효자촌프라자관리단,127.13381,37.3768851,49.041,0,0,,,,
795S-2,795,S-2,881,여수지구휴먼시아3단지,127.1326109,37.4183743,35.6,339,2142.9,125,"321동1,1호라인입구옆기계실(B1)","321동 322동 사이 뒤 중앙벤치 321동, 322동 사이 분수대앞 화단앞",사각 중
2749S-1,2749,S-1,4257,꿈터유치원,127.1121798,37.347618,52.244,0,58.4,25,B1 기계실,406동-유치원사이 화단,사각 중
2471S-1,2471,S-1,673,(주)아거스,127.1262191,37.3990637,29.864,0,203,50,B2 주차장 기계실,건물 뒤편 후문 앞 보도,사각 중
38123S-1,38123,S-1,62374,단대진로아파트입주자대표회의,127.1561409,37.4506769,88.265,499,2561.5,125,지하2층,102동 앞 인도,사각 중
29300S-1,29300,S-1,61892,"성남대장 제일풍경채 A7,8BL",127.0679499,37.3680313,121.281,444,2334.7,125,지하1층,702동 앞 도로,사각 중
2683S-1,2683,S-1,5404,정든우성6차아파트,127.1214189,37.3621493,79.67,338,1669.8,100,관리소앞놀이터옆지하출입구B1전기실,관리소옆 화단 백엽상옆,사각 중
3712S-1,3712,S-1,821,내정초등학교,127.1218077,37.3732442,45.7201,0,0,,,,
29267S-1,29267,S-1,57470,성남축구센터,127.1044334,37.3774395,47.293,0,581.6,65,지하1층,정문 앞,사각 중
2239S-1,2239,S-1,4460,궁전프라자2,127.1294635,37.413078,32.18,0,0,,,,
2483S-1,2483,S-1,551,포인트타운,127.1103962,37.3384926,53.729,0,642.9,80,B3기계실,포인트타운 삼거리 정면 차도,사각 중
2291S-1,2291,S-1,4518,(주)이마트 분당점,127.1198028,37.3585162,72.14,0,1359.5,100,B2 기계실,주차장 출구 왼쪽 보도,육각 대
2752S-1,2752,S-1,4260,두산빌라,127.1253919,37.3414411,86.736,18,260,65,B1 주차장 입구,분리수거함 앞 차도,사각 중
2687S-6,2687,S-6,5415,한솔4단지아파트,127.1186555,37.3690271,54.09,178,662,80,17동 동지하기계실,414-416동 사이 공정구 뒤 화단,사각 중
2637S-1,2637,S-1,5324,은정유치원,127.1313672,37.4150693,29.613,0,88.4,32,B1 기계실,807-808동 사이 녹지,사각 중
2413S-1,2413,S-1,593,이매오피스텔,127.1270963,37.3987162,30.886,0,317.3,65,B1 주차장 기계실,오피스텔 1층 편의점옆 도로,사각 중
2415S-1,2415,S-1,595,(주)엠에스씨집배송센타,127.1148726,37.3793658,37.09,0,158.7,40,B3 기계실,건물주차장 옆 리프트 앞,사각 중
2779S-1,2779,S-1,4299,무지개신한건영아파트,127.1150461,37.3397393,53.68,272,1280.2,100,8동~10동 B1주차장 기계실,307동 주차램프 왼쪽 보도,사각 중
3686S-8,3686,S-8,5233,푸른마을,127.1250085,37.369825,61.28,200,1790,100,"201동 202동 B1 16,19번",201동 2호 라인 벽면 보도,사각 중
2659S-4,2659,S-4,5368,상록마을우성아파트,127.1102842,37.3643929,46.39,368,1627.9,100,20동 지하 주차장,321동 5호라인 환기구 앞,사각 중
2793S-1,2793,S-1,4317,삼성빌라,127.1349703,37.368484,66.286,9,227,50,B1 주차장 기계실,건물옆 화단밑 횡단보도,사각 중
2790S-1,2790,S-1,4314,청솔마을계룡아파트,127.1077094,37.3528019,53.51,492,2148.7,125,관리소 지하 기계실,11동 5호라인 뒤 화단,사각 중
3673S-5,3673,S-5,5192,시범현대아파트,127.1310976,37.376312,50.64,176,1500,100,16동 B1주차장,17동 옆 백엽상 뒤,사각 중
2288S-1,2288,S-1,4515,(주)대한세라믹스,127.1163622,37.3814163,35.92,0,702.5,80,B4 기계실,건물 강변로 방향 보도,사각 중
2697S-3,2697,S-3,5445,매화주공2단지아파트,127.1349006,37.4139182,37.64,213,884.7,80,217동 동지하기계실,215동앞 주차장 차로,사각 중
2805S-1,2805,S-1,4329,하나빌라,127.135326,37.370781,57.16,18,268,50,B1 주차장,경비실 옆 계단 및 창고 안,사각 중
2627S-2,2627,S-2,5293,장미코오롱아파트,127.1247084,37.4152122,29.47,402,2260,125,24동 뒤 ATM기 옆 단독 출입구,124동 뒤 기계실 앞 차도,사각 중
2798S-1,2798,S-1,4322,삼익파크빌라,127.1269611,37.3414331,99.64,16,260,50,B1 주차장 기계실,단지 주차장 입구 앞 도로,사각 중
2629S-4,2629,S-4,5299,탑마을타워빌,127.1282954,37.4067989,32.69,318,2570,125,501-502동 B1주차장초입 기계실,502-503동 놀이터 미끄럼틀 옆 매몰,사각 중
2810S-1,2810,S-1,4334,중앙하이츠빌라,127.1191399,37.3505619,52.04,18,268,50,B1 주차장 기계실,202동 1호라인 앞 화단,사각 중
2705S-1,2705,S-1,5458,진로빌라,127.1349763,37.3701979,57.751,18,260,50,B1 주차장 기계실,빌라정자 뒤편 보도방향 담벼락 밑,사각 중
2402S-1,2402,S-1,580,가나안교회,127.1171499,37.3364739,61.585,0,269.2,50,B1 주차장 기계실,교회앞 횡단보도 앞 보도,사각 중
2605S-13,2605,S-13,5246,파크타운아파트,127.1197669,37.3716168,46.41,215,1750,100,30동 B1주차장 기계실,131동 뒤편 주차장 테니스코트측 구석,사각 중
3669S-2,3669,S-2,5161,분당시범우성아파트,127.132877,37.3817726,49.61,200,981.8,100,211동 B1주차장,11동 옆 화단,사각 중
2770S-1,2770,S-1,4288,느티마을경남선경빌라,127.1116184,37.3734871,40.01,200,2069.8,125,관리소옆 단독출입구,관리소 앞 도로,사각 중
2851S-1,2851,S-1,4377,구미동현대노블리스(85번지),127.1197578,37.3486671,50.497,24,313.1,50,"7,8동 B1 주차장 기계실",108동 뒤편 화단 펜스 밖 녹지,사각 소
2718S-1,2718,S-1,4221,우방우성빌라,127.1182854,37.3521173,51.58,108,1414.5,100,B1 주차장 기계실,106동 1호라인 앞 화단,사각 중
2251S-1,2251,S-1,4473,서울우유 강남지점,127.1397207,37.3719749,53.56,0,183.8,40,지하 1층 기계실,정문앞 보도,사각 중
2596S-1,2596,S-1,788,정자3동사무소,127.1196153,37.360907,74.95,0,75.2,32,B1 기계실,건물좌측 민방위비상급수시설뒤 화단,사각 중
2597S-1,2597,S-1,789,서광어린이집,127.1496429,37.4057144,64.76,0,215.8,50,B1 기계실,건물 측면 테크노파크 방향 벽 아래,사각 중
2546S-1,2546,S-1,737,벤투스솔루션(구 드림고시텔),127.1068649,37.3649722,40.57,0,0,,,,
3669S-7,3669,S-7,5173,분당시범우성아파트,127.1312835,37.3802392,52.85,174,1676.3,100,227동 B1주차장,27동 지하주차장 입구 왼쪽,사각 중
2758S-1,2758,S-1,4270,무지개건영3차아파트,127.1211281,37.3399848,66.38,208,1786,100,B1 주차장 기계실,관리소 건너편 601동 방향 화단,사각 중
2544S-1,2544,S-1,735,(주)신한방BYC,127.1292252,37.411268,30.48,0,1441.3,100,B4 주차장 기계실,건물 측면 지하철역 입구 방향 보도,사각 중
2545S-1,2545,S-1,736,여민빌딩,127.1068589,37.3654771,40.23,0,155.6,40,B2 기계실,주차장 입구 앞 도로,사각 중
2554S-1,2554,S-1,745,의료법인창덕의료재단(분당지점),127.1197216,37.3851819,34.328,0,515.4,65,B2 기계실,측면 소화전 앞 차도,사각 중
25006S-1,25006,S-1,56886,판교 힐스테이트 엘포레 3블럭,127.067982,37.3692812,124.024,121,1112.7,100,주차장 출입구 들어와서 좌측 301동 1~2라인 옆(B3층 기계실 위치),주출입구 왼쪽,사각 중
2755S-2,2755,S-2,4265,무지개12단지아파트,127.1201345,37.3353127,78.28,373,1357.6,100,1-5동 동지하기계실,1203동옆 장비반입구 화단,사각 중
2634S-1,2634,S-1,5314,목련주공1단지,127.1393726,37.4088137,43.43,347,891,80,8동 동지하 기계실,107동 앞 정자옆 보도,사각 중
2868S-1,2868,S-1,4400,정자동양파라곤,127.1060813,37.3689138,42.15,112,1091.7,100,"101동1,2호라인입구B2주차장기계실",101동 측면 파스타앞 보도,사각 중
2692S-3,2692,S-3,5435,한솔마을주공7단지,127.1155454,37.3676613,51.2,450,1003,100,703동 앞 놀이터 사이 기계실출입구,702동 앞 기계실 옆 화단,사각 중
3675S-3,3675,S-3,5200,양지마을5단지 한양,127.1144422,37.3748447,39.94,420,1075,100,13동 B1 주차장 기계실,513동 뒤 백엽상 뒤 보도,사각 중
2605S-15,2605,S-15,5248,파크타운아파트,127.1177582,37.3710427,43.54,202,1450,100,37동 B1주차장 기계실,137동1.2라인 우측 벤치 중앙,사각 중
2733S-2,2733,S-2,4238,동신건영2차,127.1390984,37.4100013,46.81,120,558.6,65,건영아파트 주차장 B1 기계실,건영주차장 입구 왼쪽 위 화단,사각 소
2734S-1,2734,S-1,4239,동신빌라,127.1359776,37.368985,62.127,18,267,65,B1 주차장 기계실,경비실 앞,사각 중
2789S-2,2789,S-2,4312,분당하얀6단지,127.1142449,37.3456295,54.2,564,1522.6,100,"601,602동 지하 공동구 기계실",601동 장비반입구 앞 화단,사각 중
789S-2,789,S-2,871,동분당 더 퍼스트,127.1574022,37.4157378,60.12,320,2389.7,125,508동 B1 주차장,관리소 앞 보도,사각 중
2260S-2,2260,S-2,4484,골드프라자(미금사우나),127.1115718,37.3505943,51.67,0,0,,,,
2610S-1,2610,S-1,5263,이매촌청구아파트,127.1275685,37.3930355,36.3,353,2460,125,14동 B1 주차장 기계실,613동 뒤 테니스장 옆,사각 중
2610S-2,2610,S-2,5264,이매촌청구아파트,127.1269806,37.3917902,34.781,357,2410,125,6동 B1 주차장 기계실,관리소 정면 앞 도로,사각 중
2612S-2,2612,S-2,5267,이매금강아파트,127.1239413,37.3910864,34.91,152,850,80,104동과 테니스장 사이 단독출입구,101동~102동 사이 도로화단,사각 중
2612S-1,2612,S-1,5266,이매금강아파트,127.1237745,37.3895603,34.95,256,1380,100,"102동 3,4라인옆 단독 출입구",101동~102동 사이 도로화단,사각 중
2319S-1,2319,S-1,4548,(주)포스코오앤엠,127.1156064,37.3801023,35.373,0,2333.9,100,B4 기계실,주차장 입구 앞,사각 중
2475S-2,2475,S-2,678,LG에클라트,127.1236941,37.3881482,32.725,0,753.2,80,B5 기계실,주차장 입구 우측 차도,사각 중
2477S-1,2477,S-1,680,아름빌딩,127.1215304,37.387275,33.325,0,441.2,65,B1 기계실,건물 정면 감자탕집 앞 보도,사각 중
2531S-1,2531,S-1,721,젤존타워3,127.107561,37.3652212,40.57,0,637,80,B3 기계실,건물 앞 주변(2019년 3월 시점 도로포장으로 확인 불가),사각 중
2594S-1,2594,S-1,786,한국유치원,127.136433,37.4113177,56.24,0,89.7,32,B1 기계실,놀이터 안 나무옆,사각 중
2432S-1,2432,S-1,614,크리스탈빌딩,127.1154638,37.3769192,41.365,0,0,,,,
2247S-1,2247,S-1,4469,구미교회,127.1118519,37.3490883,52.561,0,270.4,50,B1성가대실내기계실,공영주차장모퉁이 놀이터방향,사각 중
2248S-1,2248,S-1,4470,성남농협야탑역지점,127.1291275,37.4095,30.71,0,284.6,50,B3 기계실,중앙대로 방면화단,사각 소
2249S-1,2249,S-1,4471,분당프라자(태경이엔씨),127.1268166,37.366199,70.95,0,237,50,B2 기계실,건물 뒷면 주차장 앞 보도,사각 중
2250S-1,2250,S-1,4472,정일빌딩,127.1222822,37.3839481,36.57,0,359.8,125,B2 기계실,정문 앞 보도,사각 중
2252S-1,2252,S-1,4474,새롬교회,127.1430226,37.3658799,89.03,0,0,,,,
2525S-1,2525,S-1,714,LG에클라트2,127.1250725,37.3869004,33.183,0,1125,100,B6 계단 기계실,참치마을앞 차도,사각 중
2526S-1,2526,S-1,715,백궁 동양파라곤,127.1075244,37.3684123,42.19,0,996,150,B동 B1 방재실 지하 기계실,건물측면 젤존타워 중간길 보도(맨홀),사각 중
2526S-2,2526,S-2,716,백궁 동양파라곤,127.1075244,37.3684123,42.19,0,3079.8,150,B동 B1 방재실 지하 기계실,건물측면 젤존타워 중간길 보도(맨홀),사각 중
2527S-1,2527,S-1,717,연정교회,127.124944,37.3647689,76.81,0,558.2,65,1층 전기실내기계실,교회측면입구앞보도,사각 중
3696S-1,3696,S-1,805,서울시니어스타워(주)분당본부,127.123924,37.3474158,88.91,0,3188.2,150,B3방재실내B4기계실,정은 약국앞 보도,육각 대
18496S-3,18496,S-3,50984,산성역포레스티아아파트,127.1483181,37.4540421,92.483,1105,7126.1,200,"122동 11, 12 주차 라인 앞, P3","3번 주출입구, 유치원 뒷편",육각 대
18496S-4,18496,S-4,50985,산성역포레스티아아파트,127.1483181,37.4540421,92.483,0,749,100,"138동 22, 23 주차 라인 앞,","3번 주출입구, 유치원 뒷편 구석",사각 중
2830S-1,2830,S-1,4355,스카이빌,127.14518,37.37014,66.849,15,251,50,지하주차장우측끝,경비실옆화단,사각 중
2695S-3,2695,S-3,5440,분당청솔6단지,127.1106751,37.3546728,46.78,390,939,80,605동~606동 동지하 기계실,606동 앞 장비반입구 옆 주차라인,사각 중
2757S-3,2757,S-3,4269,하얀마을그랜드빌,127.1185185,37.3440718,54.64,108,1029.4,100,2주차장 3번 게이트 옆 기계실,307동 3호라인 앞 화단,사각 중
2495S-1,2495,S-1,693,정자유스센터,127.1067243,37.3727559,41.91,0,551.2,65,B1 기계실,주차장 입구 오른쪽 보도,사각 중
2496S-1,2496,S-1,694,파크뷰타워,127.1079224,37.3726551,40.54,0,3447,150,B3 주차장 기계실,상가정문 앞 횡단보도(맨홀),사각 중
2488S-1,2488,S-1,686,천사의도시오피스텔2,127.1079372,37.3505207,52.565,0,475,80,B4 주차장,1~2차 사이 보행통로,사각 중
2764S-3,2764,S-3,4282,매화마을1단지,127.1353627,37.415632,35.18,89,493,80,관리소지하기계실,관리소후문왼쪽화단,사각 중
2824S-1,2824,S-1,4348,신안시네하우스,127.1392749,37.3683888,73.49,16,257,50,201동 B1 주차장 기계실,경비실 앞 화단,사각 중
2649S-2,2649,S-2,5349,이매촌삼성아파트,127.1266079,37.4008789,28.314,716,4970.8,150,이매중학교정문앞 단독출입구,이매중학교 앞 로터리,육각 대
2632S-2,2632,S-2,5308,매화주공4단지아파트,127.1416744,37.4135895,43.48,99,550,65,관리소 지하 기계실,관리소 앞 화단,사각 중
2632S-1,2632,S-1,5307,매화주공4단지아파트,127.1408905,37.4133532,44.98,188,678,80,2동 3동 사이 (2동 동지하),402동 출입구 앞보도,사각 중
2737S-1,2737,S-1,4242,쌍용빌라,127.1356246,37.3703047,58.21,18,260,65,B1 주차장 기계실,경비실 맞은편 분리수거장,사각 소
2675S-2,2675,S-2,5390,까치신원아파트,127.1131462,37.3488425,53.15,232,1326.7,100,306동 B1주차장기계실 B-61기둥,306동 1호라인 앞 보도,사각 중
2837S-1,2837,S-1,4362,건영퓨처힐(석류빌라),127.1363848,37.3687149,69.29,8,205,50,B1 주차장 기계실,정면입구 1호라인 좌측화단,사각 중
2631S-1,2631,S-1,5306,뽀뽀뽀유치원,127.1386875,37.414986,38.4784,0,113.5,32,B1 기계실,정문앞보도,사각 중
2418S-1,2418,S-1,598,사단법인 성남시새마을회,127.1484964,37.4059258,54.7,0,0,,,,
2434S-1,2434,S-1,616,*****,127.1269428,37.399615,32.38,0,0,,,,
2689S-9,2689,S-9,5429,"느티3,4단지아파트",127.1141138,37.3679446,46.38,0,0,,,,
2634S-6,2634,S-6,6147,목련주공1단지,127.1395278,37.4084889,40.479,90,398,80,11동 동지하 기계실,110동 1번 라인 주차장 앞,사각 중
2672S-1,2672,S-1,5384,청솔마을 성원아파트,127.1098423,37.3516126,52.65,454,3531.2,150,"705동3,4호라인 맞은편 기계실",기계실 뒤 주차보도라인,육각 대
2870S-1,2870,S-1,4403,삼성아데나루체,127.1066073,37.3615213,45.18,259,2115.7,125,B2 기계실,B동 정면 깐부치킨 앞,사각 중
2750S-1,2750,S-1,4258,신성은하수빌라,127.1253354,37.3412747,90.28,17,261,65,B1 주차장 기계실,2동 뒤편 2호라인 화단,사각 중
3686S-1,3686,S-1,5224,푸른마을,127.1248386,37.3665051,68.83,336,1560,100,610동 611동 지하 주차장,610동 옆 화단 603동 방향,사각 중
2489S-1,2489,S-1,687,천사의도시오피스텔3,127.1073592,37.3506729,53.61,0,778.2,80,B4 주차장,주차장 입구 우측 보도,사각 중
2490S-1,2490,S-1,688,라비앙오피스텔,127.1291246,37.4090886,30.86,0,464,65,B2 기계실,건물 뒤 백엽상 앞 화단,사각 중
2795S-1,2795,S-1,4319,아델리아빌,127.1267743,37.344359,101.005,16,257,50,주차장 입구 들어와서 좌측 끝,건물 정문 입구 왼쪽 차도,사각 중
26613S-2,26613,S-2,59902,e편한세상 금빛 그랑메종 4단지,127.1664217,37.4457602,80.423,515,2195.5,100,P6 403동,커뮤니티 우측 화단,사각 중
2479S-1,2479,S-1,547,로얄팰리스하우스빌,127.1123972,37.3763141,38.57,0,3240.4,150,지하2층 A-12번기둥뒤 중앙감시실안,주차장 입구 좌측 보도,육각 대
2621S-2,2621,S-2,5167,아름마을건영아파트,127.1208235,37.4036641,34,162,1329,100,111~2동사이B1주차장(27번기둥),111동 출입구 앞 화단,사각 중
2502S-1,2502,S-1,656,(주)티맥스소프트,127.1208947,37.3856896,33.727,0,327,65,지하 2층 기계실,주차장 입구 왼쪽 보도,사각 중
2707S-1,2707,S-1,5460,두원빌리지,127.1478242,37.4084877,66.71,124,711.1,80,503-506동사이 단독출입구,503동6호라인뒤 화단,사각 중
3668S-3,3668,S-3,5153,시범삼성/한신아파트,127.1306594,37.3834121,44.505,108,1370,100,108동 공동구,108동 옆 화단,사각 중
3686S-3,3686,S-3,5228,푸른마을,127.1224612,37.3677231,62.47,220,1650,100,기둥48앞,507동 앞 보도 주차장 경계석,육각 중
2485S-1,2485,S-1,553,월드비터빌딩,127.1060599,37.3636736,43.75,0,695.9,80,지하 2층 기계실,건물 주차장출입구 횡단보도,사각 중
2325S-1,2325,S-1,4554,AK플라자분당점,127.1232432,37.3856294,33.466,0,3598.1,100,A동 B6 기계실,건물뒤삼성디지털프라자사이도로(맨홀),사각 중
2325S-3,2325,S-3,4556,AK플라자분당점,127.1231703,37.3840315,34.848,0,91.1,25,C동 B4기계실,C동 주차장 건물 정면 소화전 앞,사각 중
3672S-10,3672,S-10,5185,시범한양아파트,127.1230436,37.3826168,42.91,387,940,80,31동 동지하 좌측 기계실,331동 330동 사이 차도,사각 중
2767S-1,2767,S-1,4285,분당풍림빌라,127.1263878,37.3413302,94.301,16,257,65,B1 주차장 기계실,1동 1호라인 기계실 환기구 옆,사각 중
3704S-1,3704,S-1,813,성남시한마음복지관,127.1437428,37.4086722,51.238,0,1906.5,125,B2계단 기계실,가나안복지관 외부 차단밸브 뒤,사각 중
2677S-3,2677,S-3,5396,무지개LG아파트,127.1135378,37.3377263,55.7,260,1988.8,125,3동 B1 주차장 기계실,3동 4동 사이 놀이터,사각 중
2475S-1,2475,S-1,677,LG에클라트,127.1236941,37.3881482,32.725,0,1078.8,100,B5 기계실,주차장 입구 우측 차도,사각 중
2779S-3,2779,S-3,4301,무지개신한건영아파트,127.1147652,37.3388684,54.4,482,2287,125,5.6동 B1 주차장 기계실,312동 측면 도로,사각 중
2844S-1,2844,S-1,4370,건영퓨처힐(보람빌라),127.1374352,37.3688625,67.94,10,220,50,경비실 내부 기계실,주차장끝 대진고 방향 화단,사각 중
2722S-1,2722,S-1,4226,매화마을건영빌라,127.1406557,37.4097361,54.85,136,610.7,65,920동 5.6호 지하 주차장,921동3.4호 뒤편 화단,사각 중
3673S-2,3673,S-2,5189,시범현대아파트,127.1282414,37.3776077,51.503,150,1510,100,9동 B1주차장,11동 뒤 놀이터 뒤,사각 중
2692S-2,2692,S-2,5434,한솔마을주공7단지,127.1158759,37.368363,49.42,450,1008,100,관리소 지하 기계실,복지관 뒤 보도,사각 중
795S-3,795,S-3,882,여수지구휴먼시아3단지,127.1333716,37.4183276,35.381,360,2283.4,125,"323동 3,4호라인 입구 옆 기계실","322동, 323동 사이 놀이터 화단",사각 중
11807S-2,11807,S-2,6478,성남여수 LH 1단지,127.1251394,37.4306183,24.307,316,754.4,80,"106,7동 B1주차장기계실36번기둥",104동뒤 지하주차장 승강기앞 보도,사각 중
2275S-1,2275,S-1,4500,태영대중사우나,127.125718,37.3863779,34.84,0,0,,,,
2385S-1,2385,S-1,563,모텔라스베가스,127.1066614,37.3650992,43.57,0,150.2,40,B1 기계실,건물뒤편 보도,사각 중
2493S-1,2493,S-1,691,대덕글로리상가통합관리단,127.116446,37.3798874,36.84,0,0,,,,
2468S-1,2468,S-1,670,시그마3관리단대표,127.1297119,37.4132999,32.47,0,2149,125,B5 기계실,CU편의점사이도로,사각 중
2469S-1,2469,S-1,671,한화오벨리스크,127.1259749,37.3860788,34.059,0,1245.9,100,B4 주차장 기계실,금화빌딩 사이 보도,사각 중
2470S-1,2470,S-1,672,젤존타워2,127.1060996,37.3646626,40.57,0,793.3,80,B2 주차장 열교환실,주차장 입구 앞 도로,사각 중
3703S-1,3703,S-1,812,성남시도서관사업소(구미도서관),127.1075078,37.3457898,69.07,0,544.7,150,1층주차장 후문 로비 기계실,정문입구 오른쪽 보도,사각 중
2362S-1,2362,S-1,533,서현빌딩,127.1239773,37.3879053,33.91,0,726.6,80,B4 기계실,주차장출구 좌측 보도,사각 중
2364S-1,2364,S-1,535,은성빌딩,127.1241018,37.3864129,33.943,0,0,,,,
2365S-1,2365,S-1,536,금호프라자,127.1266396,37.4109621,28.61,0,774.9,80,B3 주차장 기계실,건물뒤 중앙통로 상가앞,사각 중
2366S-1,2366,S-1,537,시그마2오피스텔관리단,127.106041,37.3436123,58.514,0,4900.5,200,B2F 주차장 B5 기둥,정문 우측 샛길옆 20M 화단내,육각 대
2367S-1,2367,S-1,520,(주)신도리코,127.1296946,37.4095069,32.45,0,183.2,50,B1 주차장 엘리베이터 맞은편,건물정면입구 우측횡단보도,사각 중
3685S-2,3685,S-2,5222,효자촌삼환아파트,127.1353347,37.3739973,52.32,166,960,100,510동 B1 주차장 기계실,"510동 3,4호 라인앞 보도",사각 중
2411S-1,2411,S-1,589,골든호텔(구조아텔2),127.107429,37.3676818,43.03,0,233,50,B1 기계실,건물주차장 입구앞도로,사각 중
2412S-4,2412,S-4,592,분당코오롱사우나,127.1046981,37.3512967,52.27,0,9998.8,250,B4계단 기계실,삼라마이더스빌 쪽 주차장도로 앞,육각 대
2412S-1,2412,S-1,590,분당코오롱사우나,127.1046981,37.3512967,52.27,0,750,100,B4계단 기계실,삼라마이더스빌 쪽 주차장도로 앞,육각 대
2326S-1,2326,S-1,4558,나우빌딩,127.1204208,37.3841106,34.907,0,684.6,80,B5 기계실,주차장 입구 오른쪽 보도,사각 중
2327S-1,2327,S-1,4559,한국정보통신기술협회,127.1206752,37.3840636,34.002,0,1167.8,100,B5 기계실,주차장 입구 왼쪽 차도,사각 중
2579S-1,2579,S-1,770,이매2동사무소,127.1219436,37.3995023,31.765,0,88.4,32,동사무소 좌측 기계실입구,뒤편 파출소 사이 환기구,사각 중
2580S-2,2580,S-2,772,분당구청,127.11839,37.3824103,36.487,0,291.9,125,별관 B1 기계실,별관건물 측면 입구 보도,사각 중
2580S-1,2580,S-1,771,분당구청,127.1189376,37.3825678,36.572,0,857.6,125,B1 기계실,"정문앞 보도,맨홀",사각 중
2424S-1,2424,S-1,604,정자아이파크,127.1107015,37.3759993,38.66,0,5281.7,200,B2주차장 42번기둥 엘리베이터홀 안,건물 정문 앞 로얄팰리스 방향 보도,사각 중
2292S-1,2292,S-1,4519,동양생명보험(주)분당,127.120982,37.3847556,34.651,0,619.3,125,B3 기계실,건물 정문앞 보도,사각 중
9821S-3,9821,S-3,6153,산들마을 2단지,127.1363573,37.419402,44.916,401,1830.7,100,9동 B2 주차장 A45기둥,209동 측면 보도,사각 중
2428S-1,2428,S-1,608,BCIS 분당어학학원,127.1429569,37.3701493,62.324,0,0,,,,
2429S-1,2429,S-1,609,분당오피스텔,127.1074379,37.3645707,40.57,0,264,65,B1 기계실,건물입구앞도로,사각 중
2431S-1,2431,S-1,612,현대카스올림픽파크,127.1296851,37.3806514,48.359,0,1010,125,B4 기계실,건물 측면 우성아파트방향 보도,사각 중
2431S-2,2431,S-2,613,현대카스올림픽파크,127.1296851,37.3806514,48.359,0,1000,100,B2 주차장 기계실,건물 측면 우성아파트방향 보도,사각 중
2304S-1,2304,S-1,4531,분당퍼스트타워,127.1215311,37.3832933,34.966,0,3626,300,지하 6층 기계실,주차장 입구 차도(맨홀),사각 중
3671S-4,3671,S-4,5180,시범한양아파트,127.1251081,37.3827439,41.96,293,1958,100,324동 지하 주차장 기계실,325동 뒤도로 옆 보도,사각 중
2538S-1,2538,S-1,728,동부루트빌딩,127.1138941,37.3774042,37.84,0,717.4,80,B6 기계실,정문 앞 차도,사각 중
2782S-1,2782,S-1,4304,한화빌라,127.1371087,37.3680411,72.932,6,188,50,주차장 안 기계실,5-6호 라인 입구 우측,사각 중
2849S-1,2849,S-1,4375,건영퓨처힐(옴니빌라),127.1330777,37.3707544,56.251,13,192,50,B1 주차장 기계실,인입로 담벼락 밑 차도,사각 중
63S-1,63,S-1,5954,정자역 엠코헤리츠 3단지,127.1070186,37.3620642,42.918,0,733.8,80,B4 03번기둥 앞 기계실,주차장 입구 왼쪽 차도,사각 중
2642S-6,2642,S-6,5339,효자촌그린타운아파트,127.1376163,37.3703177,60.4,326,1464.3,100,16동앞 B1 주차장,16동1호라인옆 화단,사각 중
2872S-1,2872,S-1,4406,더샵스타파크,127.1057989,37.3605331,45.6,378,2726.9,125,B3 기계실,아데나루체 사이 도로(맨홀),사각 중
2551S-1,2551,S-1,742,더샵스타파크,127.1057989,37.3605331,45.6,0,2649.9,300,B3 기계실,아데나루체 사이 도로(맨홀),사각 중
2552S-1,2552,S-1,743,호텔 에스알,127.1201963,37.3856936,34.203,0,373.7,65,B2 기계실,정면 입구 오른쪽 카페앞 보도,사각 중
2553S-1,2553,S-1,744,사단법인금융결제원분당센터,127.1051316,37.3695733,42.55,0,1609,100,B2 기계실,아이파크3차-성원상떼뷰사이 횡단보도,사각 중
2764S-1,2764,S-1,4280,매화마을1단지,127.1343133,37.4162045,34.68,237,927.5,80,1-3동 지하공동구 기계실,5동측면 장비반입구앞 주차장,사각 중
2283S-1,2283,S-1,4509,국민은행 야탑지점,127.129131,37.4106811,30.45,0,319.5,125,B2 기계실,주차장옆 담벼락 밑,사각 중
2284S-2,2284,S-2,4511,다두프라자,127.1245388,37.3864935,33.884,0,192.5,50,B2 기계실,건물 뒤편 주차장 앞 차도,사각 중
2284S-1,2284,S-1,4510,호텔앤유,127.1245388,37.3864935,33.884,0,815.1,125,B3 기계실,건물 뒤편 주차장앞 측면보도,사각 중
2683S-2,2683,S-2,5405,정든우성6차아파트,127.1219177,37.3626806,79.91,368,1326.1,100,612동 B1 주차장 기계실,612동 측면 백엽상 앞,사각 중
2689S-8,2689,S-8,5428,"느티3,4단지아파트",127.1133188,37.3678486,46.31,0,0,,,,
2889S-1,2889,S-1,4423,서기빌딩,127.1201001,37.3732748,41.48,0,185,50,B2 기계실,정문 앞 보도,육각 중
2809S-1,2809,S-1,4333,성지빌라,127.1097743,37.3444945,59.28,12,233,50,B1주차장 기계실,경비초소옆보도,사각 중
2832S-1,2832,S-1,4357,두앙노빌리티Ⅱ,127.1449625,37.3693378,73.79,10,220,50,B1 주차장 기계실,뒷편 담 아래,사각 중
3668S-1,3668,S-1,5151,시범삼성/한신아파트,127.1309907,37.3823176,47.58,120,580,65,103동 1라인 지하 공동구,103동 측면 주차장,사각 중
2757S-2,2757,S-2,4268,하얀마을그랜드빌,127.117358,37.342885,55.1,108,1020.5,100,3주차장 5번 게이트 13번 기둥 옆,205동 뒤 보도,사각 중
2397S-1,2397,S-1,575,알파마이티 분당빌딩,127.1230259,37.3860671,33.892,0,586.8,65,B5 기계실,분당스퀘어 사이 차도(맨홀),사각 중
2230S-1,2230,S-1,4447,금강산사우나,127.1143122,37.3627446,60.716,0,135,40,B3 주차장 기계실,주차장 리프트앞 차도,사각 중
2230S-2,2230,S-2,4448,금강산사우나,127.1143122,37.3627446,60.716,0,1200,100,B3 주차장 기계실,주차장 리프트앞 차도,사각 중
2305S-1,2305,S-1,4532,중소기업은행,127.1249268,37.3853038,33.95,0,429.9,65,B3 기계실,정문앞 보도,사각 중
2295S-1,2295,S-1,4522,흥국생명보험(주) 분당영업소,127.1159972,37.3788838,37.19,0,861.6,80,B2 기계실,정문 앞 보도,사각 중
2296S-1,2296,S-1,4523,동남빌딩,127.115542,37.3794641,36.68,0,195.6,100,B3 기계실,건물앞 화단,사각 중
2869S-1,2869,S-1,4401,분당하우스토리,127.104573,37.3514705,51.32,212,1995.8,125,B2주차장101동입구옆기전실(B17),상가 왼쪽 트리폴리스 사이 보도,사각 중
3685S-3,3685,S-3,5223,효자촌삼환아파트,127.1356737,37.3749117,48.833,80,670,80,513동 B1 주차장 기계실,513동 상가 주차장,육각 소
2667S-2,2667,S-2,5379,정든마을신화아파트,127.11768,37.3618448,70.69,282,1854.8,100,506~507동 지하 주차장 내,505동 뒤 백엽상 앞 차도,사각 중
2277S-1,2277,S-1,4503,관보빌딩,127.1158638,37.3379604,53.183,0,0,,,,
2300S-2,2300,S-2,51054,분당서울대병원 HIP 임상연구센터,127.1204994,37.3539102,58.41,0,1212,125,B3 기계실,기존건물 지하주차장분기,사각 중
2300S-1,2300,S-1,4527,분당서울대병원 HIP 임상연구센터,127.1204994,37.3539102,58.41,0,4200,300,B4 주차장 기계실 B6 기둥,건물 전방 공사장 안(맨홀),사각 중
2624S-2,2624,S-2,5288,아름마을 두산삼호아파트,127.1226679,37.4007974,33.67,566,4350,150,408동지하주차장 들어와서 우측정면끝,408동 1호라인 도로옆 화단,육각 대
2806S-1,2806,S-1,4330,한일인텔빌라,127.1325841,37.3708195,56.73,13,240,65,B1 주차장 기계실,102동 뒤편 화단,사각 중
2698S-3,2698,S-3,5450,한솔6단지아파트,127.1160045,37.3653326,60.87,118,456,65,8동 동지하 기계실,8동 장비반입구 옆 화단,사각 중
3671S-1,3671,S-1,5176,시범한양아파트,127.1276392,37.3799811,50.652,235,1914,100,17동 동지하 우측 기계실,316동 317동 사이 주차장,사각 중
2642S-1,2642,S-1,5334,효자촌그린타운아파트,127.1358283,37.3726377,51.495,308,1377.3,100,7동뒤 B1주차장,7동옆 차도,사각 중
2634S-3,2634,S-3,5316,목련주공1단지,127.1416678,37.4078865,46.35,298,832,80,3~4동 동지하 기계실,104동 1번 라인 앞 주차장,사각 중
2715S-1,2715,S-1,4218,대원빌라1단지,127.1452619,37.4079011,55.73,172,735.6,80,103동 B1 주차장 전기실,103동 1호라인 옆 화단,사각 중
2692S-4,2692,S-4,6157,한솔마을주공7단지,127.1157744,37.36906,46.107,108,440,65,711동 B1 주차장 기계실,711동 측면 차도,사각 중
2694S-1,2694,S-1,5437,한솔종합사회복지관,127.1158759,37.368363,49.42,0,188.9,50,관리소 지하 아파트 S-2 기계실,관리소앞 보도,사각 중
2325S-4,2325,S-4,4557,AK플라자분당점,127.1235115,37.3845669,33.33,0,2203.2,125,A동 B6 기계실,건물뒤삼성디지털프라자사이도로(맨홀),사각 중
3707S-1,3707,S-1,816,서현초등학교,127.1289039,37.3827328,46.47,0,600,65,B1 기계실,건물뒤 주차장,사각 중
2662S-1,2662,S-1,5372,정든우성4차아파트,127.1206846,37.3630916,74.16,270,2254.2,125,406동지하주차장입구옆출입구B2기계실,상가 주차장,사각 중
785S-1,785,S-1,864,도촌섬마을4단지,127.1560631,37.4147741,61.57,458,1348.3,100,401동 B1주차장 기계실,401동옆 보도,사각 중
2569S-1,2569,S-1,760,메이트호텔,127.1217215,37.3862915,33.84,0,322,65,B4기계실,호텔 뒤면 보도,사각 중
3693S-2,3693,S-2,799,탄천종합운동장,127.1200168,37.4110718,28.788,0,119.1,40,기계실위치- 야구장  B1 주차장,사송교 삼거리 앞 보도,사각 중
2307S-2,2307,S-2,4535,성남기독교청년회분당주공지회,127.1112827,37.340607,54.507,0,1626.1,250,B2주차장(C3),정문 왼쪽 우체통 앞 차도,사각 중
2307S-1,2307,S-1,4534,성남기독교청년회분당주공지회,127.1112423,37.3412849,56.516,0,3800,250,B2주차장(J9),후문 자동차 정비소 뒤편 담벼락 아래 보도,사각 중
2308S-1,2308,S-1,4536,네오위즈타워,127.1112084,37.335563,55.21,0,0,,,,
2410S-1,2410,S-1,588,한솔노블빌리지3차(에코비엠플렉스),127.1113495,37.3396594,54.19,0,368,65,B1 주차장,105동 입구 앞 경계 보도,사각 중
2464S-1,2464,S-1,666,한라시그마파크,127.1200927,37.3845815,35.015,0,880.5,80,B4 기계실,주차장 입구 왼쪽 보도,사각 중
2466S-1,2466,S-1,668,분당세종그랑시아오피스텔1,127.1104176,37.3388664,54.323,0,667.2,80,B2주차장내,건물앞 보도,사각 중
2487S-1,2487,S-1,683,풍림아이원플러스,127.1220431,37.3894385,32.159,0,3138.8,150,B5 주차장(B5-66) 기계실,주차장 출구 우측 50M 차도,육각 대
2781S-1,2781,S-1,4303,성원빌라,127.1188642,37.3507483,51.8,18,267,65,B1 주차장 기계실,사동 2호라인 앞 보도 건너편 화단,사각 중
3686S-9,3686,S-9,5234,푸른마을,127.1272058,37.3691005,65.9,440,2320,125,"6,9동 B1주차장 7번 기둥뒤",306동 1호라인 삼거리 보도,사각 중
2765S-1,2765,S-1,4283,극동빌라,127.1247983,37.3443394,99.57,12,233,50,B1 기계실,경비실 앞 도로,사각 중
2513S-1,2513,S-1,702,분당클리닉운영위원회,127.1071955,37.3706019,40.81,0,1145.2,100,B4 주차장 기계실,건물정문 입구 차도,사각 중
2514S-1,2514,S-1,703,젤존타워1,127.1062734,37.3684579,42.31,0,1414,100,B1 주차장 기계실,젤존타워1 입간판 앞 도로,사각 중
2515S-1,2515,S-1,704,분당포스빌,127.107555,37.3403361,57.178,0,3018.3,125,지하4층 주차장,외부인입밸브 상태 확인불가(아스콘매립),사각 중
2516S-1,2516,S-1,705,퍼스티플러스,127.1111833,37.3774088,38.17,0,580.8,80,지하 5층 주차장 기계실,주차장 입구 좌측 보도,사각 중
2517S-1,2517,S-1,706,대림아크로텔,127.1073558,37.3632659,42.311,0,3096.9,125,B4 주차장기계실(A동 다-01기둥),아데나팰리스쪽 건물 끝 자전거 도로,육각 중
2371S-1,2371,S-1,541,삼성생명보험(주),127.1247272,37.3872018,33.169,0,1001.2,100,B4 주차장 기계실,주차장 입구 좌측 보도,사각 중
2387S-1,2387,S-1,565,농협성남농산물유통센터,127.1072809,37.3392634,59.35,0,3088.3,125,지하1층 주차장(C12),정문앞 축산조합 하역장 입구,사각 중
3705S-1,3705,S-1,814,한국잡월드,127.1059414,37.3788638,47.293,0,3138.1,125,1층 중앙통제실 내 기계실,건물2층 1.5출입문 옥외백엽상앞 화단,사각 중
2857S-1,2857,S-1,4385,SK뷰아파트,127.1452642,37.4127662,47.93,175,1121.6,100,지하3층 주차장 101동 입구 옆,아파트 단지입구 오른쪽 보도,사각 중
2729S-1,2729,S-1,4234,금성백조빌라,127.1097361,37.3473207,62.69,112,547,65,B1주차장 기계실,206동4호라인앞 화단,사각 중
3697S-1,3697,S-1,806,서현유스센터,127.1396185,37.3721522,51.751,0,357.1,65,B2 기계실,주차장 입구 차도,사각 중
2448S-2,2448,S-2,635,아이파크분당3,127.1058228,37.3691165,42.01,0,420,100,302동 B3 주차장 기계실,정문입구 주차장 입구 차도(맨홀),사각 중
2761S-1,2761,S-1,4274,청솔9단지현대아파트,127.1151343,37.3520149,50.5,600,1470.1,100,1~3동 B1 주차장 기계실,2동 입구 앞 주차장,사각 중
2634S-5,2634,S-5,5318,목련주공1단지,127.1403138,37.4078887,45.7,279,670,80,복지관 지하 기계실,복지관 앞 차로,사각 중
3678S-2,3678,S-2,5207,양지마을1단지 금호,127.1177761,37.3782698,40.19,318,2090,125,관리소옆 놀이터 단독 출입구,관리소 옆 놀이터(확인불가),사각 중
3678S-1,3678,S-1,5206,양지마을1단지 금호,127.1178974,37.3776769,40.81,282,2950,125,9~10동 사이 단독 출입구,109동 측면 화단,사각 중
2688S-2,2688,S-2,5417,한솔5단지아파트,127.1171586,37.3642416,67.28,237,750.8,80,3동 동지하 기계실,3동 장비반입구 옆 화단,사각 중
2287S-1,2287,S-1,4514,국민은행 수내역지점,127.1144613,37.3773367,34.974,0,274.5,125,B3 기계실,건물뒤 육교 및 화단,사각 중
2692S-5,2692,S-5,6158,한솔마을주공7단지,127.1166148,37.3674281,53.835,140,478,65,712동 B1 주차장 기계실,712동 뒤 자전거 보관소옆 화단,사각 중
2675S-1,2675,S-1,5389,까치신원아파트,127.1148592,37.3488407,51.96,218,1448.8,100,302동 B1주차장기계실 A-24기둥,302동 4호라인 앞 화단,사각 중
2870S-2,2870,S-2,4404,삼성아데나루체,127.106153,37.3606316,45.24,0,361.8,65,B2 기계실,B동 정면 깐부치킨 앞,사각 중
2537S-1,2537,S-1,727,두산위브파빌리온운영위원회,127.1077994,37.3713481,40.94,0,9075.6,200,B4 A동기계실,주차장 입구 좌측 보도(맨홀),사각 중
2539S-1,2539,S-1,729,대정빌딩,127.1246002,37.3867163,33.444,0,189.1,50,B2 기계실,주차장 입구 차도,사각 중
2755S-1,2755,S-1,4264,무지개12단지아파트,127.1188616,37.3350856,72.79,532,2027.9,125,6-8동 동지하기계실,1208동앞 장비반입구옆 화단,사각 중
2322S-2,2322,S-2,4551,마징가제트,127.1266457,37.4112761,28.73,0,0,,,,
2329S-1,2329,S-1,4562,*****,127.1336115,37.4118578,46.82,0,0,,,,
23604S-1,23604,S-1,52180,미금3 D16-7-2 업무시설,127.1182599,37.3548649,48.381,0,431.9,80,지하7층,정문 주출입구,사각 중
2620S-3,2620,S-3,5165,탑마을대우아파트,127.122457,37.4063176,29.084,166,1680,100,210동B1주차장초입,210동212동사이보도,사각 중
2621S-1,2621,S-1,5166,아름마을건영아파트,127.1225318,37.4037777,31.61,544,4635,150,104~105동사이기계실출입구,기계실 입구 환기구 옆 단지내 도로,육각 대
3687S-1,3687,S-1,5235,아름다운유치원,127.1255273,37.3676023,64.94,0,60,25,B1 기계실,주차장 놀이터앞,사각 중
2650S-1,2650,S-1,5350,아름마을풍림아파트,127.1222275,37.3959791,33.79,496,3217.1,125,"501,2동앞 주차장뒤기계실출입구",501동 옆 기계실 입구 옆 화단,사각 중
2822S-1,2822,S-1,4346,삼익파크빌라2,127.1097991,37.3441134,58.92,12,235,50,B1주차장 기계실,주차장입구 왼쪽화단,사각 중
2777S-1,2777,S-1,4296,무지개삼성건영아파트,127.1212166,37.3387331,70.94,248,1904.1,100,1동 B1.5 주차장 기계실,1001동 3호라인 앞 주차장,사각 중
783S-1,783,S-1,862,늘푸른중학교,127.1050576,37.3575214,46.522,0,634.2,80,급식소 옆 B1 기계실,건물우측 도로측 화단,사각 중
2663S-2,2663,S-2,5374,한솔마을엘지아파트,127.1203444,37.365406,67.147,330,2661.1,125,205동 B1 주차장,208동 2호라인 뒤 차도,사각 중
2448S-1,2448,S-1,634,아이파크분당3,127.1058228,37.3691165,42.01,307,3711.1,150,302동 B3 주차장 기계실,정문입구 주차장 입구 차도(맨홀),사각 중
2850S-1,2850,S-1,4376,구미동현대노블리스(84번지),127.119855,37.3494417,51.957,24,313.1,50,"5,6동 B1 주차장 기계실",106동 4호라인 옆 화단 백엽상 옆,사각 중
2738S-2,2738,S-2,4244,까치주공2단지,127.118127,37.3472072,52.27,177,661,80,8동 동지하 기계실,205동 앞 장비반입구 앞 주차장,사각 중
22855S-1,22855,S-1,50845,모란드림씨티,127.1282023,37.4286816,25.973,0,734.7,100,지하5층,공영주차장 쪽 도로,사각 중
2649S-1,2649,S-1,5348,이매촌삼성아파트,127.1270134,37.403138,31.29,446,3221.5,125,B1주차장(5번주차장),1006동옆(상가옆) 화단(키없음),사각 중
2632S-3,2632,S-3,5309,매화주공4단지아파트,127.1419067,37.4134163,44.07,178,662,80,1동 5동사이 (5동 동지하),관리소 앞 주차장,사각 중
3681S-3,3681,S-3,5214,양지마을2단지 청구,127.1164658,37.3770422,40.49,128,580,65,601동 B1 기계실(청구상가기계실),청구상가(601동)111동 사이 도로,사각 중
3682S-1,3682,S-1,5215,청구문화시장,127.1164658,37.3770422,40.49,0,634.8,80,601동 B1 기계실(청구상가기계실),청구상가(601동)111동 사이 도로,사각 중
2825S-1,2825,S-1,4350,목련마을SK아파트,127.154523,37.4057745,75.47,272,1059,100,1-2동사이 기계실출입구,601동 4호라인뒤 화단,사각 중
2702S-1,2702,S-1,5455,분당미원빌라,127.1480911,37.4082115,66.45,108,599.3,65,놀이터지하기계실(상가방면),놀이터뒤3호라인화단,사각 중
2883S-7,2883,S-7,4417,분당테크노파크관리공단,127.1506296,37.4047274,71.54,0,162.7,40,B1 기계실,상가 정면 부동산 앞,사각 중
2642S-4,2642,S-4,5337,효자촌그린타운아파트,127.136758,37.3704064,56.737,296,1213.3,100,관리소B2 기계실,관리소뒤편 백엽상,사각 중
2446S-1,2446,S-1,630,아이파크분당1,127.1054601,37.3710091,41.49,540,6548.9,200,103동 B3 주차장 기계실,102동 건너편 엘리트 부동산 앞 차도(맨홀),사각 중
2446S-2,2446,S-2,631,아이파크분당1,127.1054601,37.3710091,41.49,0,628.1,125,103동 B3 주차장 기계실,102동 건너편 엘리트 부동산 앞 차도(맨홀),사각 중
2358S-1,2358,S-1,6003,(주)월드쇼핑센터,127.1060684,37.3399504,60.15,0,4589.5,200,B4주차장(25),하나로클럽 입구 맞은편 건널목 차도,사각 중
2358S-1,2358,S-1,529,(주)월드쇼핑센터,127.1060684,37.3399504,60.15,0,4589.5,200,B4주차장(25),하나로클럽 입구 맞은편 건널목 차도,사각 중
2359S-1,2359,S-1,530,홈플러스(주)(오리점),127.1072965,37.3404782,57.106,0,1302.8,80,B3주차장(177),하나로클럽 입구 맞은편 건널목 차도,사각 중
2499S-1,2499,S-1,653,서현리더스빌딩,127.1195841,37.3856618,34.25,0,415,65,지하 2층 기계실,주차장 입구 앞 차도,사각 중
2760S-1,2760,S-1,4273,목련마을한일아파트,127.144037,37.4065059,55.79,278,1230.2,100,B1주차장 기계실,303동 1호라인앞 화단,사각 중
2876S-1,2876,S-1,4410,(주)신한은행분당지점,127.1187859,37.3739984,40.69,0,0,,,,
2754S-1,2754,S-1,4263,무지개금강아파트,127.1174822,37.3365114,64.48,216,958.4,80,1103동 뒷편 단독 출입구 기계실,기계실 맞은편 화단,사각 소
2614S-2,2614,S-2,5273,효자촌임광아파트,127.1374194,37.3759918,50.852,142,1060,100,303동 B1 주차장 기계실,303동 주차장 입구 화단,사각 중
2614S-5,2614,S-5,5276,효자촌임광아파트,127.1381833,37.3758255,56.12,108,820,80,315동 B1 주차장 기계실,315동 주차장 입구 정면 화단,사각 중
3705S-2,3705,S-2,56838,한국잡월드,127.1059414,37.3788638,47.293,0,500.9,100,별관 1층 기계실,기계실 옆 진입로,사각 중
2342S-1,2342,S-1,512,스포렉스분당점,127.1233949,37.3951358,32.66,0,3226.3,150,B4 주차장 기계실,후문 앞 횡단보도,사각 중
795S-1,795,S-1,880,여수지구휴먼시아3단지,127.1294539,37.4185161,31.133,340,2112.9,125,302동출입구옆140번기둥(B1주차장,302동 정면 3호라인 단지 밖 보도,사각 중
2232S-1,2232,S-1,4450,남서울 사우나,127.1261478,37.390989,34.99,0,300,65,B2주차장내,정문오른쪽 보도,사각 중
2280S-1,2280,S-1,4506,(재)기독교대한감리회,127.1224036,37.4144886,27.469,0,1340,100,B2 기계실,"외부인입밸브 상태 확인불가(건물정면 다리방향 끝 화단 위치, 한쪽매몰)",사각 중
2282S-1,2282,S-1,4508,롯데쇼핑(주) 분당점 사무실,127.1143545,37.3789726,37.31,0,5526.1,200,오렌지동 B6 중앙감시반 기계실,오렌지지하주차장 출구,육각 대
2491S-1,2491,S-1,689,성우스타우스오피스텔,127.111063,37.3375042,52.4,0,1521.8,100,B4 B동 엘리베이터 입구 옆,C동 상가앞 대로변 인도,육각 대
2492S-1,2492,S-1,690,한솔인피니티운영위원회,127.1127654,37.3765846,38.54,0,1191.3,100,B5 기계실,주차장출구 좌측 10M 보도,사각 중
2494S-1,2494,S-1,692,비즈니스호텔갤러리,127.1213355,37.3853378,34.46,0,0,,,,
2840S-1,2840,S-1,4366,신안연립,127.1451013,37.3685879,78.03,15,251,50,B1 주차장 기계실,103동 4호 라인 뒤 화단,사각 중
2713S-1,2713,S-1,5466,분당매화연립,127.1416396,37.4117652,53.11,252,1066.9,100,B1 주차장 기계실,아파트 단지 입구 경비실 앞 보도,사각 중
2615S-3,2615,S-3,5279,이매촌동신9단지아파트,127.1274447,37.3978554,30.201,96,740,80,905동~910동 B1주차장,905동909동사이도로,사각 중
2890S-1,2890,S-1,4424,주식회사 케이티(수내점),127.1141534,37.3597648,62.121,0,305.7,65,B2층 기계실,꿈나무유치원앞 차도,사각 중
3668S-5,3668,S-5,5155,시범삼성/한신아파트,127.1286288,37.3841244,50.13,364,1970,100,112동 4라인 지하공동구,112동옆 4호라인 화단,사각 중
799S-1,799,S-1,887,수진삼부아파트,127.1238683,37.4386966,22.932,834,4671.6,150,101동 뒤 기계실 출입구,기계실 출입구 우측 도로(맨홀),사각 중
2604S-1,2604,S-1,5241,샛별라이프아파트,127.1304659,37.3736044,46.897,796,4780,150,"6동, 8동 사이 단독출입구",동별 안내표지판 옆 도로,육각 대
786S-2,786,S-2,866,도촌휴먼시아섬마을8단지,127.1609549,37.4120362,81.55,297,942.7,100,808동 B1 주차장 기계실,아파트 단지 입구 사거리 중앙,사각 중
2697S-4,2697,S-4,5446,매화주공2단지아파트,127.1344255,37.4143097,37.4,177,709.3,80,212동 동지하기계실,212동 장비반입구앞 도로,사각 중
2762S-1,2762,S-1,4276,청솔화인아파트,127.1064865,37.3546265,49.94,176,528,80,1~2동 B1 주차장 기계실,1~2동 사이 도로 옆 화단,사각 중
3668S-8,3668,S-8,5158,시범삼성/한신아파트,127.1263363,37.3833054,44.83,300,2210,125,127동 1라인 지하 공동구,128동 측면 장비 반입구 옆 화단,사각 중
2818S-1,2818,S-1,4342,우방도모스빌,127.1248689,37.3450004,106.92,15,256,50,B1 주차장 기계실,빌라 오른쪽 끝 화단 백엽상 옆,사각 중
2820S-1,2820,S-1,4344,청구빌라,127.1197523,37.346068,50.525,16,257,50,B1기계실,501동화단왼쪽환기구앞,사각 중
2821S-1,2821,S-1,4345,현대타운하우스2차,127.1244935,37.3380608,104.57,12,233,65,B1 기계실,주차장 입구 왼쪽 화단,사각 중
2439S-1,2439,S-1,621,후너스빌딩,127.1113814,37.3772482,38.26,0,813.5,200,B1 기계실,다운타운빌딩 주차장 입구,사각 중
2440S-1,2440,S-1,622,분당서현프라자,127.136222,37.374274,49.4,0,413.4,65,B1 헬스장내 기계실,주차장 건너편 보도,사각 중
2441S-1,2441,S-1,623,포레스트하우스,127.143269,37.4092303,57.59,0,1521.7,100,B2주차장 기계실,건물정문입구왼쪽보도,사각 중
21891S-1,21891,S-1,49846,시티파크 오피스텔,127.1270524,37.4185902,27.785,0,392,65,지하1층,주차장 앞 도로,사각 중
2816S-1,2816,S-1,4340,801동 청구연립,127.1260729,37.3452505,108.1965,12,233,50,B1 주차장 기계실,802동 1호라인 뒤 화단,사각 중
2259S-1,2259,S-1,4482,（주）뉴코아 성남지점,127.127786,37.4106801,28.384,0,1499.9,300,B7 기계실,건물뒤편 차도,육각 대
2260S-1,2260,S-1,4483,골드프라자(미금사우나),127.1115718,37.3505943,51.67,0,0,,,,
2373S-1,2373,S-1,544,아르노호텔,127.106869,37.3677318,43.11,0,150.5,40,B2 기계실,건물입구 앞 차도,사각 중
2626S-5,2626,S-5,5291,장미동부아파트,127.1236991,37.4159955,29.64,526,2360,125,137동 옆 단독출입구 지하기계실,기계실 뒤편 화단,사각 중
9821S-2,9821,S-2,6152,산들마을 2단지,127.1368071,37.4202315,45.039,456,1882.7,100,6동 B2 주차장 C11 기둥,206동 1-2호 라인 앞 녹지,사각 중
9931S-1,9931,S-1,5834,수내동 시립보육시설,127.1148272,37.3790179,36.294,0,122.2,40,지하 2층 기계실,건물 뒤편 보도,사각 중
10887S-1,10887,S-1,6148,국립국제교육원,127.1057562,37.3671587,41.798,0,685.2,125,B1 주차장 기계실,차량 출입구 옆 보도,사각 중
11426S-1,11426,S-1,45080,호텔스카이파크 센트럴 서울 판교,127.1210231,37.3866575,33.298,0,1420.6,150,지하6층,주차장 입구 앞 보도,사각 중
11516S-1,11516,S-1,6380,분당세무서,127.1190406,37.3854885,33.732,0,250.8,80,B2 기계실,건물뒤 주차장 앞 보도,사각 중
2742S-1,2742,S-1,4249,까치마을건영6단지빌라,127.1084179,37.3469758,67.44,136,599.5,65,605동지하주차장,"604,605동사이화단(맨홀)",사각 중
2673S-1,2673,S-1,5385,청솔대원아파트,127.1121815,37.3518118,51.87,342,2316.8,125,10동~11동 B1 주차장 기계실,811동 진입로 보도,사각 중
2659S-5,2659,S-5,5369,상록마을우성아파트,127.1122287,37.3640091,53.36,224,1732.3,100,323동 지하 주차장,328동 측면 보도,사각 중
2630S-5,2630,S-5,5305,매화주공3단지아파트,127.1428093,37.4146108,42.51,267,792,80,315동 지하공동구,315동 앞 보도,사각 중
2836S-1,2836,S-1,4361,건영퓨처힐(하나빌라),127.1356905,37.3681551,68.361,11,227,50,지하주차장 내려와서 오른쪽,빌라입구앞,사각 중
2720S-1,2720,S-1,4223,청구2차빌라,127.1350268,37.3700247,58.661,16,257,65,B1 주차장 기계실,201동 202동 사이 보도방향 담벼락 사이,사각 중
2881S-4,2881,S-4,4415,분당테크노파크 D동,127.1500463,37.404035,85.69,0,2586.3,125,B2 주차장 기계실,화물하역장 앞,사각 중
2238S-2,2238,S-2,4459,차의과학대학교 분당차병원,127.1252933,37.4106636,30.41,0,910.4,80,B4 주차장 기계실,병원 뒤편 주차 출구 앞,육각 대
2452S-1,2452,S-1,641,윈앤윈(주),127.1273445,37.3436576,97.003,0,0,,,,
2338S-1,2338,S-1,508,동양프라자,127.1112405,37.3505734,52.69,0,822.8,200,B4 엘리베이터 입구 옆,건물옆 아궁이 생삽겹 간판 밑,육각 대
2339S-2,2339,S-2,5581,(주)트리플에스,127.1099844,37.338627,54.008,0,0,,,,
2339S-1,2339,S-1,509,(주)트리플에스,127.1099844,37.338627,54.008,0,729.6,80,B4주차장 E/V옆 관리실내,주차장 입구 앞 차도,사각 중
2408S-1,2408,S-1,586,노블빌리지1,127.1108119,37.3382304,52.917,0,1172.8,100,B1주차장내,건물왼쪽 상가쪽 인도,사각 중
2409S-1,2409,S-1,587,한국디자인진흥원,127.1234095,37.4125254,27.373,0,2836.8,125,B4 주차장 기계실,성남대로방향 925표지판 횡단보도 앞 보도,사각 중
2368S-1,2368,S-1,538,공평저축은행,127.1244657,37.3871462,33.525,0,488.9,65,B5 계단 기계실,주차장 입구,사각 중
2369S-1,2369,S-1,539,현대오피스빌딩,127.114648,37.3800626,0,0,759,80,B5 기계실,주차장 입구,사각 중
2370S-1,2370,S-1,540,유니퀘스트(주),127.1207426,37.3843151,34.394,0,577,65,B4 기계실,주차장 입구 보도,사각 중
2700S-1,2700,S-1,5453,두원빌라,127.1458397,37.408811,63.09,18,267,50,B1 주차장기계실,1동1호라인뒤 화단,사각 중
2869S-2,2869,S-2,4402,분당하우스토리,127.104573,37.3514705,51.32,0,574.3,65,B2주차장101동입구옆기전실(B17),상가 왼쪽 트리폴리스 사이 보도,사각 중
2740S-2,2740,S-2,4247,화이트빌,127.1138519,37.3435446,56.46,96,1040.2,100,113동 1.2호 B1주차장기계실,108동측면화단,사각 중
3677S-7,3677,S-7,5204,양지마을6단지 한양,127.1157374,37.375878,41.25,142,1310.4,100,28동 B1 주차장 기계실,528동 앞 2호라인 앞 보도,사각 중
3731S-1,3731,S-1,842,청솔초등학교,127.1138322,37.3543394,46.827,0,0,,,,
2647S-2,2647,S-2,5346,한솔마을청구아파트,127.1224733,37.365223,74.42,470,2561.4,125,115동 B1 주차장 기계실,꿈나무유치원 옆 주차장 입구,사각 중
3668S-2,3668,S-2,5469,시범삼성/한신아파트,127.1312414,37.3832363,47.56,72,450,65,106동 4라인동 지하,107동 뒤 백엽상 앞,사각 중
2687S-4,2687,S-4,5413,한솔4단지아파트,127.1178617,37.3684496,56.66,267,792,80,11동 동지하기계실,11동 장비반입구앞 화단,사각 중
2505S-1,2505,S-1,660,두산위브센티움,127.1164101,37.3809902,36.49,0,148.9,80,1동 B4 주차장 기계실,주차장 입구,사각 중
3715S-1,3715,S-1,824,이매고등학교,127.1216813,37.3929389,34.36,0,0,,,,
2676S-1,2676,S-1,5393,해나무유치원,127.1133481,37.3486684,52.63,0,32.8,20,B1 기계실,외부인입밸브 상태 확인불가,사각 중
2474S-1,2474,S-1,676,하나님의교회,127.1173527,37.380219,36.55,0,1304.7,100,B6 기계실,주차장입구차로,사각 중
2605S-10,2605,S-10,5243,파크타운아파트,127.1215509,37.3695728,55.13,120,1100,100,21동 B1주차장 기계실,124동 뒤편 화단 담장앞,사각 중
2681S-2,2681,S-2,5401,이매촌삼환아파트,127.1270601,37.404487,29.131,344,2393.1,125,1104동 B1 주차장,1104동 1.2호라인 앞 보도,사각 중
2636S-3,2636,S-3,5322,장미마을현대아파트,127.1321596,37.4158858,32.88,590,2992.4,125,관리소 앞 단독 출입구,기계실 입구 앞,사각 중
2267S-1,2267,S-1,4492,*****,127.1102078,37.3503419,53.89,0,0,,,,
796S-1,796,S-1,883,성남시청사,127.1264297,37.4188551,25.87,0,3819.3,250,지하2층 주차장 2-008 기둥 뒤,주차장 입구 오른쪽 20M 택시정류장 앞 도로,육각 대
2812S-1,2812,S-1,4336,삼성파크빌라,127.1346573,37.3714013,58.18,16,257,50,B1주차장 우측,101동 1호라인 뒤편 차로측 화단,사각 중
2855S-2,2855,S-2,5470,분당두산위브(아파트),127.1058859,37.3545629,47.223,241,2013.3,125,"B2주차장109동1,2라인옆(G04)",109동 상가 앞 도로(맨홀),사각 중
2506S-2,2506,S-2,662,분당두산위브(상가),127.1058859,37.3545629,47.223,0,1407.3,200,B2 주차장 H-01기둥뒤,109동 상가 앞 도로(맨홀),사각 중
2540S-1,2540,S-1,730,관보빌딩(새천년부페웨딩홀),127.1301457,37.4117577,35.23,0,1094.9,100,B5 기계실,정문 앞 보도,사각 중
2290S-1,2290,S-1,4517,에스앤로지스틱스(주),127.1191488,37.415317,27.34,0,0,,,,
2518S-1,2518,S-1,707,동양그라테아,127.1171494,37.379748,36.82,0,845.4,80,B4 기계실,정문앞보도,사각 중
2520S-1,2520,S-1,709,폴라리스,127.1072216,37.3701834,41.16,0,1026.4,100,B4 기계실,동양파라곤방향 출입구 앞 보도,사각 중
3673S-9,3673,S-9,5196,시범현대아파트,127.1281609,37.3790768,50.721,176,1410,100,26동 B1주차장,29동 주차장 앞 보도,사각 중
2663S-1,2663,S-1,5373,한솔마을엘지아파트,127.120572,37.3640604,73.47,268,2211.2,125,211동 B1 주차장,211동 경비초소앞 화단 백엽상,육각 중
2560S-1,2560,S-1,751,가온그룹 주식회사,127.1290786,37.4087285,31.26,0,551,80,B2 방재실내 기계실,라비앙오피스텔 뒤 동물병원 앞 화단,사각 중
2286S-1,2286,S-1,4513,여의도순복음교회,127.1118419,37.3597438,50.408,0,514.8,65,B2 주차장 기계실,건물 옆 주차장 안 입구 왼쪽,사각 중
2638S-2,2638,S-2,5326,분당탑마을경남아파트,127.1319409,37.4069297,35.25,308,2541.6,125,712동B1주차장기계실(D-03기둥),712동옆 주차램프711동옆 주차장 램프 옆 화단옆 화단,사각 중
2639S-1,2639,S-1,5327,탑마을벽산아파트,127.1332419,37.4087035,38.49,280,1418.8,100,603동B1주차장기계실(2A-28기둥,603동 입구 좌측 화단,사각 중
2640S-3,2640,S-3,5331,이매한신아파트,127.1265529,37.3880781,36.97,333,1260,100,208동 B1 주차장 기계실,209동 11호 라인 뒤 화단,사각 중
2640S-4,2640,S-4,5332,이매한신아파트,127.1255289,37.388999,36.95,365,1420,100,212동 B1 주차장 기계실,관리소옆 벤치옆 화단,사각 중
2697S-5,2697,S-5,5447,매화주공2단지아파트,127.1352763,37.4147421,38.17,320,1247.8,100,209동 동지하,209동 장비반입구앞 화단,사각 중
2871S-1,2871,S-1,4405,야탑진흥더블파크,127.1364093,37.4096063,40.54,142,784.9,80,"B1주차장 101동1,2라인앞",상가앞 도로,사각 중
2769S-1,2769,S-1,4287,목련영남아파트,127.1466164,37.4055965,56.19,294,1273,100,관리소뒤 기계실출입구,기계실입구뒤편 환기구앞,사각 중
3723S-2,3723,S-2,833,야탑중학교,127.1315162,37.4167261,32.71,0,399.6,65,첼린지홀(별관) B1 기계실,체육관 건물 뒤 정자 옆,사각 중
2799S-1,2799,S-1,4323,동문빌라,127.1451491,37.3699853,66.79,18,267,50,지하주차장 좌측관리소옆,빌라입구앞차로,사각 중
3711S-1,3711,S-1,820,매송초등학교,127.1229272,37.4019019,33.28,0,511.6,65,B1 기계실,정문 20M 안 화단,사각 중
2675S-3,2675,S-3,5391,까치신원아파트,127.1136847,37.3497421,52.71,242,2276.7,125,310동 B1 주차장 기계실,310동 1호라인 옆 쉼터 울타리,사각 중
2575S-1,2575,S-1,766,서현2동주민센터,127.1347258,37.3760387,48.332,0,80.8,32,B2 주차장 기계실,건물뒤 화단,사각 중
2403S-1,2403,S-1,581,브리즈호텔,127.1296088,37.4104398,33.22,0,219.5,50,B1 주차장 기계실,정문 옆 고시텔 입구 앞 차도,사각 중
2789S-1,2789,S-1,4311,분당하얀6단지,127.1132965,37.3452147,54.26,288,819,100,"610,614동 지하 공동구 기계실",613동 1호라인 앞 화단,사각 중
2423S-1,2423,S-1,603,(주)파인디지털,127.1242473,37.4122371,27.718,0,966.7,100,B1 기계실,건물옆 백엽상 앞 화단,사각 중
2772S-1,2772,S-1,4290,청솔마을한라아파트,127.1071985,37.3560195,48.53,768,3410.6,150,303동 옆 기계실 출입구,303동 옆 기계실 출입구 옆 화단,육각 대
2689S-2,2689,S-2,5422,"느티3,4단지아파트",127.1114867,37.3678154,42.85,0,0,,,,
2276S-1,2276,S-1,4502,투아이인베스트,127.1434171,37.4116844,56.47,0,580,80,B2 기계실,정문 우측 정자앞 보도,사각 중
2692S-1,2692,S-1,5433,한솔마을주공7단지,127.1159146,37.3693441,48.62,520,1071,100,복지관 B1 기계실,기계실 위치-708동 앞 경로식당 B1층,사각 중
2643S-1,2643,S-1,5340,세화유치원,127.1371073,37.3720364,54.95,0,0,,,,
2808S-1,2808,S-1,4332,한성빌라,127.1341529,37.3718719,52.97,18,268,50,B1 주차장 기계실,빌라 외곽 담벼락 안,사각 중
3675S-2,3675,S-2,5199,양지마을5단지 한양,127.113887,37.3750959,40,230,752,80,6~7동 사이 단독 출입구(7동벽면),506동 뒤 놀이터 옆 주차장,사각 중
3726S-1,3726,S-1,836,계원예술고등학교,127.1161161,37.3585774,70.942,0,1014,100,본관동 B1 기계실,본관뒤편 외기센서앞 화단,사각 중
3669S-8,3669,S-8,5174,분당시범우성아파트,127.1307475,37.3815104,51.88,360,1819,100,230동 B1주차장,29동 30동 사이 화단,사각 중
62S-1,62,S-1,5959,AK와이즈플레이스 관리단,127.1050318,37.368446,41.262,0,1540.5,100,B4주차장기계실 15-16기둥사이,주차장 출입구 우측 차도,사각 중
65S-1,65,S-1,5957,도촌종합사회복지관,127.1593094,37.4151552,64.053,0,192.5,80,B2 기계실,건물정면 좌측 백엽상 앞 화단,사각 중
2374S-1,2374,S-1,545,호텔 블리스,127.106968,37.3668993,43.27,0,385.5,65,B2 기계실,건물주차장 입구앞도로,육각 대
3676S-5,3676,S-5,5202,양지마을5단지 한양,127.1158404,37.3734593,40.95,218,1891.4,100,20동 지하 주차장 기계실,520동 옆 백엽상 뒤,사각 중
2818S-1,2818,S-1,4342,우방도모스빌,127.1248717,37.3450018,106.92,15,256,50,B1 주차장 기계실,빌라 오른쪽 끝 화단 백엽상 옆,사각 중
2589S-1,2589,S-1,781,사회복지법인분당사회관,127.1059115,37.3527456,51.55,0,3103.8,150,B2 계단 기계실,정문 오른쪽 20M 화단 옆보도,사각 중
2549S-1,2549,S-1,740,타임브릿지,127.1069128,37.3641292,40.57,0,2782.9,125,B4 주차장 기계실,대명제스트빌딩 건물출입구 주변,육각 대
2839S-1,2839,S-1,4364,신안씨네하우스,127.1435445,37.3679771,76.015,11,228,50,B1 주차장 기계실,101동 1호 라인 뒤쪽 화단,사각 중
2375S-1,2375,S-1,546,성남종합버스터미널(CGV/홈플러스),127.1273651,37.4125072,28.091,0,13183.1,250,B4 주차장 기계실,중앙문앞 주차장입구차도(맨홀),사각 중
2253S-1,2253,S-1,4475,주영빌딩,127.1337139,37.3774522,51.94,0,473,65,지하 3층 기계실,상록프라자 정면 신호등 앞,사각 중
2254S-1,2254,S-1,4476,우성프라자,127.1332767,37.377715,52.42,0,1330,200,B3 기계실,후문 앞 보도(맨홀),사각 중
2254S-2,2254,S-2,4477,우성프라자,127.1325719,37.3778475,49.028,0,0,,,,
2255S-1,2255,S-1,4478,(재)기독교대한감리회삼성교회,127.139046,37.3755221,53.524,0,289.4,50,지하 1층 기계실,주차장 입구 차도,사각 중
2256S-1,2256,S-1,4479,현대수내프라자,127.1152679,37.3783797,37.53,0,445.8,65,B4 기계실,정문 앞 보도,사각 중
2257S-1,2257,S-1,4480,평림빌딩,127.1141826,37.3631289,61.51,0,0,,,,
3673S-6,3673,S-6,5193,시범현대아파트,127.1316203,37.3771036,51.28,150,1130,100,20동 B1주차장,20동 주차장입구 좌측 화단,사각 중
2443S-1,2443,S-1,625,미도프라자,127.1097963,37.350994,51.96,0,793.3,80,B3 주차장 전기실,주차장 입구,사각 중
2855S-1,2855,S-1,4383,분당두산위브(아파트),127.1058762,37.3556921,47.87,415,3941.4,150,B2 주차장 H-01기둥뒤,108동 크린토피아앞 도로,육각 대
2497S-1,2497,S-1,695,덕성컨추리클럽,127.1114922,37.3771382,38.24,0,934,100,B3주차장 15번기둥뒤편,주차장입구앞차로,사각 중
2774S-1,2774,S-1,4292,신화빌라,127.1260037,37.3419342,94.47,16,255,65,B1 주차장 기계실,1동 4호라인 측면 화단,사각 중
60S-1,60,S-1,5503,정자 푸르지오시티 1차,127.1049211,37.3631079,43.231,0,1648,125,B4 주차장 기계실,정자1동사무소 옆 차도,사각 중
61S-1,61,S-1,5901,정자동푸르지오3차,127.1058631,37.3625818,43.453,0,3088.4,125,B3 기계실 67기둥,정자1동 주민센터 방면 상가 앞 도로,사각 중
2548S-1,2548,S-1,739,차의과학대학교 분당차병원(신관),127.1261818,37.4106414,27.989,0,1226,100,B5 주차장 기계실(엘리베이터옆),건물뒤 중앙통로 커피숍앞 보도,사각 중
3673S-1,3673,S-1,5187,시범현대아파트,127.1272518,37.3782459,54.28,226,860,80,2동 B1주차장,3동 5동 사이 차도,사각 중
3724S-1,3724,S-1,834,하탑중학교,127.1369775,37.4091841,40.54,0,528.5,65,B1 기계실,건물 뒤편 화장실 뒤,사각 중
2687S-2,2687,S-2,5411,한솔4단지아파트,127.1183632,37.3675725,59.44,267,792,80,5동 동지하기계실,405동 1-6라인 앞 공정구 옆 화단,사각 중
2263S-1,2263,S-1,4487,국민은행 서현동지점,127.1221191,37.3832504,36.61,0,299.4,50,미사용사용자,미사용사용자,사각 중
2264S-1,2264,S-1,4488,엘레강스프라자,127.111554,37.3496267,53.33,0,758.2,150,B3 엘리베이터 입구 옆 계단,주차장입구 왼쪽,사각 중
2265S-1,2265,S-1,4489,산호트윈스,127.121697,37.3844541,34.083,0,928.8,125,안마건물 B3 기계실,주차장 입구 오른쪽 소화전 앞,사각 중
2528S-1,2528,S-1,718,로잔티움파크,127.1424213,37.4111871,54.52,0,1012.2,100,B1 전기실 안 기계실,주차장 입구 왼쪽 보도,사각 중
2550S-1,2550,S-1,741,(주)휴맥스,127.1124188,37.3784488,37.45,0,2530.2,125,B6 기계실,한진모터스빌딩 방면 차도,육각 대
2480S-1,2480,S-1,548,분당소망교회,127.1454397,37.3778894,78.143,0,1104.3,100,B1 기계실,교회뒤편 화단,사각 중
2691S-1,2691,S-1,5431,청솔마을5단지,127.1119406,37.3552036,47.6,157,652.6,80,503동 동지하 기계실,503동 장비반입구 옆 화단,사각 중
2679S-1,2679,S-1,5398,무지개마을대림아파트,127.1169581,37.3352988,67.54,778,4045.3,150,관리사무소 B2,상가쪽 아파트 출구 초소앞 도로,육각 대
2598S-1,2598,S-1,790,중앙공원 야외공연장,127.1211012,37.3805119,41.946,0,90.3,25,B1 기계실,건물 왼쪽 산책로 사이 화단,사각 중
2599S-1,2599,S-1,791,분당소방서,127.1197699,37.3862515,34.316,0,330.8,100,B1 기계실,후문 정자앞 주차장,사각 중
2601S-2,2601,S-2,5237,샛별삼부아파트,127.1294556,37.3699974,60.09,156,690,80,7동 13동 사이 B1주차장소방펌프실,407동 옆 버스정류장 옆 보도,육각 소
2645S-1,2645,S-1,5342,미래타운아파트,127.1374221,37.3736064,50.308,160,1293,100,1동 B1주차장 출입구정면,1동 1-2라인입구앞계단,사각 중
2826S-1,2826,S-1,4351,분당테크노파크B동(목련SK기숙사),127.1539545,37.4057144,76.94,79,470,65,B1 기계실,정자옆화단,사각 중
2592S-1,2592,S-1,784,안디옥교회,127.118154,37.3462277,51.88,0,82.1,32,지하2층 예배실내,건물 뒤편 놀이터 앞 보도,사각 중
3729S-1,3729,S-1,840,성남금융고등학교,127.138211,37.4135073,45.63,0,0,,,,
2600S-1,2600,S-1,792,성마르코유치원,127.1332658,37.4109274,48.85,0,172.8,40,1층 기계실,유치원 주차장입구 좌측 보도,사각 중
23S-1,23,S-1,5793,구미동 엠코헤리츠,127.1080282,37.3488442,58.193,0,2742.5,125,B4주차장03기둥뒤 엘리베이터 입구옆,주차장 입구 왼쪽 20M 차보도 경계,육각 대
29S-1,29,S-1,5955,정자역 엠코헤리츠 4단지,127.1070185,37.3620286,42.897,0,728.4,80,B4 03번기둥 앞 기계실,주차장 입구 차도,사각 중
2450S-1,2450,S-1,639,바움하우스,127.1421348,37.4085677,46.96,0,1238.7,100,B2 기계실,정문 앞 출입구 보도,사각 중
2529S-1,2529,S-1,719,서영빌딩,127.1167826,37.3794625,36.84,0,1070,100,B5 기계실,주차장 입구 앞 보도,사각 중
2659S-1,2659,S-1,5365,상록마을우성아파트,127.1134281,37.3644451,56.31,586,3501.7,150,9동 지하 주차장,309동 1호라인 보도,육각 대
798S-2,798,S-2,886,연꽃마을4단지,127.1343339,37.4178278,35.644,206,1929.3,125,408동 B2 주차장 15번 기둥 앞,407동 뒤편 화단,사각 중
794S-1,794,S-1,879,도촌동주민센터,127.1529262,37.416594,53.189,0,286.8,80,B1 기계실,정문앞 보도,사각 중
2355S-1,2355,S-1,526,주식회사 금화,127.1259198,37.3860079,33.606,0,588.4,65,B2 계단 기계실,정문앞 보도,사각 중
2356S-1,2356,S-1,527,조일빌딩,127.1343143,37.411522,47.96,0,0,,,,
2438S-1,2438,S-1,620,노블리치2오피스텔,127.1302143,37.4103091,34.52,0,414,80,B2주차장 1호기E/V옆 기계실,지하주차장입구 좌측인도,사각 중
788S-1,788,S-1,869,동분당 포레스트 입주자대표회의,127.1539077,37.4147784,62.29,408,1438.9,125,303동-304동 B1주차장,306동정면 버스정류장앞보도(맨홀),사각 중
789S-1,789,S-1,870,동분당 더 퍼스트,127.1565113,37.4161142,59.6,313,2391.4,125,506동- 5075동 사이 B1주차장,관리소 정자옆 화단,사각 중
3691S-1,3691,S-1,796,성남시도서관사업소(분당도서관),127.1168412,37.3582685,71.461,0,832.8,200,B1 기계실,건물-부설주차장 사이 차도(맨홀),사각 중
2744S-1,2744,S-1,4252,매화마을청구빌라,127.13975,37.4126904,47.99,136,824.7,80,B1 주차장 기계실,4동 측면 보도 화단,사각 중
2804S-1,2804,S-1,4328,동부썬빌라,127.1246385,37.3434528,88.423,12,233,50,B1 기계실,정문 주차장 입구 오른쪽 도로,사각 중
2425S-1,2425,S-1,605,대경오피스텔,127.1382723,37.4118746,48.43,0,634,65,1층 관리실 옆 기계실,정문앞 보도,사각 중
2689S-5,2689,S-5,5425,"느티3,4단지아파트",127.1122772,37.3672212,44.03,0,0,,,,
2817S-1,2817,S-1,4341,803동 청구연립,127.12608,37.3448203,102.5055,12,233,50,B1 기계실,빌라울타리 옆 도로,사각 중
2558S-1,2558,S-1,749,분당경찰서,127.1058138,37.3653036,43.98,0,603.9,200,B2 기계실,경찰서 종합민원실 입구 좌측 보도,사각 중
2697S-2,2697,S-2,5444,매화주공2단지아파트,127.1368159,37.4144547,40.88,252,982.9,100,205동 동지하기계실,205동옆 장비반입구앞 도로,사각 중
2532S-1,2532,S-1,722,인텔리지2,127.105816,37.366378,44.09,0,4344.9,200,A동 B4 주차장 기계실(A32기둥),주차장 출차옆 횡단보도옆 차도(맨홀),사각 중
2533S-1,2533,S-1,723,브라운스톤야탑,127.1426094,37.4116898,55.06,0,1201,100,B4 기계실,건물 측면 로잔티움 방향 보도,사각 중
2534S-1,2534,S-1,724,하나EZ타워,127.1075165,37.3401527,57.746,0,1013,100,지하4층 주차장,주차장앞 보도,사각 중
2535S-1,2535,S-1,725,폴라리스2 대표위원회,127.1071832,37.3709528,40.94,0,1134.3,100,B4 기계실,파빌리온 부동산 앞 차도,사각 중
2536S-1,2536,S-1,726,(주)글라스타워,127.129573,37.4107512,31.45,0,853.7,80,B3 기계실,건물 정면 차도,사각 중
778S-1,778,S-1,857,수내고등학교,127.1297694,37.3660687,78.787,0,0,,,,
2854S-2,2854,S-2,4381,로얄팰리스,127.1099249,37.3747311,38.9,0,484.2,80,A동 B2주차장 B52기둥,입주민전용 주차장입구앞도로(맨홀),사각 중
3686S-4,3686,S-4,5229,푸른마을,127.1228503,37.3689867,59.84,180,1430,100,502앞 지하 주차장 기둥 12앞,503동 5호라인 옆 보도,육각 중
2687S-1,2687,S-1,5410,한솔4단지아파트,127.1190803,37.3683212,57.14,287,818,80,2-3동 동지하기계실,2-3동 장비반입구옆 분리수거장,사각 중
2570S-1,2570,S-1,761,서현어린이집,127.1261541,37.382384,44.373,0,48.3,25,B1 기계실,경찰서 사이 보도,사각 중
2572S-1,2572,S-1,763,서현1동우체국,127.1264512,37.3827147,44.723,0,23.9,20,지하 1층 기계실,건물뒤 주차장,사각 중
2573S-1,2573,S-1,764,수내1동행정복지센터,127.1179718,37.3755097,39.85,0,66.5,25,B1 기계실,건물 뒷면 화단,사각 중
2547S-2,2547,S-2,738,킨스타워,127.106555,37.3665711,43.99,0,2475,125,B6 기계실,백궁1차 건널목 앞 도로(맨홀),사각 중
2689S-1,2689,S-1,5421,"느티3,4단지아파트",127.1105002,37.3679584,42.8,0,0,,,,
2674S-1,2674,S-1,5388,즐거운유치원,127.1116152,37.3515984,52.44,0,34.5,20,지하1층,후면 환기구앞 발코니 나무마루,사각 중
2874S-1,2874,S-1,4408,빌라드Y 입주자대표,127.125613,37.3430006,88.564,36,444.2,65,B1 주차장 기계실,구미사거리 좌측 신호기 아래,사각 중
2615S-2,2615,S-2,5278,이매촌동신9단지아파트,127.1280557,37.3985031,30.015,174,970,100,903동 B1주차장,903동904동사이놀이터정자앞,사각 중
3675S-1,3675,S-1,5198,양지마을5단지 한양,127.1144156,37.3759168,40.55,360,910,80,11동 B1 주차장기계실,511동 뒤 1호라인 화단,사각 중
3676S-6,3676,S-6,5203,양지마을5단지 한양,127.1168458,37.3726953,42.06,280,2115.2,125,25동 B1 주차장 기계실,525동 옆 화단,육각 중
2380S-1,2380,S-1,558,(주)미금파크관리,127.1118546,37.3506804,51.618,0,576.2,80,B2 계단실 입구 옆,갈비이야기 앞,사각 중
2306S-1,2306,S-1,4533,애드파마주식회사,127.1054657,37.3520827,51.81,0,257.2,100,B1 주차장기계실(엘리베이터입구앞),주차장 입구 좌측 20M 보도,사각 중
2328S-1,2328,S-1,4560,대진의료재단분당제생병원,127.1214494,37.3885382,33.92,0,5448.7,250,B4 기계실(엘리베이터 입구옆),"주차장 출차 차단기 앞 보도,맨홀",사각 중
2271S-1,2271,S-1,4496,세광기업(주),127.1208556,37.3841949,34.519,0,251,100,B6 기계실,정문 앞 보도,사각 중
2412S-2,2412,S-2,5540,분당코오롱사우나,127.1062233,37.3509611,0,0,0,,,,
2350S-1,2350,S-1,521,(주)티맥스소프트,127.1213853,37.3858534,34.162,0,282.5,50,B1 기계실,정면앞 보도,사각 중
2542S-2,2542,S-2,733,필립주식회사,127.1149891,37.3656367,58.06,0,1496.9,125,B2 주차장 기계실,신기사거리 신호등 앞,사각 중
2449S-3,2449,S-3,638,위브제니스관리단위원회,127.1075339,37.3700519,41.09,0,80.8,32,B2 주차장 전기실 옆,국민은행 옆 보도,사각 중
2592S-1,2592,S-1,784,안디옥교회,127.1423143,37.413111,45.83,0,82.1,32,지하2층 예배실내,건물 뒤편 놀이터 앞 보도,사각 중
2507S-1,2507,S-1,663,한일빌딩,127.1435846,37.3705392,61.433,0,257.1,50,B1 주차장 기계실,홈플러스앞 보도,사각 중
2898S-1,2898,S-1,4432,*****,127.1240057,37.384181,32.222,0,0,,,,
2668S-1,2668,S-1,5380,예쁜유치원,127.1170598,37.3624074,69.76,0,30,25,B1 기계실,건물뒤편 아파트주차장 출입구사이 화단,사각 소
3669S-6,3669,S-6,5172,분당시범우성아파트,127.1320024,37.3795648,50.666,124,844.3,80,223동 B1주차장,23동 옆 놀이터,사각 중
3730S-1,3730,S-1,841,분당대진고등학교,127.1383446,37.369615,61.655,0,791.7,80,B1 기계실,뒤편 계단밑,사각 중
2655S-4,2655,S-4,5359,장안건영2차아파트,127.1396862,37.3700976,60.131,436,2193.6,125,"118동, 120동 B1주차장 기계실",118동 진입로 왼쪽화단,사각 중
21751S-1,21751,S-1,52176,파크리버스퀘어,127.1182599,37.3548649,48.381,0,813.2,80,지하2층,정문 주출입구,육각 대
18389S-1,18389,S-1,51002,모란프라임타워 관리단,127.1287399,37.4296245,26.603,0,258,50,지하4층(열량계는 지하3층 위치),주차장 우측보도,사각 중
26616S-2,26616,S-2,61634,신흥역 하늘채 랜더스원 1단지,127.1463517,37.437491,52.412,331,1564.1,100,P4 113동 좌측,103동 도보 인근,사각 중
26616S-3,26616,S-3,61635,신흥역 하늘채 랜더스원 1단지,127.1461908,37.4377359,52.453,466,2030.6,125,P2 104동 좌측,103동 도보 인근,사각 중
2461S-1,2461,S-1,650,미켈란스포츠센터,127.1078391,37.3591204,45.43,803,8451.8,200,D동B3기계실1~4ELV앞D325기둥,B동 뒤편 버스정류장 옆 보도,육각 대
44685S-1,44685,S-1,67903,라포르테블랑 서현 오피스텔,127.1203082,37.3861585,34.031,0,859.9,80,지하2층,주출입구 인근,사각 중
2449S-1,2449,S-1,636,위브제니스관리단위원회,127.1070966,37.3698643,41.09,157,1437.9,100,B2 주차장 전기실 옆,국민은행 옆 보도,사각 중
2272S-1,2272,S-1,4497,티앤에스산업 주식회사,127.1214923,37.3851351,33.986,0,842,200,B3 기계실,정문 앞 보도,육각 대
2904S-1,2904,S-1,4438,*****,127.1368808,37.3741316,51.06,0,0,,,,
2231S-1,2231,S-1,4449,대동빌딩,127.1362709,37.3747842,50.91,0,0,,,,
20930S-1,20930,S-1,52112,야탑시그너스,127.1272678,37.4185495,27.997,0,388,65,지하5층(열량계는 지하2층 위치),건물 서측 도로 인근,사각 중
770S-1,770,S-1,849,분당경영고등학교,127.1095195,37.3561194,44.898,0,848,80,B1 기계실,건물뒤 주차장,사각 중
771S-1,771,S-1,850,오리초등학교,127.1153385,37.3444503,54.06,0,450,65,본관 지하1층,본관건물 뒷편 보도,사각 중
44658S-1,44658,S-1,69788,판교디오르나인사이트A,127.0672037,37.3631856,108.433,0,508.9,65,지하3층,외부차단밸브 위치-101동 주차장 삼거리 건널목 도로,사각 중
44659S-1,44659,S-1,69791,판교디오르나인사이트B,127.0671514,37.3637041,112.01,0,481.2,65,지하3층,외부인입밸브위치 -102동 주차장 입구 차도,사각 중
2484S-1,2484,S-1,552,코오롱더프라우아파트,127.1049903,37.353281,48.886,0,0,,,,
2541S-1,2541,S-1,731,SK(주),127.1060733,37.3664183,43.98,0,4220.1,150,B6 기계실,인텔리지 건물사이 도로(맨홀),사각 중
3695S-3,3695,S-3,70017,분당서울대학교병원,127.1245188,37.3461339,119.79,0,819.4,80,B1층,외부차단밸브 위치- 기숙사 건물  끝 외부 보도,사각 중
2405S-1,2405,S-1,583,주식회사 케이티(KT인터넷운영국),127.1240773,37.4131121,27.159,0,496.7,65,B1 기계실,주차장 입구 왼쪽 50M,사각 중
790S-1,790,S-1,872,엘에이치 동분당 센트럴파크아파트,127.148954,37.413862,50.184,276,1454.2,100,101동 B1 주차장,102동 2호 라인 뒤 녹지,사각 중
767S-1,767,S-1,846,정자중학교,127.1104724,37.3659865,42.12,0,526.6,65,B1 기계실,건물 뒤편 출입구 앞,사각 중
768S-1,768,S-1,847,성은학교,127.1445883,37.4090822,56.11,0,740.4,80,B1 기계실,현관앞 보도,사각 중
769S-1,769,S-1,848,한솔고등학교,127.1159365,37.3670506,54.64,0,707.7,80,B1 기계실,본관 뒤편 출입구 앞,사각 소
2467S-1,2467,S-1,669,*****,127.1217587,37.3839331,34.25,0,0,,,,
2461S-2,2461,S-2,651,미켈란스포츠센터,127.1078391,37.3591204,45.43,0,1057,125,D동B3기계실1~4ELV앞D325기둥,B동 뒤편 버스정류장 옆 보도,육각 대
773S-1,773,S-1,852,불곡중학교,127.1192296,37.3474497,50.257,0,0,,,,
37880S-1,37880,S-1,68153,판교해링턴플레이스,127.0704634,37.3687521,117.523,596,2264.3,125,B2층,초등학교 앞 보도,사각 중
37880S-2,37880,S-2,68154,판교해링턴플레이스,127.0716596,37.3679428,117.077,527,1825.6,100,B2층,부출입문 도로,사각 중
26614S-2,26614,S-2,59904,e편한세상 금빛 그랑메종 5단지,127.1677079,37.4431068,116.291,330,3490.3,150,"505동 3,4라인",505동옆 분리수거장 횡단보도(맨홀),사각 중
26615S-1,26615,S-1,60356,e편한세상 금빛 그랑메종 6단지,127.1637766,37.4452513,67.679,908,2268.2,150,503동 P6,2번 주차장 입구 좌측 화단,사각 중
2603S-1,2603,S-1,5240,*****,127.1283298,37.3700378,63.87,0,0,,,,
2414S-1,2414,S-1,594,*****,127.1432372,37.3700779,64.27,0,0,,,,
21668S-1,21668,S-1,62355,더블트리바이힐튼 호텔,127.1047322,37.3804788,44.867,0,8438.9,250,방재실 호텔지하3층/ 기계실 지하 4층,호텔앞 도로 2차선,사각 중
2444S-2,2444,S-2,627,현대아리온오피스텔,127.110688,37.3506636,52.346,0,2252.4,125,B1 주차장 E-10기둥 전기실,건물 후면 제일포프 앞 차도,사각 중
2542S-1,2542,S-1,732,필립주식회사,127.1149891,37.3656367,58.06,0,253.6,50,B4 주차장 기계실,신기사거리 신호등 앞,사각 중
33296S-1,33296,S-1,61656,성남소방서,127.1365204,37.4281251,35.779,0,416.4,65,지하1층,성남소방서 북서측 도로 인근,사각 중
39973S-1,39973,S-1,69250,금곡공원 국민체육센터,127.109263,37.3571504,42.854,0,1810,125,지하1층,"출입문, 사거리 근처",사각 중
3725S-1,3725,S-1,835,장안중학교,127.1466617,37.3717108,72.55,0,0,,,,
2382S-1,2382,S-1,560,네오텔,127.1074359,37.3653166,40.57,0,182.5,50,B1 기계실,주차장 입구,사각 중
2435S-1,2435,S-1,617,아보키,127.1372406,37.3736929,49.893,0,230,50,B1 기계실,주차장 입구 앞,사각 중
2899S-1,2899,S-1,4433,*****,127.1219855,37.3831583,35.083,0,0,,,,
3714S-1,3714,S-1,823,분당고등학교,127.1158258,37.3754854,41.51,0,0,,,,
3721S-1,3721,S-1,830,하탑초등학교,127.1262942,37.4075141,30.82,0,0,,,,
3723S-1,3723,S-1,832,야탑중학교,127.1315162,37.4167261,32.71,0,0,,,,
2233S-2,2233,S-2,4452,신흥조합상가,127.1229213,37.3996344,30.801,0,0,,,,
26616S-1,26616,S-1,61633,신흥역 하늘채 랜더스원 1단지,127.1484068,37.4375694,64.124,470,1948.7,125,P4 113동 좌측,103동 도보 인근,사각 중
2430S-2,2430,S-2,611,오피스텔 트레벨,127.1161669,37.3790218,36.91,0,822,100,B4 기계실,주차장 입구 오른쪽 보도,사각 중
31909S-1,31909,S-1,61670,HD현대 글로벌 R&D센터,127.1049728,37.3762021,40.466,0,11787.5,250,방재실 정문오른쪽 철문안/기계실 지하5층,건물 남측 도로 인근,사각 중
2605S-3,2605,S-3,5252,파크타운아파트,127.1206735,37.3736589,44.52,223,1770,100,107동 5.6라인 지하 주차장,107동 벽면 백엽상 아래 화단,사각 중
3700S-1,3700,S-1,809,*****,127.1533473,37.4068085,74.39,0,0,,,,
35631S-1,35631,S-1,63160,패밀리판교101동,127.0673122,37.3625866,106.085,0,571.9,65,지하5층,"패밀리판교101동, 102동 통합관리(관리소 102동 주차장 출입구 정면)",사각 중
26617S-1,26617,S-1,61636,신흥역 하늘채 랜더스원 2단지,127.1503473,37.4390289,58.884,332,1207.4,100,지하3층,202동 출입구 근처,사각 중
26619S-1,26619,S-1,61637,신흥역 하늘채 랜더스원 3단지,127.1503024,37.4401432,44.335,400,1624.9,100,지하2층,301동 서측 인근,사각 중
26618S-1,26618,S-1,61638,신흥역 하늘채 랜더스원 4단지,127.1492349,37.4398099,54.494,412,1040.5,100,지하1층,401동 서측 인근,사각 중
2877S-1,2877,S-1,4411,*****,127.1255493,37.3919622,34.96,0,0,,,,
2886S-1,2886,S-1,4420,*****,127.136806,37.3746982,50.35,0,0,,,,
2895S-1,2895,S-1,4429,*****,127.1364349,37.3748931,50.3,0,0,,,,
2444S-1,2444,S-1,626,현대아리온오피스텔,127.110688,37.3506636,52.346,0,295.3,125,B1 주차장 E-10기둥 전기실,건물 후면 제일포프 앞 차도,사각 중
2763S-1,2763,S-1,4279,"주영교회
",127.1063641,37.3548181,49.02,0,0,,,,
25007S-1,25007,S-1,56887,힐스테이트 판교 엘포레 4단지,127.0708691,37.3661093,113.934,251,2165,125,지하2층,주출입구 왼쪽,사각 중
25008S-1,25008,S-1,56892,힐스테이트 판교 엘포레(대장A6),127.0681904,37.3724199,137.472,464,3796.1,150,지하2층,주출입구 앞,사각 중
2730S-1,2730,S-1,4235,정도연립,127.1395488,37.3755063,54.39,144,618.6,80,B1 주차장 기계실,101동측면 담장보도(맨홀),사각 중
772S-1,772,S-1,851,양영디지털고등학교,127.1403228,37.3744245,51.285,0,0,,,,
2333S-1,2333,S-1,4566,신한은행(베스타스전문투자형사모부동산투자신탁제66호),127.1220062,37.3852715,34.323,0,926.7,80,B4기계실,건물측면 단오학원방면 보도,사각 중
2622S-4,2622,S-4,5169,아름태영아파트,127.1214507,37.4043597,31.88,224,1806,100,306동 B1주차장기계실(17번기둥),306동 1호라인 앞 보도 경계,사각 중
2622S-3,2622,S-3,5168,아름태영아파트,127.1199988,37.404713,36.24,190,1642,100,305~307동 사이 기계실출입구,기계실 출입구 우측 화단 경계,사각 중
2902S-1,2902,S-1,4436,이랜드프라자,127.1224415,37.384125,36.54,0,0,,,,